feature,mean_importance,std_importance,min_importance,max_importance,selected_folds,stability,importance_cv
311X223,0.012836914347525912,0.0012346928565371033,0.011522708673716893,0.014263424067859827,5,1.0,0.09618299406031991
311X191,0.008264101105868135,0.0012010690629699705,0.006562694556161895,0.00951408575541418,5,1.0,0.14533571739239554
311X32,0.008103554932645259,0.0009936858243533402,0.006709147798029078,0.009331047303680033,5,1.0,0.12262344520275202
311X187,0.006792301528696337,0.0005650156298024979,0.005919026584228199,0.007390902883911252,5,1.0,0.08318470953213969
311X25,0.0062991846883842465,0.0007341411939820972,0.005668135992759446,0.007480996793889553,5,1.0,0.11654543090621151
311X129,0.0059972204031705665,0.0012387596948654472,0.0049519704672859625,0.007934185280970634,5,1.0,0.20655563934318522
311X154,0.005622016501508962,0.001483462819053585,0.003457171286246867,0.0070533088705268835,5,1.0,0.2638666781557033
311X26,0.005444234257233163,0.0005101773593701969,0.004906642822375123,0.006069843768053796,5,1.0,0.09370966331925742
311X205,0.005338337650222282,0.0010125745504178656,0.004380654836651956,0.006843715935140591,5,1.0,0.18967974987232653
311X193,0.005268493587803174,0.0007451843296181583,0.004118991301086538,0.006145801511220419,5,1.0,0.14144163166523643
311X88,0.005168284547325822,0.0009528945619065742,0.004284511917183115,0.006580519845620804,5,1.0,0.18437347111920302
311X190,0.004603824438082467,0.0010196599923153816,0.0034638341002900946,0.005946782529989918,5,1.0,0.22148107639799522
311X203,0.004179963987544029,0.0006919368473790147,0.0033369851887703784,0.005236498093413738,5,1.0,0.1655365570792946
311X1,0.00416802050030064,0.0007652386231720045,0.003262414421775072,0.005132907998430508,5,1.0,0.18359761496691535
311X196,0.004114158138810406,0.00044428827239734387,0.0036633482644816955,0.004674239711364286,5,1.0,0.10799008139677833
311X207,0.003933195629737296,0.00014699687988442616,0.0036999224357888434,0.004073036035139267,5,1.0,0.03737339651647861
311X87,0.0038401170919802274,0.00028881336775049603,0.003507794674766648,0.00418781791117083,5,1.0,0.07520952115716725
311X188,0.003836126084938697,0.0004286451820419363,0.0033020097907082505,0.004352979804296848,5,1.0,0.11173907542119986
311X30,0.0038312344476398074,0.000818474754119406,0.00247169292460963,0.004499301879120268,5,1.0,0.21363212434310486
311X66,0.0038277279006081293,0.0005809104244716037,0.0032306502014920425,0.004562646357408502,5,1.0,0.15176377198273366
311X63,0.003794239683946904,0.00048704929246849206,0.003315602107878997,0.0043812497420263295,5,1.0,0.12836545208274258
311X184,0.0037219702927399094,0.0002984621854283532,0.00337104093168874,0.004070126256444096,5,1.0,0.08018929810652854
311X183,0.003699358722524376,0.0008891996192307793,0.0030148805469618484,0.005260482196885214,5,1.0,0.24036588113943153
311X33,0.003509357592560393,0.00039037016795731246,0.0031104244872566006,0.004049599519874198,5,1.0,0.11123693084843636
311X83,0.00324135048501824,0.0002644101153692813,0.0029838464365739563,0.0036238047497748104,5,1.0,0.08157405887139642
311X197,0.003171635318096673,0.0009293002337685823,0.0021393500703057594,0.0041818076358893525,5,1.0,0.29300349512858254
311X68,0.003001695908336663,0.0009771102593493812,0.002117978049692811,0.004386716224545599,5,1.0,0.32551940265171975
311X61,0.0029869583780100404,0.0007401053640202123,0.0018780601801986045,0.0039017731762722887,5,1.0,0.2477789343236525
311X86,0.002914533817786128,0.0009751031416885545,0.002101124858203506,0.004110569876799474,5,1.0,0.3345657324006192
311X9,0.002837867720335959,0.0004243890463566942,0.002335619062019652,0.0035018334293449456,5,1.0,0.14954504156976992
311X192,0.00281025775636068,0.000688855568430156,0.0019713856178224746,0.0036931425045046693,5,1.0,0.2451218457189176
311X82,0.0027940864360722056,0.0004433027121795669,0.002389523498701173,0.0034417230232426724,5,1.0,0.15865747970348526
311X194,0.0027916928396260086,0.001068256583518464,0.001790987672744604,0.0044140631350018545,5,1.0,0.38265548701228835
311X29,0.002775387106113006,0.00044158841450079206,0.0022074896916730196,0.0034157783424077757,5,1.0,0.15910876481664504
311X7,0.0027317996568054855,0.0004460451207885302,0.0022030779942421534,0.0033745263199617933,5,1.0,0.16327885520962693
311X104,0.002685673683869609,0.00025475178964405815,0.002359643450016659,0.0029476752517322703,5,1.0,0.09485582372842384
311X127,0.002685617072689131,0.0007068082093813829,0.0017716019581029167,0.0033554399036464645,5,1.0,0.26318279560625035
311X65,0.0026564093803288875,0.0005843284901716385,0.0021483093208320256,0.0036259086778314287,5,1.0,0.21996929173594623
311X90,0.002621545012079787,0.00025482288815043214,0.0022686028491471946,0.0028874691005149906,5,1.0,0.09720332356645923
311X189,0.002556029935595413,0.0005690776653767269,0.002094566716382452,0.003455268268161129,5,1.0,0.22264123640692893
311X84,0.002541080100042283,0.00023296841784430046,0.0021925161980762046,0.0028311186993080022,5,1.0,0.09168086348350178
311X117,0.0025325326352688637,0.0008568400570200265,0.0013805397222559697,0.0035154131667774215,5,1.0,0.3383332734785183
311X133,0.0024162622198965287,0.00046226339939750365,0.0018811620363082778,0.0030786252519012956,5,1.0,0.19131342426319345
311X89,0.0024133377689067757,0.0006876331150218015,0.0016668352094658242,0.0035092929712193946,5,1.0,0.28493032496166665
311X135,0.0024038799428907137,0.0003089909546768356,0.002023653188283997,0.002847947799860707,5,1.0,0.12853843032473966
311X204,0.002356511310936017,0.000647283602606757,0.001302802804427224,0.0028989634006507097,5,1.0,0.2746787589468324
311X131,0.002222937254335985,0.0005393840758802966,0.0015195328699543224,0.002805940315468258,5,1.0,0.24264475957904247
210X193,0.0021616258729509957,0.0005550383607804542,0.001446828971579925,0.0028547763012659604,5,1.0,0.25676892910518384
311X80,0.0020576738641293855,0.0004693411709171831,0.0015707683787395412,0.002726283101774465,5,1.0,0.22809308067275819
311X62,0.0019969644129338724,0.0006326324247878177,0.001346822122238748,0.002712066658226909,5,1.0,0.31679704474131243
311X6,0.001977720949095919,0.0005377588597830749,0.0012093396810796764,0.002706720973744611,5,1.0,0.2719083598507634
311X164,0.0019546906620466894,0.0004774265812175985,0.0014203263107599442,0.0026661449366040166,5,1.0,0.24424661673753273
311X28,0.0019087760448305389,0.0005297371214205711,0.0014609145374697714,0.002825761069429094,5,1.0,0.2775271214125459
750X710,0.0018814205487818207,0.0004060223101746946,0.0015855061539874532,0.0025826732128158823,5,1.0,0.21580624822120661
311X155,0.001847036134873675,0.0008918439809681842,0.0008352417506853754,0.003238498518389974,5,1.0,0.4828513983275855
311X106,0.0017999937822000937,0.00023391826532954044,0.0015311434049173744,0.002119560272796736,5,1.0,0.12995504068556954
311X81,0.001783735995405225,0.0004579322009271089,0.0012579680734693978,0.00247840485665307,5,1.0,0.25672644486066476
311X152,0.0017791156917835072,0.0003249242717180313,0.0014580471841787563,0.0022788372731113236,5,1.0,0.1826324578193521
300X10,0.0017787427524866926,0.000334312438622827,0.0012566591806882587,0.0021376936893938514,5,1.0,0.1879487283743012
750X1291,0.0017459782979927705,0.00036073865637647974,0.0012291711338732185,0.0021017483721848082,5,1.0,0.20661119132155573
311X59,0.0017351822772910478,0.00048571696091574234,0.0012979139358873064,0.0025198373073734197,5,1.0,0.27992273030480513
311X85,0.001702903780459996,0.0006366376031367276,0.0011673577127638611,0.002663559880711722,5,1.0,0.3738541249763989
311X103,0.0016807517570976674,0.0003964518851772521,0.0011415463749194783,0.0021211053039260816,5,1.0,0.23587771559196224
311X171,0.0016744416208835187,0.00039103211025143833,0.0010656123843871366,0.00213675289931521,5,1.0,0.23352985564918083
311X73,0.001638972125818506,0.0003319445083681426,0.0012816502556776042,0.002033211055119995,5,1.0,0.20253212543186888
311X170,0.0016258685384093463,0.0005080251104256559,0.0009371915710973897,0.0022045877787024762,5,1.0,0.31246382970803643
310X64,0.0016047573984897384,0.0001725507967612618,0.0014334715993837722,0.0017954421664536679,5,1.0,0.10752453723916615
ERROR:#N/A_4,0.0016032936544544897,0.0003499095625931659,0.0011884744951724561,0.002036629953730237,5,1.0,0.2182442133434228
420X189,0.0015383076056439237,0.0004538669368045863,0.0010307522571179107,0.002104281478539659,5,1.0,0.2950430296543701
311X206,0.001538193115278073,0.0004075010778898807,0.0010848268379772192,0.0020894986570230865,5,1.0,0.2649219227270375
210X3,0.0014938163778896803,0.0004665910301004848,0.0008234137685372932,0.0019715833710476803,5,1.0,0.31234831582666894
311X137,0.0014675562997632805,9.055972026720082e-05,0.001352225206064109,0.0015667002711756083,5,1.0,0.06170783377789352
311X11,0.001465524749247263,0.00025646410972534744,0.00120338002391513,0.0018055817007389544,5,1.0,0.17499814293963775
311X107,0.001458068228470695,0.0006038707514787435,0.0008271839768889577,0.002262128465516134,5,1.0,0.4141580889516806
210X134,0.001444002070331313,0.00011521166346243203,0.0012417276556416636,0.0015320076566849492,5,1.0,0.0797863560931124
311X74,0.0014395108321910229,0.0003561684531459132,0.0011137773650498472,0.0020174699158677454,5,1.0,0.24742325304796764
311X69,0.0014256356038770865,0.0005429292099885839,0.0007993630930327385,0.0022174411559609426,5,1.0,0.38083308815466443
311X60,0.0014246171912447125,0.00014561933459140484,0.0012347272683691556,0.0015886283472875539,5,1.0,0.10221646585772158
311X12,0.0014190672263063673,0.00015646277926697374,0.0011989395085094086,0.0015983490031965125,5,1.0,0.11025748199679511
300X20,0.0013849358575156305,0.0002941062637262906,0.001074553907804748,0.0017810480149829566,5,1.0,0.2123609277049933
311X27,0.0013727401983699543,0.0005594399360619931,0.0007784180925753409,0.002028414049654097,5,1.0,0.40753518860943894
210X204,0.0013724618397431222,0.000409977839580029,0.0009138027486692537,0.0019731084689523677,5,1.0,0.2987171135906013
311X20,0.0013620631455602823,0.0002812602129174365,0.0010092696351049876,0.001781693995390744,5,1.0,0.20649572204322791
220X83,0.0013101471570237898,0.00026247631058270694,0.0009173647195526119,0.0016262755179711017,5,1.0,0.20034109067459493
311X70,0.001306520087868265,0.00027040677394204554,0.0009009874050277433,0.001559206801794929,5,1.0,0.20696717658300803
220X79,0.0013046905857726152,0.0003266314774908239,0.0008998746897937145,0.0017011194769886362,5,1.0,0.2503516778631822
310X84,0.0012673663421872365,0.0003230801623130351,0.000854070340606435,0.0017601474894130475,5,1.0,0.2549224729296005
310X56,0.0012663771446053747,0.00039302639084928776,0.0008186595774038569,0.0016895183675002844,5,1.0,0.3103549303721892
311X56,0.0012628663990880422,0.0003602018033427625,0.0007493656139555262,0.0016410737166525024,5,1.0,0.2852255815165014
311X109,0.0012586170549131405,0.0003914681377602374,0.0008386396394420555,0.0017768797328657916,5,1.0,0.3110303772867777
210X11,0.0012408479304678055,0.00020512471577344092,0.0010525015976457861,0.0015712419285484763,5,1.0,0.16531011622898692
311X10,0.0012267540304072798,0.0004184870904458746,0.0008400057286097777,0.0019107681243723388,5,1.0,0.34113365820025393
220X70,0.0012075683193484565,0.00031204365105201186,0.0009015453160252975,0.0016806749680963163,5,1.0,0.25840662246088764
220X87,0.0012069520097629676,0.00017633951628440788,0.0009794738375320943,0.0014489951413433268,5,1.0,0.14610317122131136
311X128,0.0011757646273062253,0.00035625064886569643,0.0006236923950331576,0.0016097004594898252,5,1.0,0.302994868436297
210X190,0.0011741640345980706,0.00032086276318699986,0.0008488624234139931,0.0015708457043661622,5,1.0,0.27326911186098934
420X40,0.0011697689733590488,0.0005041154049777587,0.0008418582116728172,0.0020202796451870945,5,1.0,0.43095296253174986
310X80,0.0011690700351162204,0.00019494631502553166,0.0008399750684150091,0.0013561519308797026,5,1.0,0.16675332443996668
210X163,0.001161276092058025,0.0001902514848582748,0.000935744717727206,0.0013932421474285748,5,1.0,0.16382967495462647
330X640,0.001153784541105768,0.0004144155238297709,0.0007357918771017196,0.0016758273518878639,5,1.0,0.35917929969266416
311X151,0.0011473857719999311,0.00024593401934094015,0.0007963388968386983,0.0014414194353283517,5,1.0,0.2143429220827152
310X72,0.0011420483573607281,0.0002852705052215501,0.0008763590029250442,0.0016135843583693348,5,1.0,0.2497884639762727
311X182,0.0011286233440389105,0.0003189941847912317,0.0008179924611909397,0.0016031905488399667,5,1.0,0.2826400731417035
210X83,0.0011142725897017574,0.00022410893698673477,0.0008482094650586354,0.0013680419560239188,5,1.0,0.2011257737620498
220X91,0.001113051942557571,0.00019127593839833666,0.0009280885881030569,0.001378009226232017,5,1.0,0.17184816890663215
310X60,0.0011102615715630382,0.0001881492622680757,0.0008925155125521037,0.0013760322268965225,5,1.0,0.1694639055495123
310X68,0.0011080875729509152,0.0002542333599482088,0.00082279540276353,0.0013934001251113158,5,1.0,0.22943435692698286
344X149,0.0011023589074123869,0.00010466070964836999,0.001029106821322737,0.001278073752073145,5,1.0,0.0949424990805417
311X95,0.0011023337797092326,0.00014847427211254826,0.0009434864123537352,0.0013030167957668083,5,1.0,0.13469084837173467
310X76,0.001093936578685032,0.0003827400404489949,0.0007083498105971194,0.0015969031147295136,5,1.0,0.3498740672509498
210X217,0.0010920906387753464,0.00032128195840087746,0.000656933432301952,0.0014117112438506076,5,1.0,0.29418982884696115
311X118,0.0010913157488762356,0.00030069977411329915,0.0007568362401270761,0.0015614105333229904,5,1.0,0.27553874682684737
344X73,0.0010865864537606639,0.00026367029745083146,0.0007216195972218272,0.001394709625980808,5,1.0,0.24265928982973434
311X211,0.0010841566487501055,0.00044607546450091276,0.0005945443046612087,0.001583227061170558,5,1.0,0.41144927220963107
311X163,0.001081451456919766,0.00026719828847410746,0.0008545159859238752,0.001410169776093153,5,1.0,0.24707376971693093
311X111,0.001068456406256447,0.00022100402015449408,0.000824994052243086,0.0014252825228163732,5,1.0,0.20684420876091905
520X250,0.0010683283520738648,9.991500244222984e-05,0.000966914656051626,0.0012329761408231862,5,1.0,0.09352461923784744
344X85,0.0010447715967577122,0.00020808043073538158,0.0006908911933430752,0.0012031052399492275,5,1.0,0.19916355994167875
311X113,0.001032122518428314,0.00019322561356697448,0.0006963933688343079,0.001171541078576302,5,1.0,0.18721189580671188
520X148,0.0010308133412008772,0.00013931686054600168,0.0008847266758175421,0.0011905725424413397,5,1.0,0.13515236448972218
311X209,0.0010086105749964748,0.00023056769607335777,0.0006407717810691608,0.001262387281100101,5,1.0,0.22859932421942364
220X95,0.0009950823700556099,0.00025635096640334534,0.000731471687946286,0.001336014837442138,5,1.0,0.2576178353269402
311X112,0.0009917280605468517,0.00040642078630099827,0.0006359018805425797,0.001528942758329748,5,1.0,0.409810715315529
311X75,0.000990916522905455,0.00031180592318727127,0.0006440948846251242,0.001364873098887403,5,1.0,0.3146641676317643
311X71,0.0009897576419391895,0.00022255440997181526,0.0005996073610948076,0.001132075355752582,5,1.0,0.22485748057566549
311X142,0.0009798939983477121,9.054893819257661e-05,0.0008585237216593744,0.0010896610101217303,5,1.0,0.09240687079709896
344X172,0.0009744241143921264,0.00020857633809950383,0.0006642527801670189,0.0011835657066019362,5,1.0,0.21405087867264946
344X110,0.0009710915810027235,0.0002421807491747047,0.0006699739810863831,0.0013344292388740447,5,1.0,0.2493902260745017
420X34,0.000965582689783113,0.00025409560616844554,0.0006684359087308914,0.0013456001896140336,5,1.0,0.26315261095076936
420X159,0.0009484410361629165,0.0001145716842151279,0.0008165082821294528,0.0011306938737831013,5,1.0,0.12080000730234913
210X135,0.0009367973334586105,0.00013718216442484848,0.0007467463230586902,0.001131553950787148,5,1.0,0.14643739833453748
210X159,0.000935848383029423,0.00024785156751835295,0.0007520235397307037,0.0013521771400730053,5,1.0,0.2648415830470254
311X210,0.0009267665008131981,0.00026461416257361086,0.0007310455517169942,0.0013569738349313084,5,1.0,0.2855240905404966
311X147,0.0009169836901806864,0.00025849609193492635,0.0005861449690083106,0.0012297614895678737,5,1.0,0.28189824357954824
210X215,0.0009160698561070999,0.0002546982758498692,0.0006166121184191701,0.001317802436857922,5,1.0,0.27803368255581823
220X3,0.0009140556371478607,0.00017975339274153032,0.0006617875458507246,0.0010953902288472397,5,1.0,0.19665476065085308
210X169,0.0009116170457447318,0.00016014583604532107,0.000657927327141493,0.0010752109728313184,5,1.0,0.1756722700800533
311X165,0.0009062540431500254,6.139557209543752e-05,0.0008247845936187726,0.0009784047315082444,5,1.0,0.0677465358546569
344X114,0.0009058064248972124,0.00010839107544430736,0.0007374770082795894,0.0010053212962338508,5,1.0,0.11966251546178278
520X246,0.0009000144123018306,0.00021595500202338435,0.0006098496048042235,0.0011199982722668335,5,1.0,0.23994615956329277
311X169,0.0008934967571988736,0.00016447126089037155,0.0007096836241617401,0.0010602133333585376,5,1.0,0.18407594586231696
344X1,0.0008884348787562078,0.00014883109148999623,0.0007490107472502844,0.0011349453168340616,5,1.0,0.1675205407635914
210X151,0.000883325111785923,0.00010572994852970631,0.0007498343625022772,0.00100676567959807,5,1.0,0.11969539527325807
420X92,0.0008731777680406035,0.00014811550138917986,0.0006521558068831514,0.0010368005219921644,5,1.0,0.16962811771069308
420X202,0.0008637963722453662,0.000230927450853654,0.0006251668373457057,0.0012066800650551125,5,1.0,0.26734014868114964
344X112,0.0008622464771480811,9.861112736751331e-05,0.0007083446981822143,0.0009474586056125067,5,1.0,0.11436535824339773
420X31,0.0008531764023775267,0.00015877665640781253,0.0005888495118220895,0.0009762343962245792,5,1.0,0.18610061855819351
210X36,0.0008499518231403035,0.00019329277789609744,0.0006389266729517961,0.0010646480875465345,5,1.0,0.22741615748822744
210X143,0.0008467555755900106,0.00020819820424330485,0.0006211520370553112,0.0010631777925335158,5,1.0,0.24587757081180941
210X149,0.0008434236877116861,0.0002631650292217292,0.0005914273557123289,0.0011371587867208318,5,1.0,0.3120199642764467
344X103,0.0008368330420114182,0.0002147897309213332,0.000652130506351224,0.0012058134211673421,5,1.0,0.2566697535608695
210X162,0.0008348837867920642,5.661453442784261e-05,0.0007470371657769673,0.0009052909115309369,5,1.0,0.06781127536032955
344X83,0.0008298864709828732,0.00015198167365737593,0.0006957491871754805,0.0010740483429905415,5,1.0,0.1831354995994108
210X213,0.0008294338711994427,0.00013008247878877537,0.0006891265811373397,0.0010037786082699534,5,1.0,0.15683285087433252
344X87,0.0008209726140151342,0.00028895379030372903,0.0006113380437346636,0.0013245032585282675,5,1.0,0.3519651995924399
210X34,0.0008110875677484801,0.00011143955611541336,0.0006530544643838249,0.0009343651534644057,5,1.0,0.13739522143998115
311X212,0.0008004552886825434,0.00015234032349943462,0.000609094994405921,0.0010008000071599359,5,1.0,0.19031709261344507
210X166,0.0007497128523483805,0.00011066005997711654,0.0006095256846980791,0.000866061969892678,5,1.0,0.14760325834469112
420X93,0.0007212982325552597,7.434947001718288e-05,0.0005953136913471835,0.0007860371822157779,5,1.0,0.10307729391033767
344X48,0.0007185090551486927,0.00014525880096604807,0.0005941213387028917,0.0009516965550768436,5,1.0,0.2021669730158381
210X121,0.0007032465524281512,5.376591636880256e-05,0.0006218317246587415,0.0007655799811586455,5,1.0,0.07645386402067263
210X81,0.0006590675703964365,6.584742974345472e-05,0.0005811315058874487,0.0007501981357374907,5,1.0,0.09990998283216511
311X22,0.001624800261319334,0.0005369573338334457,0.0011799591477057352,0.0024023299799438022,4,0.8,0.330475902968505
311X92,0.0014441763422740688,0.0002702565461397501,0.001086842589297227,0.0017113144291865333,4,0.8,0.18713541971408829
311X134,0.0013360086156034932,0.00020492312027663458,0.0010341724490919185,0.0014648929269699782,4,0.8,0.15338457980728173
400X60,0.001173950200611537,0.00025980579128867624,0.0009492466243703793,0.0015386534096140877,4,0.8,0.22130903928635862
300X2,0.0011536393984611247,0.00016671198565852788,0.000953261419761493,0.0012960351263230445,4,0.8,0.14450961516779035
220X71,0.0011010346714240974,0.00021844345208754917,0.0008667470673063016,0.0013911612207746526,4,0.8,0.19839834072310572
420X188,0.0010998907786308979,0.00048169221970014993,0.0006546186994823651,0.0016700231157856132,4,0.8,0.4379455020632108
300X14,0.0010782633799049917,0.00037506534396044986,0.0006379642006356534,0.0014978279535217882,4,0.8,0.3478420491713775
300X4,0.0010726247051447385,0.0002913733622636536,0.0007595479520408996,0.00144185659259501,4,0.8,0.27164520879900006
420X98,0.0010343729168391497,0.00041320480766316716,0.000663716388854228,0.00161283565552143,4,0.8,0.3994737299642087
420X97,0.001032240633879024,0.00013018606757978757,0.0008396874167749317,0.0011183516599701268,4,0.8,0.12611988249720962
311X136,0.0010139406094117414,0.00027229404756835205,0.0006566370179732887,0.001258712639086087,4,0.8,0.2685502925637615
420X38,0.0010053983056434873,0.00025844430023312686,0.0008389975129843765,0.0013908248968473795,4,0.8,0.25705662972115073
311X76,0.0009703226066507955,0.0003001293562988681,0.0006296104909385671,0.001347074799228232,4,0.8,0.3093088359813628
210X157,0.000965422348256138,0.00023574114598654222,0.0006843501859414792,0.0012588984985924638,4,0.8,0.24418447135409885
420X115,0.0009633317185721212,0.0001602148829194216,0.0008280108668085864,0.0011874602057484402,4,0.8,0.16631330585749168
220X75,0.0009494314426841273,0.0003419964331907574,0.0005872735787042248,0.0013902817877613329,4,0.8,0.3602118251568446
210X16,0.0009200467609099792,0.00012153757349913605,0.0007704607618154407,0.001055920277925638,4,0.8,0.13209934378425403
344X119,0.0009155371665631603,7.503544627684117e-05,0.0008055403334353271,0.0009740949137021332,4,0.8,0.08195783736072593
ERROR:#N/A_14,0.0009059516981095153,0.00027168694636854797,0.0006349720645722495,0.0012775477386798915,4,0.8,0.29989120461454677
520X345,0.0009034796881140963,0.0002735631966088073,0.0005866398186575663,0.0011583190883672698,4,0.8,0.3027884300056028
210X94,0.0009022607847734763,0.0002500904709512619,0.0006760623523049375,0.0012511657644368435,4,0.8,0.2771820241936683
520X248,0.0008938925688172583,0.00022947844337587058,0.0006976660157934686,0.0012256999241109013,4,0.8,0.25671814614454586
400X218,0.0008786517779402392,8.499872273934042e-05,0.0007812947805815891,0.0009849295998040008,4,0.8,0.09673766647563067
400X170,0.0008752456442823571,0.00010009031470774662,0.0007724106739765565,0.0010060784475368339,4,0.8,0.11435682684882957
210X168,0.0008674291679875829,4.762446732024862e-05,0.0008110459192907906,0.0009275012799298936,4,0.8,0.0549030042139733
520X21,0.0008671542456557845,8.055281419225101e-05,0.0007972674393972759,0.0009470538066178154,4,0.8,0.09289329378585898
340X13,0.0008588431282881745,0.0003141582373781554,0.0006324066597354088,0.0013187013519944141,4,0.8,0.365792339328063
210X120,0.0008497737170325916,0.00018433360035952423,0.0006441729801298133,0.0010518387702047605,4,0.8,0.21692080661931515
420X197,0.0008443949502105763,0.0001735879410691017,0.0006206908802527344,0.0010376784873871508,4,0.8,0.20557671599082325
330X1127,0.0008394327172193351,0.0001435207660225298,0.0006392963450324448,0.0009711302215104327,4,0.8,0.1709735192678412
400X59,0.0008231722358131555,0.0003366656482395002,0.0006132557426956953,0.0013210752450788016,4,0.8,0.4089856693210086
330X1168,0.0007902814030620038,0.00016976685762038504,0.0006427099310610002,0.0009590125457968798,4,0.8,0.21481823657724014
344X71,0.0007863986927481288,0.00018352672620370746,0.0006298194178991977,0.0010352580453775872,4,0.8,0.23337618394174012
400X167,0.000786106121528859,4.296156002532136e-05,0.0007486298908988658,0.0008433545007438181,4,0.8,0.05465109454575478
210X144,0.0007760297187810251,0.0002154844808107204,0.0005820983977380265,0.0010687069900444921,4,0.8,0.2776755520027305
210X167,0.000775879780725463,0.00011223574254404039,0.0006144916924598917,0.0008747756955543285,4,0.8,0.1446560990343654
210X82,0.0007730258931578971,0.00024343007185866455,0.0005966115505067431,0.0011263343273281365,4,0.8,0.31490545620576826
210X133,0.0007709060665434948,0.00011975404282041498,0.0006066158016201334,0.0008685317265102209,4,0.8,0.15534193835315535
344X78,0.0007703598426895497,5.6196907075168424e-05,0.0007068215309997806,0.0008281578751447971,4,0.8,0.07294890502861599
344X225,0.0007696242281328216,0.00013371489419434924,0.0006333262047770808,0.0009410676950924046,4,0.8,0.17374049455929064
ERROR:#N/A_8,0.0007682938356322615,8.563471714414177e-05,0.0006746799889040096,0.0008801073799186075,4,0.8,0.11146089303477029
210X154,0.0007681082538018077,0.00010346317409227937,0.0006633473891137042,0.0009104858001620662,4,0.8,0.1346986879069222
210X148,0.0007646646077718905,0.0001960632576969934,0.0006085837359250336,0.0010502808070260304,4,0.8,0.25640425285523005
520X346,0.000764123102455648,0.00013126312169509796,0.0006792004124293633,0.0009588958517408701,4,0.8,0.17178268933562857
210X156,0.0007597912155526614,0.00019421228912024874,0.0006058459050174793,0.0010387238043835921,4,0.8,0.25561270634508293
210X150,0.0007552350835714328,0.00012230272065862313,0.000616869964937634,0.0008783608087176035,4,0.8,0.16193993520312325
420X164,0.0007506726283010138,5.9483584046083766e-05,0.0006865209296724116,0.0008282114815346177,4,0.8,0.07924037952665425
520X144,0.0007447165550525108,0.00015892442512694316,0.0006180146232904693,0.0009767957525777784,4,0.8,0.21340256750749237
344X13,0.0007359533868380858,0.0001219921157398967,0.0006206489554771595,0.0009057553968137077,4,0.8,0.16576065516629662
311X54,0.0007336701897669636,0.00013266110420782968,0.0005834291973231122,0.0008732467572757648,4,0.8,0.18081844659539528
311X116,0.0007297102410349526,8.680779674942903e-05,0.0006135562124238684,0.0008213586394157145,4,0.8,0.11896200950578271
210X76,0.0007163507299256856,0.00011794247099759381,0.0005939146168397228,0.0008290407595213041,4,0.8,0.16464347128561693
344X186,0.0007080981184072,6.801729906877042e-05,0.0006186679924756395,0.0007766733242772458,4,0.8,0.09605631932155478
300X9,0.0006851790822153842,6.796041797900707e-05,0.0006123898871880384,0.0007555553973025175,4,0.8,0.09918635820008519
210X142,0.000678044264763647,6.482240300392375e-05,0.0005897542467959413,0.0007393342979008008,4,0.8,0.09560202228230269
210X132,0.0006692892210297383,8.16594703942817e-05,0.000614032425156434,0.0007898998549609349,4,0.8,0.1220092416050491
360X582,0.0006656641556630786,1.6012427087211183e-05,0.0006484774487337992,0.0006808035498545929,4,0.8,0.024054813417444924
ERROR:#N/A_9,0.000663797025528933,5.817148596414336e-05,0.000592393233877969,0.0007247197953962093,4,0.8,0.08763444794010061
311X55,0.0013568485346376537,0.0002587419854471979,0.0010595889347446105,0.0015314583795558222,3,0.6,0.19069334465221027
420X35,0.0011556634559152666,0.00027016047561841935,0.0009458553996604097,0.0014604977649765487,3,0.6,0.23377089065318396
220X67,0.0011116922799416053,0.000300354573255702,0.0007731208104584241,0.0013460924502149143,3,0.6,0.2701777986632246
750X1105,0.000998076929455189,0.0004849550122363064,0.0007174874405629103,0.0015580543134463701,3,0.6,0.4858894113654495
344X212,0.0009846201686258356,0.00038008827695608854,0.0006653409344295593,0.0014050521863757713,3,0.6,0.3860252802870425
420X36,0.0009523145632105165,0.00018747055936696517,0.0007657286244780371,0.0011406573943854531,3,0.6,0.19685780981663464
312X97,0.0009435422946347362,0.00018469557515942686,0.0008172055200466009,0.0011555116228649132,3,0.6,0.19574700150053068
210X177,0.0009335901690910582,0.0002372729147457605,0.0007627678636602681,0.001204509383753721,3,0.6,0.25415104223153717
210X207,0.0009317856973464966,0.00018325493266633464,0.0007282131702196004,0.0010835823597877751,3,0.6,0.1966706861798054
311X8,0.000918112724113602,0.00030304244150799016,0.0007069404564471373,0.0012653378994562227,3,0.6,0.33007106123106333
344X77,0.0008999039493243984,0.00029749410717214267,0.0005977571069467084,0.0011925160861815858,3,0.6,0.3305842885397955
311X91,0.0008974447419152193,6.670983129709786e-05,0.000826275671992445,0.0009585522901476272,3,0.6,0.07433307936085361
344X55,0.0008860803419005373,0.0002835908422327837,0.0006397568141853869,0.0011961038342334005,3,0.6,0.32005093500264775
210X51,0.0008773669269758325,0.00019653794255945805,0.0006625675587934926,0.001048194415986103,3,0.6,0.22400883403810243
311X93,0.000865572166912011,0.00028196288216803645,0.0006572594699049242,0.001186425151567875,3,0.6,0.3257531753224061
210X119,0.0008598237611783752,0.0001409358277128798,0.0007310338726160825,0.0010103742681713901,3,0.6,0.16391245963686438
330X140,0.000850727779604313,0.00029610263909209995,0.0006437540163056663,0.0011899012515739242,3,0.6,0.3480580343594328
311X4,0.000850220694566295,0.00024042561070142222,0.0005928737858013529,0.0010690822894828642,3,0.6,0.2827802380666412
210X145,0.0008445655150761819,0.00019996051991320852,0.0006315512847893469,0.0010282277518606224,3,0.6,0.23676140702762433
344X105,0.000840660634080539,0.00013537464565091417,0.0007163279418668974,0.0009848777627570067,3,0.6,0.161033644257584
210X1,0.0008334914061091259,0.00019946094209897977,0.0006183349988801054,0.0010122416389502745,3,0.6,0.23930773658577753
311X130,0.0008191198975965262,0.00014780197822543967,0.0006849919243552444,0.0009775769357199637,3,0.6,0.1804399801282846
210X174,0.0008136532209951558,0.0002041646219157888,0.0006752675288655496,0.0010481344302389025,3,0.6,0.25092338651982177
750X25,0.0008100315554351872,5.217431688016721e-05,0.0007640107890844215,0.0008667127886188231,3,0.6,0.06441022755925413
400X219,0.0008040017654203036,8.070589167129256e-05,0.0007165134672502366,0.0008755450010539539,3,0.6,0.10038024173830283
344X53,0.0007932810603815133,0.00021236240358351205,0.0006201082245202982,0.0010302209523178948,3,0.6,0.2677013405736412
210X84,0.0007916071422966032,0.0002300399124152623,0.0006205606612572514,0.0010531294944534193,3,0.6,0.2905985808279522
420X66,0.0007903603486116968,0.00018455056861159104,0.0006223961552456419,0.0009879203246772408,3,0.6,0.23350180547678098
520X104,0.0007856783087287908,7.322742346879273e-05,0.0007273637745194085,0.0008678621434466604,3,0.6,0.09320280649477289
750X91,0.0007846682133833051,0.00012388156448380454,0.0006657024726501217,0.0009129406644857085,3,0.6,0.15787763823359005
420X141,0.0007783737423496326,0.00012679292374356425,0.0006372289786820638,0.0008826368095186977,3,0.6,0.16289465674667675
300X3,0.0007644626693625497,0.00016507646567011066,0.0005852367814700023,0.0009102788191780727,3,0.6,0.21593790262096438
360X1267,0.0007476235965670157,0.00023299067495057902,0.0005895569151540663,0.0010151930022166446,3,0.6,0.31164168133375986
340X15,0.0007459065003323162,9.084836236257832e-05,0.0006839849458453108,0.000850200188068973,3,0.6,0.12179591168639455
520X351,0.000741887591587749,1.8232992298886683e-05,0.0007220148547470014,0.0007578445709418281,3,0.6,0.024576489054479126
330X157,0.0007389483961092238,7.950930741440616e-05,0.0006851033838568273,0.0008302701720851105,3,0.6,0.10759791580230454
420X205,0.0007360873277168571,9.166226506119671e-05,0.0006322492617379582,0.0008057605961578955,3,0.6,0.12452634556416262
311X67,0.0007351285573987164,0.0001240269815012825,0.0006055693196174268,0.0008527617009539276,3,0.6,0.16871468273718349
344X158,0.0007342883852290918,3.878603288686646e-05,0.0006896172204496163,0.0007594027488327408,3,0.6,0.05282125335803083
520X109,0.0007306584916767798,0.0001517469126623602,0.0006052581946492612,0.0008993454300825608,3,0.6,0.20768514180466555
420X214,0.0007301692533962474,4.3128219911863836e-05,0.0006831230840622263,0.0007678357752696816,3,0.6,0.059066058522999745
210X205,0.0007277148784426956,6.926302059720121e-05,0.0006723270421572004,0.0008053738515334437,3,0.6,0.09517878849783142
420X37,0.0007244558033044068,0.0001291662438676317,0.0006482095039992179,0.0008735915420474741,3,0.6,0.17829416660089006
520X152,0.0007074848130717782,0.00010373341542287976,0.0006007717721486411,0.0008079567943503483,3,0.6,0.1466228155850642
210X49,0.0007070638279423567,0.00011351594764995001,0.0006161250053502237,0.0008342857210358195,3,0.6,0.16054554483397904
420X68,0.0007055147122284654,8.36313584907703e-05,0.0006098800493860071,0.0007649386180913088,3,0.6,0.11853949594909174
344X159,0.0006966486693840554,0.0001233485652991414,0.0005844024149841433,0.0008287023723835483,3,0.6,0.17705993069812448
520X38,0.0006850486519830477,2.2159889585167654e-05,0.0006622783402733945,0.0007065429811428851,3,0.6,0.032347906223408086
344X154,0.0006832172760641702,7.74804054292179e-05,0.0006008455581631166,0.0007546419890438746,3,0.6,0.1134052197306197
344X10,0.0006790951397629405,4.5689435497046203e-05,0.0006304969113327649,0.0007211758079350113,3,0.6,0.06727987398896076
520X74,0.0006777411739797994,0.00011312251153465616,0.0006001113160208782,0.0008075336083156211,3,0.6,0.16691108008603414
210X74,0.0006721564549479346,8.830536639033114e-05,0.000602988659225842,0.000771622551905041,3,0.6,0.13137620803745026
400X169,0.0006624047066240724,3.426299016634256e-05,0.00062389328411247,0.0006895093189009412,3,0.6,0.05172516102616148
300X6,0.0006606005888248825,5.3348791597343344e-05,0.0006010952587027323,0.0007041529035259742,3,0.6,0.08075801387262685
750X1061,0.000659143305933584,6.23621699746008e-05,0.0006036503345956035,0.0007266319335051259,3,0.6,0.09461094320249919
750X155,0.0006502717921838625,3.808886365585581e-05,0.0006274339749986005,0.0006942420005086669,3,0.6,0.05857375954962619
210X172,0.0006363095767842664,8.319967306692553e-05,0.0005791379902806524,0.000731758983989689,3,0.6,0.1307534507914219
440AX134,0.0006321556288080035,5.2607890566540935e-05,0.0005742199382058332,0.0006769406156238612,3,0.6,0.08321984031451062
520X348,0.0006306718714284974,2.549713003064339e-05,0.0006072488551234612,0.0006578308832686681,3,0.6,0.04042851940179738
344X20,0.0006295543139286498,1.6047551991122638e-05,0.0006121977538472787,0.0006438527622509887,3,0.6,0.02549033754608032
344X150,0.0006075150030366559,2.777587312501598e-05,0.0005869763093471069,0.000639117907343845,3,0.6,0.045720472647520084
520X102,0.0005968616261808787,1.2675158112126734e-05,0.0005880500527666747,0.0006113880237214226,3,0.6,0.02123634278851961
210X118,0.0011136470790742091,0.0004375438781176992,0.000804256835790524,0.0014230373223578945,2,0.4,0.39289276283878277
210X187,0.001047242115691919,0.00023901039763357616,0.0008782362427511242,0.001216247988632714,2,0.4,0.22822840470604278
300X7,0.0009917202089610017,0.00018003894367008585,0.0008644134510142212,0.0011190269669077823,2,0.4,0.18154207392543276
400X65,0.0009099569380607638,0.00015580342306475837,0.0007997872810795966,0.001020126595041931,2,0.4,0.1712206549307432
312X154,0.0008863044189604264,0.00024828578280839005,0.0007107398582644035,0.0010618689796564494,2,0.4,0.2801360088212987
220X163,0.0008699018742471346,0.000138948790068798,0.0007716502425518215,0.0009681535059424477,2,0.4,0.15972926834917256
360X368,0.0008611116250875217,0.00013295047761375774,0.0007671014408048433,0.0009551218093702001,2,0.4,0.15439401070198175
420X217,0.0008597381715027505,0.00010325962900200338,0.0007867225876126267,0.000932753755392874,2,0.4,0.12010590236025961
440AX131,0.0008459786598713735,3.7408075668230306e-05,0.0008195271558952284,0.0008724301638475187,2,0.4,0.04421869888502779
311X162,0.0008415690346696965,0.00021422002819923553,0.0006900926000640437,0.0009930454692753494,2,0.4,0.25454837228982097
344X208,0.0008371695413587269,0.00011397211559967767,0.0007565790855520177,0.000917759997165436,2,0.4,0.13613982572581534
344X221,0.0008354279510006531,3.7109046855532515e-05,0.0008091878923257367,0.0008616680096755695,2,0.4,0.04441920666727166
420X99,0.0008353295922425854,6.940582636397848e-05,0.0007862522617667602,0.0008844069227184107,2,0.4,0.08308795345626234
210X14,0.000829175249223548,0.00031207724297917645,0.0006085033144589705,0.0010498471839881255,2,0.4,0.3763706681971508
344X64,0.0008289258272847621,1.5162613886157226e-05,0.000818204240185347,0.0008396474143841772,2,0.4,0.018291882540965285
344X19,0.0008225354847446122,0.00020801007106161496,0.0006754501529418486,0.0009696208165473758,2,0.4,0.25288887186831926
520X99,0.0008217157544801877,0.00016433367244969373,0.0007055143003137204,0.0009379172086466551,2,0.4,0.1999884648112433
210X18,0.0008093560370925794,0.00011537029770163163,0.000727776917240245,0.000890935156944914,2,0.4,0.14254579229868528
520X353,0.0008037738214625031,0.00026809188836985514,0.0006142042292150716,0.0009933434137099346,2,0.4,0.3335414526794469
400X5,0.0008029973996190676,0.00010408859218333993,0.0007293956502420669,0.0008765991489960683,2,0.4,0.1296250674075573
520X171,0.000782124442359319,0.00012866907413961349,0.0006911416675062038,0.0008731072172124344,2,0.4,0.16451227836195
520X1,0.0007748864262531391,0.0001690257844168397,0.0006553671478966163,0.0008944057046096619,2,0.4,0.21812975227351933
311X94,0.0007740738396607731,0.00016086094894278094,0.0006603279718352296,0.0008878197074863165,2,0.4,0.2078108579479512
210X183,0.0007677083542611939,2.902649788841121e-05,0.0007471835207702014,0.0007882331877521866,2,0.4,0.03780927703793931
311X72,0.0007665482620335003,6.707558526818201e-05,0.0007191186608383123,0.0008139778632286882,2,0.4,0.08750340781249755
210X206,0.0007526724443647726,0.00016773081932023811,0.0006340688446094567,0.0008712760441200886,2,0.4,0.22284703040902423
520X64,0.000750852420034559,0.00011679329323831945,0.0006682670903886344,0.0008334377496804836,2,0.4,0.1555476015878011
420X215,0.0007501866062512793,6.0911556153896814e-05,0.0007071156318422337,0.000793257580660325,2,0.4,0.0811952060529043
330X403,0.0007467964903559274,0.00018301982280541102,0.000617381932558661,0.0008762110481531939,2,0.4,0.24507322265683054
400X63,0.0007336185410704977,6.7464026317261844e-06,0.0007288481140209893,0.000738388968120006,2,0.4,0.009196063410128316
520X98,0.0007190347582719135,1.7134097042557213e-05,0.000706919122063613,0.0007311503944802141,2,0.4,0.023829302855827177
311X58,0.0007158456631685783,3.846400512368378e-05,0.0006886475043140274,0.0007430438220231292,2,0.4,0.0537322596880683
360X702,0.0007134318790740124,3.743326109228472e-05,0.0006869625663137313,0.0007399011918342934,2,0.4,0.05246928562878539
420X139,0.0007098554156583023,2.9574114352810216e-05,0.0006889433588518438,0.0007307674724647608,2,0.4,0.041662166208483106
420X71,0.0007087788693047024,0.00014947364890315477,0.0006030850385565845,0.0008144727000528203,2,0.4,0.2108889742140541
210X15,0.0007043160627836565,2.8049750084764085e-05,0.000684481894288132,0.0007241502312791811,2,0.4,0.039825515172943825
330X671,0.0007024426065263865,6.239258959920862e-05,0.0006583243833249968,0.0007465608297277761,2,0.4,0.08882233072239273
340X21,0.0007022953728412521,0.00015397277903173316,0.0005934201766697757,0.0008111705690127285,2,0.4,0.21924219461900854
520X22,0.0007018834131364363,7.76103665508785e-06,0.0006963955314885864,0.0007073712947842863,2,0.4,0.011057444154933704
420X194,0.0006999382961321023,2.9553415119405284e-05,0.0006790408758939498,0.0007208357163702549,2,0.4,0.04222288627511339
344X5,0.0006889100982510128,4.207422850108679e-05,0.000659159125964702,0.0007186610705373236,2,0.4,0.06107361257561784
330X1133,0.0006879077870300145,9.676843033244868e-05,0.0006194821737371621,0.000756333400322867,2,0.4,0.14067064222309186
311X110,0.0006870724437242903,6.182709044055563e-05,0.0006433540888127395,0.0007307907986358411,2,0.4,0.0899862757054181
210X181,0.0006855455985880058,6.978757402142252e-05,0.0006361983317548998,0.0007348928654211118,2,0.4,0.10179858796170954
330X266,0.000684113653893996,6.145419129447502e-05,0.0006406589784973374,0.0007275683292906546,2,0.4,0.08983038250273985
330X112,0.0006831100686165954,7.394182727902331e-05,0.0006308253011342736,0.0007353948360989172,2,0.4,0.10824291804177934
344X185,0.0006778763283245108,0.00010902687891881573,0.0006007826829094116,0.0007549699737396101,2,0.4,0.1608359433754807
210X182,0.0006775825928164452,0.00012263375417841642,0.0005908674336345228,0.0007642977519983676,2,0.4,0.18098716716981883
520X59,0.0006681008471620261,0.0001005715559749651,0.0005969860179376459,0.0007392156763864064,2,0.4,0.15053349543207697
520X103,0.0006600236327143067,9.777038512453786e-05,0.0005908895303935256,0.0007291577350350877,2,0.4,0.14813164276305005
210X164,0.0006553474645967859,2.9754865566169473e-05,0.0006343075973816533,0.0006763873318119184,2,0.4,0.04540319010629497
311X208,0.0006539321376089326,3.8647194013193516e-05,0.0006266044446483713,0.0006812598305694939,2,0.4,0.059099701224969894
440AX148,0.0006531009787690656,6.696864704274096e-05,0.000605746994318255,0.0007004549632198761,2,0.4,0.10253949866438856
344X35,0.0006525165689726093,1.4509464662297329e-05,0.0006422568281185123,0.0006627763098267063,2,0.4,0.022236162773470094
220X223,0.0006511751442737671,9.824569586053622e-05,0.0005817049465083909,0.0007206453420391434,2,0.4,0.1508744560869745
311X52,0.0006489378600065761,1.5572354383908133e-05,0.0006379265426226746,0.0006599491773904776,2,0.4,0.023996680298100728
ERROR:#N/A_16,0.0006452274195201952,8.794292067362008e-05,0.0005830423839545278,0.0007074124550858626,2,0.4,0.1362975562983959
400X64,0.0006396392841215887,1.3819909302431973e-05,0.0006298671325384559,0.0006494114357047213,2,0.4,0.02160578567310004
220X54,0.0006371612312689476,1.7249572088676857e-05,0.000624963941872478,0.0006493585206654172,2,0.4,0.027072538652815843
520X108,0.0006366745077051204,5.654972298321284e-05,0.0005966878151094698,0.0006766612003007709,2,0.4,0.08882046039227272
311X141,0.0006362506339996714,4.3475750646160186e-05,0.0006055086359005961,0.0006669926320987466,2,0.4,0.0683311705397082
420X196,0.0006337821953480107,2.1187111481226725e-05,0.0006188006451458799,0.0006487637455501415,2,0.4,0.03342964129208964
330X588,0.0006308621335097668,3.840380357918023e-05,0.0006037065435755722,0.0006580177234439613,2,0.4,0.060875112767741615
344X194,0.0006294364159026832,2.7875519817810514e-05,0.0006097254468104094,0.000649147384994957,2,0.4,0.044286474486143895
420X195,0.0006208486676622783,3.1991366081209e-05,0.0005982273557668341,0.0006434699795577225,2,0.4,0.05152844436332563
210X24,0.0006205797843676601,6.351725804986858e-05,0.0005756663004782222,0.000665493268257098,2,0.4,0.10235147767863244
520X68,0.000617616748605619,5.527082199699626e-06,0.0006137085113020359,0.000621524985909202,2,0.4,0.008949048424008838
210X117,0.0005980863234572241,1.4440039384427435e-05,0.0005878756736878946,0.0006082969732265535,2,0.4,0.02414373777486398
312X220,0.0005915460198520415,2.4535268560178515e-05,0.0005741969650749063,0.0006088950746291769,2,0.4,0.04147651694933016
750X475,0.0012147058838793082,,0.0012147058838793082,0.0012147058838793082,1,0.2,
420X114,0.0010966249362235356,,0.0010966249362235356,0.0010966249362235356,1,0.2,
400X61,0.0010568433760173624,,0.0010568433760173624,0.0010568433760173624,1,0.2,
420X228,0.0010482099516177551,,0.0010482099516177551,0.0010482099516177551,1,0.2,
220X33,0.0010022405074234721,,0.0010022405074234721,0.0010022405074234721,1,0.2,
440AX133,0.0009601014231206506,,0.0009601014231206506,0.0009601014231206506,1,0.2,
520X101,0.0009494242601588052,,0.0009494242601588052,0.0009494242601588052,1,0.2,
311X139,0.0009244898674930664,,0.0009244898674930664,0.0009244898674930664,1,0.2,
312X245,0.0009183410645052174,,0.0009183410645052174,0.0009183410645052174,1,0.2,
520X129,0.0009090875574208366,,0.0009090875574208366,0.0009090875574208366,1,0.2,
311X148,0.0009016136518073995,,0.0009016136518073995,0.0009016136518073995,1,0.2,
311X115,0.0008999924958447236,,0.0008999924958447236,0.0008999924958447236,1,0.2,
311X119,0.0008942067058362065,,0.0008942067058362065,0.0008942067058362065,1,0.2,
420X69,0.0008745934711618891,,0.0008745934711618891,0.0008745934711618891,1,0.2,
330X296,0.0008673079872998185,,0.0008673079872998185,0.0008673079872998185,1,0.2,
210X230,0.0008657776856644526,,0.0008657776856644526,0.0008657776856644526,1,0.2,
420X208,0.0008580736394627577,,0.0008580736394627577,0.0008580736394627577,1,0.2,
420X134,0.0008306086703085381,,0.0008306086703085381,0.0008306086703085381,1,0.2,
311X143,0.0008270375155857078,,0.0008270375155857078,0.0008270375155857078,1,0.2,
420X48,0.0008188378392581219,,0.0008188378392581219,0.0008188378392581219,1,0.2,
520X94,0.0007947686337750305,,0.0007947686337750305,0.0007947686337750305,1,0.2,
210X32,0.0007834728292869062,,0.0007834728292869062,0.0007834728292869062,1,0.2,
420X198,0.000783039440389982,,0.000783039440389982,0.000783039440389982,1,0.2,
344X176,0.0007803266581703074,,0.0007803266581703074,0.0007803266581703074,1,0.2,
210X33,0.0007799116937208784,,0.0007799116937208784,0.0007799116937208784,1,0.2,
360X401,0.000779298828994807,,0.000779298828994807,0.000779298828994807,1,0.2,
344X92,0.000774546974102708,,0.000774546974102708,0.000774546974102708,1,0.2,
420X211,0.0007731738928959546,,0.0007731738928959546,0.0007731738928959546,1,0.2,
420X187,0.0007729651828197235,,0.0007729651828197235,0.0007729651828197235,1,0.2,
400X82,0.0007692439504915066,,0.0007692439504915066,0.0007692439504915066,1,0.2,
520X69,0.000765207265745187,,0.000765207265745187,0.000765207265745187,1,0.2,
420X200,0.000763185845915794,,0.000763185845915794,0.000763185845915794,1,0.2,
360X1245,0.0007591245324270374,,0.0007591245324270374,0.0007591245324270374,1,0.2,
360X710,0.0007485591254413152,,0.0007485591254413152,0.0007485591254413152,1,0.2,
360X1383,0.0007476602079446602,,0.0007476602079446602,0.0007476602079446602,1,0.2,
750X765,0.0007462102136499048,,0.0007462102136499048,0.0007462102136499048,1,0.2,
340X75,0.0007444141192054163,,0.0007444141192054163,0.0007444141192054163,1,0.2,
210X13,0.0007443139994295201,,0.0007443139994295201,0.0007443139994295201,1,0.2,
220X179,0.0007442139299897062,,0.0007442139299897062,0.0007442139299897062,1,0.2,
210X47,0.0007361176109370439,,0.0007361176109370439,0.0007361176109370439,1,0.2,
420X7,0.0007299589826277361,,0.0007299589826277361,0.0007299589826277361,1,0.2,
520X113,0.0007261620326116013,,0.0007261620326116013,0.0007261620326116013,1,0.2,
312X186,0.000726101371810517,,0.000726101371810517,0.000726101371810517,1,0.2,
420X192,0.0007204296994834855,,0.0007204296994834855,0.0007204296994834855,1,0.2,
300X13,0.0007167701837976416,,0.0007167701837976416,0.0007167701837976416,1,0.2,
311X5,0.0007165023847344443,,0.0007165023847344443,0.0007165023847344443,1,0.2,
400X168,0.0007159158384565502,,0.0007159158384565502,0.0007159158384565502,1,0.2,
520X13,0.0007156797538496371,,0.0007156797538496371,0.0007156797538496371,1,0.2,
330X1177,0.0007155764645478167,,0.0007155764645478167,0.0007155764645478167,1,0.2,
520X96,0.0007099908861211842,,0.0007099908861211842,0.0007099908861211842,1,0.2,
311X24,0.0007076902811051993,,0.0007076902811051993,0.0007076902811051993,1,0.2,
330X701,0.0007072584170863851,,0.0007072584170863851,0.0007072584170863851,1,0.2,
360X785,0.0007040308823914854,,0.0007040308823914854,0.0007040308823914854,1,0.2,
520X83,0.0007000619526785981,,0.0007000619526785981,0.0007000619526785981,1,0.2,
360X776,0.0006902641632304311,,0.0006902641632304311,0.0006902641632304311,1,0.2,
520X44,0.0006890178684264724,,0.0006890178684264724,0.0006890178684264724,1,0.2,
520X130,0.0006861933356917693,,0.0006861933356917693,0.0006861933356917693,1,0.2,
420X210,0.0006851853426092693,,0.0006851853426092693,0.0006851853426092693,1,0.2,
360X294,0.0006847705822403718,,0.0006847705822403718,0.0006847705822403718,1,0.2,
520X112,0.0006821259301957096,,0.0006821259301957096,0.0006821259301957096,1,0.2,
360X434,0.0006806605474223282,,0.0006806605474223282,0.0006806605474223282,1,0.2,
420X70,0.000675737345488936,,0.000675737345488936,0.000675737345488936,1,0.2,
420X132,0.0006734208543815142,,0.0006734208543815142,0.0006734208543815142,1,0.2,
520X39,0.0006657627500757074,,0.0006657627500757074,0.0006657627500757074,1,0.2,
420X67,0.0006651323347890466,,0.0006651323347890466,0.0006651323347890466,1,0.2,
420X100,0.0006619950281650745,,0.0006619950281650745,0.0006619950281650745,1,0.2,
420X140,0.0006598414448154619,,0.0006598414448154619,0.0006598414448154619,1,0.2,
210X53,0.0006582311460842506,,0.0006582311460842506,0.0006582311460842506,1,0.2,
312X788,0.0006580552421852111,,0.0006580552421852111,0.0006580552421852111,1,0.2,
360X896,0.0006569720570411256,,0.0006569720570411256,0.0006569720570411256,1,0.2,
420X151,0.0006445425284890417,,0.0006445425284890417,0.0006445425284890417,1,0.2,
330X595,0.0006443019476630495,,0.0006443019476630495,0.0006443019476630495,1,0.2,
330X236,0.0006432468657058767,,0.0006432468657058767,0.0006432468657058767,1,0.2,
360X741,0.000643006981141533,,0.000643006981141533,0.000643006981141533,1,0.2,
520X11,0.0006427929994232604,,0.0006427929994232604,0.0006427929994232604,1,0.2,
750X1146,0.0006418147745336615,,0.0006418147745336615,0.0006418147745336615,1,0.2,
340X11,0.0006404354098523982,,0.0006404354098523982,0.0006404354098523982,1,0.2,
344X79,0.0006384607850559536,,0.0006384607850559536,0.0006384607850559536,1,0.2,
344X190,0.0006379356921404687,,0.0006379356921404687,0.0006379356921404687,1,0.2,
210X178,0.0006370713208717684,,0.0006370713208717684,0.0006370713208717684,1,0.2,
360X1006,0.000633180519793373,,0.000633180519793373,0.000633180519793373,1,0.2,
312X791,0.0006316941469298816,,0.0006316941469298816,0.0006316941469298816,1,0.2,
750X1039,0.0006299581835875774,,0.0006299581835875774,0.0006299581835875774,1,0.2,
330X1130,0.0006294259782291293,,0.0006294259782291293,0.0006294259782291293,1,0.2,
360X45,0.0006278116951473154,,0.0006278116951473154,0.0006278116951473154,1,0.2,
311X200,0.0006247674216658099,,0.0006247674216658099,0.0006247674216658099,1,0.2,
520X32,0.0006238153444484018,,0.0006238153444484018,0.0006238153444484018,1,0.2,
210X40,0.0006223470484467082,,0.0006223470484467082,0.0006223470484467082,1,0.2,
520X58,0.0006207003970895427,,0.0006207003970895427,0.0006207003970895427,1,0.2,
750X1356,0.0006203289975122266,,0.0006203289975122266,0.0006203289975122266,1,0.2,
750X100,0.0006195247488725476,,0.0006195247488725476,0.0006195247488725476,1,0.2,
210X161,0.0006185359893104252,,0.0006185359893104252,0.0006185359893104252,1,0.2,
210X152,0.0006149912569338335,,0.0006149912569338335,0.0006149912569338335,1,0.2,
344X69,0.0006143561501588025,,0.0006143561501588025,0.0006143561501588025,1,0.2,
520X33,0.0006131983089681775,,0.0006131983089681775,0.0006131983089681775,1,0.2,
210X35,0.0006089801587642222,,0.0006089801587642222,0.0006089801587642222,1,0.2,
311X31,0.0006087997991826533,,0.0006087997991826533,0.0006087997991826533,1,0.2,
210X104,0.0006080017547153291,,0.0006080017547153291,0.0006080017547153291,1,0.2,
210X62,0.0006074651869135129,,0.0006074651869135129,0.0006074651869135129,1,0.2,
520X97,0.0006074026330852005,,0.0006074026330852005,0.0006074026330852005,1,0.2,
311X199,0.0006059099498720942,,0.0006059099498720942,0.0006059099498720942,1,0.2,
210X209,0.0006054396153296681,,0.0006054396153296681,0.0006054396153296681,1,0.2,
520X37,0.0006049821648936982,,0.0006049821648936982,0.0006049821648936982,1,0.2,
340X107,0.0006045231180046968,,0.0006045231180046968,0.0006045231180046968,1,0.2,
344X34,0.0006031180624229873,,0.0006031180624229873,0.0006031180624229873,1,0.2,
420X212,0.0006023019262670292,,0.0006023019262670292,0.0006023019262670292,1,0.2,
340X59,0.0006012827660981936,,0.0006012827660981936,0.0006012827660981936,1,0.2,
360X285,0.0005985436871940952,,0.0005985436871940952,0.0005985436871940952,1,0.2,
360X521,0.0005980694671490344,,0.0005980694671490344,0.0005980694671490344,1,0.2,
420X25,0.000597990225627846,,0.000597990225627846,0.000597990225627846,1,0.2,
210X5,0.0005968935777651338,,0.0005968935777651338,0.0005968935777651338,1,0.2,
330X581,0.0005968612483550303,,0.0005968612483550303,0.0005968612483550303,1,0.2,
330X147,0.0005946258900656495,,0.0005946258900656495,0.0005946258900656495,1,0.2,
210X189,0.0005937635683230646,,0.0005937635683230646,0.0005937635683230646,1,0.2,
420X213,0.000593165039080417,,0.000593165039080417,0.000593165039080417,1,0.2,
420X117,0.0005922923295183445,,0.0005922923295183445,0.0005922923295183445,1,0.2,
210X43,0.0005913862059821323,,0.0005913862059821323,0.0005913862059821323,1,0.2,
210X184,0.0005895921669995518,,0.0005895921669995518,0.0005895921669995518,1,0.2,
520X56,0.0005891654959757301,,0.0005891654959757301,0.0005891654959757301,1,0.2,
420X216,0.0005856542151278459,,0.0005856542151278459,0.0005856542151278459,1,0.2,
210X102,0.0005835384379695118,,0.0005835384379695118,0.0005835384379695118,1,0.2,
520X23,0.0005834227692969816,,0.0005834227692969816,0.0005834227692969816,1,0.2,
210X176,0.0005825044952711851,,0.0005825044952711851,0.0005825044952711851,1,0.2,
330X1225,0.0005814302454741607,,0.0005814302454741607,0.0005814302454741607,1,0.2,
520X295,0.0005811431058077645,,0.0005811431058077645,0.0005811431058077645,1,0.2,
520X28,0.000580660738441801,,0.000580660738441801,0.000580660738441801,1,0.2,
520X117,0.0005804411087526252,,0.0005804411087526252,0.0005804411087526252,1,0.2,
312X238,0.000579210986555793,,0.000579210986555793,0.000579210986555793,1,0.2,
210X202,0.0005776796075281233,,0.0005776796075281233,0.0005776796075281233,1,0.2,
420X209,0.0005776512665959066,,0.0005776512665959066,0.0005776512665959066,1,0.2,
