feature,operation,feature_type,unit,physical_interpretation,interpretation_limit
raw__311X25,311,匿名原始过程变量,原始量纲未知,对应工序中的机台或工艺测量值,需由字段数据字典确认是温度、流量、功率或其他参数
raw__311X183,311,匿名原始过程变量,原始量纲未知,对应工序中的机台或工艺测量值,需由字段数据字典确认是温度、流量、功率或其他参数
raw__311X26,311,匿名原始过程变量,原始量纲未知,对应工序中的机台或工艺测量值,需由字段数据字典确认是温度、流量、功率或其他参数
raw__311X184,311,匿名原始过程变量,原始量纲未知,对应工序中的机台或工艺测量值,需由字段数据字典确认是温度、流量、功率或其他参数
raw__311X154,311,匿名原始过程变量,原始量纲未知,对应工序中的机台或工艺测量值,需由字段数据字典确认是温度、流量、功率或其他参数
raw__330X276,330,匿名原始过程变量,原始量纲未知,对应工序中的机台或工艺测量值,需由字段数据字典确认是温度、流量、功率或其他参数
raw__210X51,210,匿名原始过程变量,原始量纲未知,对应工序中的机台或工艺测量值,需由字段数据字典确认是温度、流量、功率或其他参数
raw__311X197,311,匿名原始过程变量,原始量纲未知,对应工序中的机台或工艺测量值,需由字段数据字典确认是温度、流量、功率或其他参数
raw__311X87,311,匿名原始过程变量,原始量纲未知,对应工序中的机台或工艺测量值,需由字段数据字典确认是温度、流量、功率或其他参数
raw__420X210,420,匿名原始过程变量,原始量纲未知,对应工序中的机台或工艺测量值,需由字段数据字典确认是温度、流量、功率或其他参数
raw__210X45,210,匿名原始过程变量,原始量纲未知,对应工序中的机台或工艺测量值,需由字段数据字典确认是温度、流量、功率或其他参数
raw__311X188,311,匿名原始过程变量,原始量纲未知,对应工序中的机台或工艺测量值,需由字段数据字典确认是温度、流量、功率或其他参数
raw__311X196,311,匿名原始过程变量,原始量纲未知,对应工序中的机台或工艺测量值,需由字段数据字典确认是温度、流量、功率或其他参数
raw__311X88,311,匿名原始过程变量,原始量纲未知,对应工序中的机台或工艺测量值,需由字段数据字典确认是温度、流量、功率或其他参数
raw__520X353,520,匿名原始过程变量,原始量纲未知,对应工序中的机台或工艺测量值,需由字段数据字典确认是温度、流量、功率或其他参数
raw__220X33,220,匿名原始过程变量,原始量纲未知,对应工序中的机台或工艺测量值,需由字段数据字典确认是温度、流量、功率或其他参数
raw__520X144,520,匿名原始过程变量,原始量纲未知,对应工序中的机台或工艺测量值,需由字段数据字典确认是温度、流量、功率或其他参数
raw__520X1,520,匿名原始过程变量,原始量纲未知,对应工序中的机台或工艺测量值,需由字段数据字典确认是温度、流量、功率或其他参数
raw__311X189,311,匿名原始过程变量,原始量纲未知,对应工序中的机台或工艺测量值,需由字段数据字典确认是温度、流量、功率或其他参数
route__210_to_220__gap_hours,210_to_220,跨工序时间,小时或0/1,相邻工序等待时间或并行重叠状态,工序先后关系按编号排序，需要业务确认
raw__520X345,520,匿名原始过程变量,原始量纲未知,对应工序中的机台或工艺测量值,需由字段数据字典确认是温度、流量、功率或其他参数
raw__210X118,210,匿名原始过程变量,原始量纲未知,对应工序中的机台或工艺测量值,需由字段数据字典确认是温度、流量、功率或其他参数
raw__311X86,311,匿名原始过程变量,原始量纲未知,对应工序中的机台或工艺测量值,需由字段数据字典确认是温度、流量、功率或其他参数
raw__311X182,311,匿名原始过程变量,原始量纲未知,对应工序中的机台或工艺测量值,需由字段数据字典确认是温度、流量、功率或其他参数
raw__344X250,344,匿名原始过程变量,原始量纲未知,对应工序中的机台或工艺测量值,需由字段数据字典确认是温度、流量、功率或其他参数
raw__520X351,520,匿名原始过程变量,原始量纲未知,对应工序中的机台或工艺测量值,需由字段数据字典确认是温度、流量、功率或其他参数
time__220__median_day,220,工序时间,天或分钟,工序开始、结束、中位时间或工序内跨度,时间列含义由格式推断，需结合工艺时序复核
raw__210X133,210,匿名原始过程变量,原始量纲未知,对应工序中的机台或工艺测量值,需由字段数据字典确认是温度、流量、功率或其他参数
raw__420X97,420,匿名原始过程变量,原始量纲未知,对应工序中的机台或工艺测量值,需由字段数据字典确认是温度、流量、功率或其他参数
raw__311X80,311,匿名原始过程变量,原始量纲未知,对应工序中的机台或工艺测量值,需由字段数据字典确认是温度、流量、功率或其他参数
raw__210X134,210,匿名原始过程变量,原始量纲未知,对应工序中的机台或工艺测量值,需由字段数据字典确认是温度、流量、功率或其他参数
raw__330X206,330,匿名原始过程变量,原始量纲未知,对应工序中的机台或工艺测量值,需由字段数据字典确认是温度、流量、功率或其他参数
raw__210X121,210,匿名原始过程变量,原始量纲未知,对应工序中的机台或工艺测量值,需由字段数据字典确认是温度、流量、功率或其他参数
raw__311X187,311,匿名原始过程变量,原始量纲未知,对应工序中的机台或工艺测量值,需由字段数据字典确认是温度、流量、功率或其他参数
raw__210X167,210,匿名原始过程变量,原始量纲未知,对应工序中的机台或工艺测量值,需由字段数据字典确认是温度、流量、功率或其他参数
raw__210X217,210,匿名原始过程变量,原始量纲未知,对应工序中的机台或工艺测量值,需由字段数据字典确认是温度、流量、功率或其他参数
proc__750__min_z,750,工序稳健统计,无量纲或比例,该工序整体偏离正常设备分布的程度,是匿名变量的统计汇总，不等同于单一物理量
raw__311X137,311,匿名原始过程变量,原始量纲未知,对应工序中的机台或工艺测量值,需由字段数据字典确认是温度、流量、功率或其他参数
time__210__start_day,210,工序时间,天或分钟,工序开始、结束、中位时间或工序内跨度,时间列含义由格式推断，需结合工艺时序复核
raw__210X11,210,匿名原始过程变量,原始量纲未知,对应工序中的机台或工艺测量值,需由字段数据字典确认是温度、流量、功率或其他参数
raw__311X84,311,匿名原始过程变量,原始量纲未知,对应工序中的机台或工艺测量值,需由字段数据字典确认是温度、流量、功率或其他参数
raw__344X79,344,匿名原始过程变量,原始量纲未知,对应工序中的机台或工艺测量值,需由字段数据字典确认是温度、流量、功率或其他参数
time__210__end_day,210,工序时间,天或分钟,工序开始、结束、中位时间或工序内跨度,时间列含义由格式推断，需结合工艺时序复核
proc__210__max_z,210,工序稳健统计,无量纲或比例,该工序整体偏离正常设备分布的程度,是匿名变量的统计汇总，不等同于单一物理量
raw__210X120,210,匿名原始过程变量,原始量纲未知,对应工序中的机台或工艺测量值,需由字段数据字典确认是温度、流量、功率或其他参数
raw__344X87,344,匿名原始过程变量,原始量纲未知,对应工序中的机台或工艺测量值,需由字段数据字典确认是温度、流量、功率或其他参数
raw__311X33,311,匿名原始过程变量,原始量纲未知,对应工序中的机台或工艺测量值,需由字段数据字典确认是温度、流量、功率或其他参数
time__310__median_day,310,工序时间,天或分钟,工序开始、结束、中位时间或工序内跨度,时间列含义由格式推断，需结合工艺时序复核
raw__220X70,220,匿名原始过程变量,原始量纲未知,对应工序中的机台或工艺测量值,需由字段数据字典确认是温度、流量、功率或其他参数
route__520_to_750__gap_hours,520_to_750,跨工序时间,小时或0/1,相邻工序等待时间或并行重叠状态,工序先后关系按编号排序，需要业务确认
proc__750__range_z,750,工序稳健统计,无量纲或比例,该工序整体偏离正常设备分布的程度,是匿名变量的统计汇总，不等同于单一物理量
raw__344X53,344,匿名原始过程变量,原始量纲未知,对应工序中的机台或工艺测量值,需由字段数据字典确认是温度、流量、功率或其他参数
raw__420X31,420,匿名原始过程变量,原始量纲未知,对应工序中的机台或工艺测量值,需由字段数据字典确认是温度、流量、功率或其他参数
raw__210X162,210,匿名原始过程变量,原始量纲未知,对应工序中的机台或工艺测量值,需由字段数据字典确认是温度、流量、功率或其他参数
proc__210__range_z,210,工序稳健统计,无量纲或比例,该工序整体偏离正常设备分布的程度,是匿名变量的统计汇总，不等同于单一物理量
raw__340X107,340,匿名原始过程变量,原始量纲未知,对应工序中的机台或工艺测量值,需由字段数据字典确认是温度、流量、功率或其他参数
raw__ERROR:#N/A_4,META,匿名原始过程变量,原始量纲未知,对应工序中的机台或工艺测量值,需由字段数据字典确认是温度、流量、功率或其他参数
raw__420X92,420,匿名原始过程变量,原始量纲未知,对应工序中的机台或工艺测量值,需由字段数据字典确认是温度、流量、功率或其他参数
raw__750X1061,750,匿名原始过程变量,原始量纲未知,对应工序中的机台或工艺测量值,需由字段数据字典确认是温度、流量、功率或其他参数
raw__330X140,330,匿名原始过程变量,原始量纲未知,对应工序中的机台或工艺测量值,需由字段数据字典确认是温度、流量、功率或其他参数
time__311__start_day,311,工序时间,天或分钟,工序开始、结束、中位时间或工序内跨度,时间列含义由格式推断，需结合工艺时序复核
raw__520X246,520,匿名原始过程变量,原始量纲未知,对应工序中的机台或工艺测量值,需由字段数据字典确认是温度、流量、功率或其他参数
raw__311X89,311,匿名原始过程变量,原始量纲未知,对应工序中的机台或工艺测量值,需由字段数据字典确认是温度、流量、功率或其他参数
raw__220X3,220,匿名原始过程变量,原始量纲未知,对应工序中的机台或工艺测量值,需由字段数据字典确认是温度、流量、功率或其他参数
raw__210X82,210,匿名原始过程变量,原始量纲未知,对应工序中的机台或工艺测量值,需由字段数据字典确认是温度、流量、功率或其他参数
raw__311X90,311,匿名原始过程变量,原始量纲未知,对应工序中的机台或工艺测量值,需由字段数据字典确认是温度、流量、功率或其他参数
raw__420X188,420,匿名原始过程变量,原始量纲未知,对应工序中的机台或工艺测量值,需由字段数据字典确认是温度、流量、功率或其他参数
proc__750__outlier_rate,750,工序稳健统计,无量纲或比例,该工序整体偏离正常设备分布的程度,是匿名变量的统计汇总，不等同于单一物理量
time__400__median_day,400,工序时间,天或分钟,工序开始、结束、中位时间或工序内跨度,时间列含义由格式推断，需结合工艺时序复核
raw__210X3,210,匿名原始过程变量,原始量纲未知,对应工序中的机台或工艺测量值,需由字段数据字典确认是温度、流量、功率或其他参数
proc__420__min_z,420,工序稳健统计,无量纲或比例,该工序整体偏离正常设备分布的程度,是匿名变量的统计汇总，不等同于单一物理量
raw__210X14,210,匿名原始过程变量,原始量纲未知,对应工序中的机台或工艺测量值,需由字段数据字典确认是温度、流量、功率或其他参数
raw__344X71,344,匿名原始过程变量,原始量纲未知,对应工序中的机台或工艺测量值,需由字段数据字典确认是温度、流量、功率或其他参数
proc__420__range_z,420,工序稳健统计,无量纲或比例,该工序整体偏离正常设备分布的程度,是匿名变量的统计汇总，不等同于单一物理量
time__300__start_day,300,工序时间,天或分钟,工序开始、结束、中位时间或工序内跨度,时间列含义由格式推断，需结合工艺时序复核
raw__360X1138,360,匿名原始过程变量,原始量纲未知,对应工序中的机台或工艺测量值,需由字段数据字典确认是温度、流量、功率或其他参数
raw__311X211,311,匿名原始过程变量,原始量纲未知,对应工序中的机台或工艺测量值,需由字段数据字典确认是温度、流量、功率或其他参数
raw__210X157,210,匿名原始过程变量,原始量纲未知,对应工序中的机台或工艺测量值,需由字段数据字典确认是温度、流量、功率或其他参数
raw__420X189,420,匿名原始过程变量,原始量纲未知,对应工序中的机台或工艺测量值,需由字段数据字典确认是温度、流量、功率或其他参数
time__210__median_day,210,工序时间,天或分钟,工序开始、结束、中位时间或工序内跨度,时间列含义由格式推断，需结合工艺时序复核
raw__344X225,344,匿名原始过程变量,原始量纲未知,对应工序中的机台或工艺测量值,需由字段数据字典确认是温度、流量、功率或其他参数
raw__311X27,311,匿名原始过程变量,原始量纲未知,对应工序中的机台或工艺测量值,需由字段数据字典确认是温度、流量、功率或其他参数
raw__220X54,220,匿名原始过程变量,原始量纲未知,对应工序中的机台或工艺测量值,需由字段数据字典确认是温度、流量、功率或其他参数
raw__210X39,210,匿名原始过程变量,原始量纲未知,对应工序中的机台或工艺测量值,需由字段数据字典确认是温度、流量、功率或其他参数
raw__210X131,210,匿名原始过程变量,原始量纲未知,对应工序中的机台或工艺测量值,需由字段数据字典确认是温度、流量、功率或其他参数
proc__330__mean_z,330,工序稳健统计,无量纲或比例,该工序整体偏离正常设备分布的程度,是匿名变量的统计汇总，不等同于单一物理量
proc__420__std_z,420,工序稳健统计,无量纲或比例,该工序整体偏离正常设备分布的程度,是匿名变量的统计汇总，不等同于单一物理量
raw__210X169,210,匿名原始过程变量,原始量纲未知,对应工序中的机台或工艺测量值,需由字段数据字典确认是温度、流量、功率或其他参数
raw__330X956,330,匿名原始过程变量,原始量纲未知,对应工序中的机台或工艺测量值,需由字段数据字典确认是温度、流量、功率或其他参数
raw__344X221,344,匿名原始过程变量,原始量纲未知,对应工序中的机台或工艺测量值,需由字段数据字典确认是温度、流量、功率或其他参数
raw__210X151,210,匿名原始过程变量,原始量纲未知,对应工序中的机台或工艺测量值,需由字段数据字典确认是温度、流量、功率或其他参数
raw__220X163,220,匿名原始过程变量,原始量纲未知,对应工序中的机台或工艺测量值,需由字段数据字典确认是温度、流量、功率或其他参数
raw__344X147,344,匿名原始过程变量,原始量纲未知,对应工序中的机台或工艺测量值,需由字段数据字典确认是温度、流量、功率或其他参数
raw__420X93,420,匿名原始过程变量,原始量纲未知,对应工序中的机台或工艺测量值,需由字段数据字典确认是温度、流量、功率或其他参数
raw__330X691,330,匿名原始过程变量,原始量纲未知,对应工序中的机台或工艺测量值,需由字段数据字典确认是温度、流量、功率或其他参数
time__520__median_day,520,工序时间,天或分钟,工序开始、结束、中位时间或工序内跨度,时间列含义由格式推断，需结合工艺时序复核
raw__360X294,360,匿名原始过程变量,原始量纲未知,对应工序中的机台或工艺测量值,需由字段数据字典确认是温度、流量、功率或其他参数
raw__210X16,210,匿名原始过程变量,原始量纲未知,对应工序中的机台或工艺测量值,需由字段数据字典确认是温度、流量、功率或其他参数
raw__344X208,344,匿名原始过程变量,原始量纲未知,对应工序中的机台或工艺测量值,需由字段数据字典确认是温度、流量、功率或其他参数
raw__330X609,330,匿名原始过程变量,原始量纲未知,对应工序中的机台或工艺测量值,需由字段数据字典确认是温度、流量、功率或其他参数
raw__330X803,330,匿名原始过程变量,原始量纲未知,对应工序中的机台或工艺测量值,需由字段数据字典确认是温度、流量、功率或其他参数
raw__220X164,220,匿名原始过程变量,原始量纲未知,对应工序中的机台或工艺测量值,需由字段数据字典确认是温度、流量、功率或其他参数
raw__750X47,750,匿名原始过程变量,原始量纲未知,对应工序中的机台或工艺测量值,需由字段数据字典确认是温度、流量、功率或其他参数
raw__330X816,330,匿名原始过程变量,原始量纲未知,对应工序中的机台或工艺测量值,需由字段数据字典确认是温度、流量、功率或其他参数
raw__210X84,210,匿名原始过程变量,原始量纲未知,对应工序中的机台或工艺测量值,需由字段数据字典确认是温度、流量、功率或其他参数
raw__330X574,330,匿名原始过程变量,原始量纲未知,对应工序中的机台或工艺测量值,需由字段数据字典确认是温度、流量、功率或其他参数
raw__750X1201,750,匿名原始过程变量,原始量纲未知,对应工序中的机台或工艺测量值,需由字段数据字典确认是温度、流量、功率或其他参数
route__400_to_420__gap_hours,400_to_420,跨工序时间,小时或0/1,相邻工序等待时间或并行重叠状态,工序先后关系按编号排序，需要业务确认
raw__210X156,210,匿名原始过程变量,原始量纲未知,对应工序中的机台或工艺测量值,需由字段数据字典确认是温度、流量、功率或其他参数
proc__420__q75_z,420,工序稳健统计,无量纲或比例,该工序整体偏离正常设备分布的程度,是匿名变量的统计汇总，不等同于单一物理量
raw__210X188,210,匿名原始过程变量,原始量纲未知,对应工序中的机台或工艺测量值,需由字段数据字典确认是温度、流量、功率或其他参数
raw__210X211,210,匿名原始过程变量,原始量纲未知,对应工序中的机台或工艺测量值,需由字段数据字典确认是温度、流量、功率或其他参数
proc__330__q25_z,330,工序稳健统计,无量纲或比例,该工序整体偏离正常设备分布的程度,是匿名变量的统计汇总，不等同于单一物理量
raw__520X32,520,匿名原始过程变量,原始量纲未知,对应工序中的机台或工艺测量值,需由字段数据字典确认是温度、流量、功率或其他参数
raw__344X1,344,匿名原始过程变量,原始量纲未知,对应工序中的机台或工艺测量值,需由字段数据字典确认是温度、流量、功率或其他参数
raw__420X95,420,匿名原始过程变量,原始量纲未知,对应工序中的机台或工艺测量值,需由字段数据字典确认是温度、流量、功率或其他参数
raw__210X83,210,匿名原始过程变量,原始量纲未知,对应工序中的机台或工艺测量值,需由字段数据字典确认是温度、流量、功率或其他参数
raw__311X82,311,匿名原始过程变量,原始量纲未知,对应工序中的机台或工艺测量值,需由字段数据字典确认是温度、流量、功率或其他参数
raw__420X99,420,匿名原始过程变量,原始量纲未知,对应工序中的机台或工艺测量值,需由字段数据字典确认是温度、流量、功率或其他参数
raw__220X223,220,匿名原始过程变量,原始量纲未知,对应工序中的机台或工艺测量值,需由字段数据字典确认是温度、流量、功率或其他参数
raw__750X327,750,匿名原始过程变量,原始量纲未知,对应工序中的机台或工艺测量值,需由字段数据字典确认是温度、流量、功率或其他参数
raw__ERROR:#N/A_14,META,匿名原始过程变量,原始量纲未知,对应工序中的机台或工艺测量值,需由字段数据字典确认是温度、流量、功率或其他参数
raw__344X19,344,匿名原始过程变量,原始量纲未知,对应工序中的机台或工艺测量值,需由字段数据字典确认是温度、流量、功率或其他参数
raw__210X158,210,匿名原始过程变量,原始量纲未知,对应工序中的机台或工艺测量值,需由字段数据字典确认是温度、流量、功率或其他参数
time__310__start_day,310,工序时间,天或分钟,工序开始、结束、中位时间或工序内跨度,时间列含义由格式推断，需结合工艺时序复核
raw__210X207,210,匿名原始过程变量,原始量纲未知,对应工序中的机台或工艺测量值,需由字段数据字典确认是温度、流量、功率或其他参数
raw__360X743,360,匿名原始过程变量,原始量纲未知,对应工序中的机台或工艺测量值,需由字段数据字典确认是温度、流量、功率或其他参数
proc__420__q25_z,420,工序稳健统计,无量纲或比例,该工序整体偏离正常设备分布的程度,是匿名变量的统计汇总，不等同于单一物理量
time__220__end_day,220,工序时间,天或分钟,工序开始、结束、中位时间或工序内跨度,时间列含义由格式推断，需结合工艺时序复核
raw__311X53,311,匿名原始过程变量,原始量纲未知,对应工序中的机台或工艺测量值,需由字段数据字典确认是温度、流量、功率或其他参数
raw__210X26,210,匿名原始过程变量,原始量纲未知,对应工序中的机台或工艺测量值,需由字段数据字典确认是温度、流量、功率或其他参数
raw__750X1105,750,匿名原始过程变量,原始量纲未知,对应工序中的机台或工艺测量值,需由字段数据字典确认是温度、流量、功率或其他参数
raw__344X212,344,匿名原始过程变量,原始量纲未知,对应工序中的机台或工艺测量值,需由字段数据字典确认是温度、流量、功率或其他参数
raw__420X200,420,匿名原始过程变量,原始量纲未知,对应工序中的机台或工艺测量值,需由字段数据字典确认是温度、流量、功率或其他参数
raw__330X1203,330,匿名原始过程变量,原始量纲未知,对应工序中的机台或工艺测量值,需由字段数据字典确认是温度、流量、功率或其他参数
raw__340X15,340,匿名原始过程变量,原始量纲未知,对应工序中的机台或工艺测量值,需由字段数据字典确认是温度、流量、功率或其他参数
proc__440A__q75_z,440A,工序稳健统计,无量纲或比例,该工序整体偏离正常设备分布的程度,是匿名变量的统计汇总，不等同于单一物理量
raw__312X286,312,匿名原始过程变量,原始量纲未知,对应工序中的机台或工艺测量值,需由字段数据字典确认是温度、流量、功率或其他参数
raw__210X36,210,匿名原始过程变量,原始量纲未知,对应工序中的机台或工艺测量值,需由字段数据字典确认是温度、流量、功率或其他参数
raw__344X185,344,匿名原始过程变量,原始量纲未知,对应工序中的机台或工艺测量值,需由字段数据字典确认是温度、流量、功率或其他参数
raw__312X699,312,匿名原始过程变量,原始量纲未知,对应工序中的机台或工艺测量值,需由字段数据字典确认是温度、流量、功率或其他参数
raw__420X132,420,匿名原始过程变量,原始量纲未知,对应工序中的机台或工艺测量值,需由字段数据字典确认是温度、流量、功率或其他参数
proc__330__outlier_rate,330,工序稳健统计,无量纲或比例,该工序整体偏离正常设备分布的程度,是匿名变量的统计汇总，不等同于单一物理量
raw__210X163,210,匿名原始过程变量,原始量纲未知,对应工序中的机台或工艺测量值,需由字段数据字典确认是温度、流量、功率或其他参数
raw__360X741,360,匿名原始过程变量,原始量纲未知,对应工序中的机台或工艺测量值,需由字段数据字典确认是温度、流量、功率或其他参数
raw__420X159,420,匿名原始过程变量,原始量纲未知,对应工序中的机台或工艺测量值,需由字段数据字典确认是温度、流量、功率或其他参数
raw__210X206,210,匿名原始过程变量,原始量纲未知,对应工序中的机台或工艺测量值,需由字段数据字典确认是温度、流量、功率或其他参数
raw__520X87,520,匿名原始过程变量,原始量纲未知,对应工序中的机台或工艺测量值,需由字段数据字典确认是温度、流量、功率或其他参数
raw__210X174,210,匿名原始过程变量,原始量纲未知,对应工序中的机台或工艺测量值,需由字段数据字典确认是温度、流量、功率或其他参数
raw__400X170,400,匿名原始过程变量,原始量纲未知,对应工序中的机台或工艺测量值,需由字段数据字典确认是温度、流量、功率或其他参数
proc__344__outlier_rate,344,工序稳健统计,无量纲或比例,该工序整体偏离正常设备分布的程度,是匿名变量的统计汇总，不等同于单一物理量
raw__210X41,210,匿名原始过程变量,原始量纲未知,对应工序中的机台或工艺测量值,需由字段数据字典确认是温度、流量、功率或其他参数
raw__750X785,750,匿名原始过程变量,原始量纲未知,对应工序中的机台或工艺测量值,需由字段数据字典确认是温度、流量、功率或其他参数
raw__311X210,311,匿名原始过程变量,原始量纲未知,对应工序中的机台或工艺测量值,需由字段数据字典确认是温度、流量、功率或其他参数
proc__440A__mean_z,440A,工序稳健统计,无量纲或比例,该工序整体偏离正常设备分布的程度,是匿名变量的统计汇总，不等同于单一物理量
proc__311__max_z,311,工序稳健统计,无量纲或比例,该工序整体偏离正常设备分布的程度,是匿名变量的统计汇总，不等同于单一物理量
raw__210X102,210,匿名原始过程变量,原始量纲未知,对应工序中的机台或工艺测量值,需由字段数据字典确认是温度、流量、功率或其他参数
raw__ERROR:#N/A_11,META,匿名原始过程变量,原始量纲未知,对应工序中的机台或工艺测量值,需由字段数据字典确认是温度、流量、功率或其他参数
raw__311X9,311,匿名原始过程变量,原始量纲未知,对应工序中的机台或工艺测量值,需由字段数据字典确认是温度、流量、功率或其他参数
raw__210X94,210,匿名原始过程变量,原始量纲未知,对应工序中的机台或工艺测量值,需由字段数据字典确认是温度、流量、功率或其他参数
proc__300__mean_z,300,工序稳健统计,无量纲或比例,该工序整体偏离正常设备分布的程度,是匿名变量的统计汇总，不等同于单一物理量
raw__420X187,420,匿名原始过程变量,原始量纲未知,对应工序中的机台或工艺测量值,需由字段数据字典确认是温度、流量、功率或其他参数
raw__210X43,210,匿名原始过程变量,原始量纲未知,对应工序中的机台或工艺测量值,需由字段数据字典确认是温度、流量、功率或其他参数
raw__750X677,750,匿名原始过程变量,原始量纲未知,对应工序中的机台或工艺测量值,需由字段数据字典确认是温度、流量、功率或其他参数
proc__750__max_z,750,工序稳健统计,无量纲或比例,该工序整体偏离正常设备分布的程度,是匿名变量的统计汇总，不等同于单一物理量
time__520__start_day,520,工序时间,天或分钟,工序开始、结束、中位时间或工序内跨度,时间列含义由格式推断，需结合工艺时序复核
raw__750X228,750,匿名原始过程变量,原始量纲未知,对应工序中的机台或工艺测量值,需由字段数据字典确认是温度、流量、功率或其他参数
raw__311X4,311,匿名原始过程变量,原始量纲未知,对应工序中的机台或工艺测量值,需由字段数据字典确认是温度、流量、功率或其他参数
raw__330X432,330,匿名原始过程变量,原始量纲未知,对应工序中的机台或工艺测量值,需由字段数据字典确认是温度、流量、功率或其他参数
raw__344X16,344,匿名原始过程变量,原始量纲未知,对应工序中的机台或工艺测量值,需由字段数据字典确认是温度、流量、功率或其他参数
proc__400__max_z,400,工序稳健统计,无量纲或比例,该工序整体偏离正常设备分布的程度,是匿名变量的统计汇总，不等同于单一物理量
raw__210X63,210,匿名原始过程变量,原始量纲未知,对应工序中的机台或工艺测量值,需由字段数据字典确认是温度、流量、功率或其他参数
raw__330X976,330,匿名原始过程变量,原始量纲未知,对应工序中的机台或工艺测量值,需由字段数据字典确认是温度、流量、功率或其他参数
raw__360X403,360,匿名原始过程变量,原始量纲未知,对应工序中的机台或工艺测量值,需由字段数据字典确认是温度、流量、功率或其他参数
raw__420X33,420,匿名原始过程变量,原始量纲未知,对应工序中的机台或工艺测量值,需由字段数据字典确认是温度、流量、功率或其他参数
time__300__end_day,300,工序时间,天或分钟,工序开始、结束、中位时间或工序内跨度,时间列含义由格式推断，需结合工艺时序复核
raw__210X135,210,匿名原始过程变量,原始量纲未知,对应工序中的机台或工艺测量值,需由字段数据字典确认是温度、流量、功率或其他参数
raw__210X46,210,匿名原始过程变量,原始量纲未知,对应工序中的机台或工艺测量值,需由字段数据字典确认是温度、流量、功率或其他参数
proc__300__min_z,300,工序稳健统计,无量纲或比例,该工序整体偏离正常设备分布的程度,是匿名变量的统计汇总，不等同于单一物理量
raw__750X702,750,匿名原始过程变量,原始量纲未知,对应工序中的机台或工艺测量值,需由字段数据字典确认是温度、流量、功率或其他参数
time__420__end_day,420,工序时间,天或分钟,工序开始、结束、中位时间或工序内跨度,时间列含义由格式推断，需结合工艺时序复核
raw__330X112,330,匿名原始过程变量,原始量纲未知,对应工序中的机台或工艺测量值,需由字段数据字典确认是温度、流量、功率或其他参数
raw__750X1083,750,匿名原始过程变量,原始量纲未知,对应工序中的机台或工艺测量值,需由字段数据字典确认是温度、流量、功率或其他参数
raw__210X123,210,匿名原始过程变量,原始量纲未知,对应工序中的机台或工艺测量值,需由字段数据字典确认是温度、流量、功率或其他参数
raw__344X5,344,匿名原始过程变量,原始量纲未知,对应工序中的机台或工艺测量值,需由字段数据字典确认是温度、流量、功率或其他参数
raw__210X150,210,匿名原始过程变量,原始量纲未知,对应工序中的机台或工艺测量值,需由字段数据字典确认是温度、流量、功率或其他参数
proc__300__median_z,300,工序稳健统计,无量纲或比例,该工序整体偏离正常设备分布的程度,是匿名变量的统计汇总，不等同于单一物理量
raw__210X34,210,匿名原始过程变量,原始量纲未知,对应工序中的机台或工艺测量值,需由字段数据字典确认是温度、流量、功率或其他参数
raw__210X53,210,匿名原始过程变量,原始量纲未知,对应工序中的机台或工艺测量值,需由字段数据字典确认是温度、流量、功率或其他参数
time__220__start_day,220,工序时间,天或分钟,工序开始、结束、中位时间或工序内跨度,时间列含义由格式推断，需结合工艺时序复核
raw__311X72,311,匿名原始过程变量,原始量纲未知,对应工序中的机台或工艺测量值,需由字段数据字典确认是温度、流量、功率或其他参数
raw__210X144,210,匿名原始过程变量,原始量纲未知,对应工序中的机台或工艺测量值,需由字段数据字典确认是温度、流量、功率或其他参数
proc__440A__outlier_rate,440A,工序稳健统计,无量纲或比例,该工序整体偏离正常设备分布的程度,是匿名变量的统计汇总，不等同于单一物理量
raw__344X194,344,匿名原始过程变量,原始量纲未知,对应工序中的机台或工艺测量值,需由字段数据字典确认是温度、流量、功率或其他参数
raw__210X145,210,匿名原始过程变量,原始量纲未知,对应工序中的机台或工艺测量值,需由字段数据字典确认是温度、流量、功率或其他参数
raw__750X582,750,匿名原始过程变量,原始量纲未知,对应工序中的机台或工艺测量值,需由字段数据字典确认是温度、流量、功率或其他参数
proc__420__mean_z,420,工序稳健统计,无量纲或比例,该工序整体偏离正常设备分布的程度,是匿名变量的统计汇总，不等同于单一物理量
proc__210__mean_z,210,工序稳健统计,无量纲或比例,该工序整体偏离正常设备分布的程度,是匿名变量的统计汇总，不等同于单一物理量
raw__340X13,340,匿名原始过程变量,原始量纲未知,对应工序中的机台或工艺测量值,需由字段数据字典确认是温度、流量、功率或其他参数
raw__210X128,210,匿名原始过程变量,原始量纲未知,对应工序中的机台或工艺测量值,需由字段数据字典确认是温度、流量、功率或其他参数
raw__210X71,210,匿名原始过程变量,原始量纲未知,对应工序中的机台或工艺测量值,需由字段数据字典确认是温度、流量、功率或其他参数
proc__330__min_z,330,工序稳健统计,无量纲或比例,该工序整体偏离正常设备分布的程度,是匿名变量的统计汇总，不等同于单一物理量
route__311_to_330__gap_hours,311_to_330,跨工序时间,小时或0/1,相邻工序等待时间或并行重叠状态,工序先后关系按编号排序，需要业务确认
proc__311__outlier_rate,311,工序稳健统计,无量纲或比例,该工序整体偏离正常设备分布的程度,是匿名变量的统计汇总，不等同于单一物理量
raw__210X191,210,匿名原始过程变量,原始量纲未知,对应工序中的机台或工艺测量值,需由字段数据字典确认是温度、流量、功率或其他参数
proc__312__q25_z,312,工序稳健统计,无量纲或比例,该工序整体偏离正常设备分布的程度,是匿名变量的统计汇总，不等同于单一物理量
raw__330X11,330,匿名原始过程变量,原始量纲未知,对应工序中的机台或工艺测量值,需由字段数据字典确认是温度、流量、功率或其他参数
raw__210X177,210,匿名原始过程变量,原始量纲未知,对应工序中的机台或工艺测量值,需由字段数据字典确认是温度、流量、功率或其他参数
raw__311X195,311,匿名原始过程变量,原始量纲未知,对应工序中的机台或工艺测量值,需由字段数据字典确认是温度、流量、功率或其他参数
raw__210X168,210,匿名原始过程变量,原始量纲未知,对应工序中的机台或工艺测量值,需由字段数据字典确认是温度、流量、功率或其他参数
raw__360X307,360,匿名原始过程变量,原始量纲未知,对应工序中的机台或工艺测量值,需由字段数据字典确认是温度、流量、功率或其他参数
proc__750__std_z,750,工序稳健统计,无量纲或比例,该工序整体偏离正常设备分布的程度,是匿名变量的统计汇总，不等同于单一物理量
raw__311X74,311,匿名原始过程变量,原始量纲未知,对应工序中的机台或工艺测量值,需由字段数据字典确认是温度、流量、功率或其他参数
proc__210__median_z,210,工序稳健统计,无量纲或比例,该工序整体偏离正常设备分布的程度,是匿名变量的统计汇总，不等同于单一物理量
proc__300__q25_z,300,工序稳健统计,无量纲或比例,该工序整体偏离正常设备分布的程度,是匿名变量的统计汇总，不等同于单一物理量
proc__311__std_z,311,工序稳健统计,无量纲或比例,该工序整体偏离正常设备分布的程度,是匿名变量的统计汇总，不等同于单一物理量
raw__520X83,520,匿名原始过程变量,原始量纲未知,对应工序中的机台或工艺测量值,需由字段数据字典确认是温度、流量、功率或其他参数
raw__344X103,344,匿名原始过程变量,原始量纲未知,对应工序中的机台或工艺测量值,需由字段数据字典确认是温度、流量、功率或其他参数
proc__520__max_z,520,工序稳健统计,无量纲或比例,该工序整体偏离正常设备分布的程度,是匿名变量的统计汇总，不等同于单一物理量
raw__311X73,311,匿名原始过程变量,原始量纲未知,对应工序中的机台或工艺测量值,需由字段数据字典确认是温度、流量、功率或其他参数
raw__210X119,210,匿名原始过程变量,原始量纲未知,对应工序中的机台或工艺测量值,需由字段数据字典确认是温度、流量、功率或其他参数
time__520__span_min,520,工序时间,天或分钟,工序开始、结束、中位时间或工序内跨度,时间列含义由格式推断，需结合工艺时序复核
raw__360X368,360,匿名原始过程变量,原始量纲未知,对应工序中的机台或工艺测量值,需由字段数据字典确认是温度、流量、功率或其他参数
proc__311__range_z,311,工序稳健统计,无量纲或比例,该工序整体偏离正常设备分布的程度,是匿名变量的统计汇总，不等同于单一物理量
raw__210X81,210,匿名原始过程变量,原始量纲未知,对应工序中的机台或工艺测量值,需由字段数据字典确认是温度、流量、功率或其他参数
time__300__median_day,300,工序时间,天或分钟,工序开始、结束、中位时间或工序内跨度,时间列含义由格式推断，需结合工艺时序复核
raw__210X187,210,匿名原始过程变量,原始量纲未知,对应工序中的机台或工艺测量值,需由字段数据字典确认是温度、流量、功率或其他参数
proc__311__zero_rate,311,工序稳健统计,无量纲或比例,该工序整体偏离正常设备分布的程度,是匿名变量的统计汇总，不等同于单一物理量
raw__330X626,330,匿名原始过程变量,原始量纲未知,对应工序中的机台或工艺测量值,需由字段数据字典确认是温度、流量、功率或其他参数
proc__310__min_z,310,工序稳健统计,无量纲或比例,该工序整体偏离正常设备分布的程度,是匿名变量的统计汇总，不等同于单一物理量
raw__750X743,750,匿名原始过程变量,原始量纲未知,对应工序中的机台或工艺测量值,需由字段数据字典确认是温度、流量、功率或其他参数
raw__210X178,210,匿名原始过程变量,原始量纲未知,对应工序中的机台或工艺测量值,需由字段数据字典确认是温度、流量、功率或其他参数
raw__330X266,330,匿名原始过程变量,原始量纲未知,对应工序中的机台或工艺测量值,需由字段数据字典确认是温度、流量、功率或其他参数
raw__750X765,750,匿名原始过程变量,原始量纲未知,对应工序中的机台或工艺测量值,需由字段数据字典确认是温度、流量、功率或其他参数
raw__344X158,344,匿名原始过程变量,原始量纲未知,对应工序中的机台或工艺测量值,需由字段数据字典确认是温度、流量、功率或其他参数
raw__360X1127,360,匿名原始过程变量,原始量纲未知,对应工序中的机台或工艺测量值,需由字段数据字典确认是温度、流量、功率或其他参数
raw__311X11,311,匿名原始过程变量,原始量纲未知,对应工序中的机台或工艺测量值,需由字段数据字典确认是温度、流量、功率或其他参数
proc__440A__median_z,440A,工序稳健统计,无量纲或比例,该工序整体偏离正常设备分布的程度,是匿名变量的统计汇总，不等同于单一物理量
raw__311X61,311,匿名原始过程变量,原始量纲未知,对应工序中的机台或工艺测量值,需由字段数据字典确认是温度、流量、功率或其他参数
raw__344X114,344,匿名原始过程变量,原始量纲未知,对应工序中的机台或工艺测量值,需由字段数据字典确认是温度、流量、功率或其他参数
raw__210X190,210,匿名原始过程变量,原始量纲未知,对应工序中的机台或工艺测量值,需由字段数据字典确认是温度、流量、功率或其他参数
raw__311X193,311,匿名原始过程变量,原始量纲未知,对应工序中的机台或工艺测量值,需由字段数据字典确认是温度、流量、功率或其他参数
raw__360X425,360,匿名原始过程变量,原始量纲未知,对应工序中的机台或工艺测量值,需由字段数据字典确认是温度、流量、功率或其他参数
raw__210X25,210,匿名原始过程变量,原始量纲未知,对应工序中的机台或工艺测量值,需由字段数据字典确认是温度、流量、功率或其他参数
raw__520X47,520,匿名原始过程变量,原始量纲未知,对应工序中的机台或工艺测量值,需由字段数据字典确认是温度、流量、功率或其他参数
raw__520X33,520,匿名原始过程变量,原始量纲未知,对应工序中的机台或工艺测量值,需由字段数据字典确认是温度、流量、功率或其他参数
raw__210X122,210,匿名原始过程变量,原始量纲未知,对应工序中的机台或工艺测量值,需由字段数据字典确认是温度、流量、功率或其他参数
raw__330X353,330,匿名原始过程变量,原始量纲未知,对应工序中的机台或工艺测量值,需由字段数据字典确认是温度、流量、功率或其他参数
raw__330X147,330,匿名原始过程变量,原始量纲未知,对应工序中的机台或工艺测量值,需由字段数据字典确认是温度、流量、功率或其他参数
proc__311__q75_z,311,工序稳健统计,无量纲或比例,该工序整体偏离正常设备分布的程度,是匿名变量的统计汇总，不等同于单一物理量
raw__420X67,420,匿名原始过程变量,原始量纲未知,对应工序中的机台或工艺测量值,需由字段数据字典确认是温度、流量、功率或其他参数
time__400__span_min,400,工序时间,天或分钟,工序开始、结束、中位时间或工序内跨度,时间列含义由格式推断，需结合工艺时序复核
raw__330X422,330,匿名原始过程变量,原始量纲未知,对应工序中的机台或工艺测量值,需由字段数据字典确认是温度、流量、功率或其他参数
time__330__start_day,330,工序时间,天或分钟,工序开始、结束、中位时间或工序内跨度,时间列含义由格式推断，需结合工艺时序复核
raw__312X520,312,匿名原始过程变量,原始量纲未知,对应工序中的机台或工艺测量值,需由字段数据字典确认是温度、流量、功率或其他参数
proc__311__q25_z,311,工序稳健统计,无量纲或比例,该工序整体偏离正常设备分布的程度,是匿名变量的统计汇总，不等同于单一物理量
raw__750X25,750,匿名原始过程变量,原始量纲未知,对应工序中的机台或工艺测量值,需由字段数据字典确认是温度、流量、功率或其他参数
raw__420X100,420,匿名原始过程变量,原始量纲未知,对应工序中的机台或工艺测量值,需由字段数据字典确认是温度、流量、功率或其他参数
proc__311__mean_z,311,工序稳健统计,无量纲或比例,该工序整体偏离正常设备分布的程度,是匿名变量的统计汇总，不等同于单一物理量
raw__344X22,344,匿名原始过程变量,原始量纲未知,对应工序中的机台或工艺测量值,需由字段数据字典确认是温度、流量、功率或其他参数
proc__344__min_z,344,工序稳健统计,无量纲或比例,该工序整体偏离正常设备分布的程度,是匿名变量的统计汇总，不等同于单一物理量
raw__210X160,210,匿名原始过程变量,原始量纲未知,对应工序中的机台或工艺测量值,需由字段数据字典确认是温度、流量、功率或其他参数
raw__311X70,311,匿名原始过程变量,原始量纲未知,对应工序中的机台或工艺测量值,需由字段数据字典确认是温度、流量、功率或其他参数
cat__Chamber ID_1,META,设备/工艺类别,类别指示,机台、腔体或工艺路线身份,匿名类别不表示性能高低
raw__311X8,311,匿名原始过程变量,原始量纲未知,对应工序中的机台或工艺测量值,需由字段数据字典确认是温度、流量、功率或其他参数
raw__ERROR:#N/A_8,META,匿名原始过程变量,原始量纲未知,对应工序中的机台或工艺测量值,需由字段数据字典确认是温度、流量、功率或其他参数
proc__440A__min_z,440A,工序稳健统计,无量纲或比例,该工序整体偏离正常设备分布的程度,是匿名变量的统计汇总，不等同于单一物理量
proc__360__range_z,360,工序稳健统计,无量纲或比例,该工序整体偏离正常设备分布的程度,是匿名变量的统计汇总，不等同于单一物理量
raw__750X185,750,匿名原始过程变量,原始量纲未知,对应工序中的机台或工艺测量值,需由字段数据字典确认是温度、流量、功率或其他参数
raw__311X151,311,匿名原始过程变量,原始量纲未知,对应工序中的机台或工艺测量值,需由字段数据字典确认是温度、流量、功率或其他参数
proc__210__outlier_rate,210,工序稳健统计,无量纲或比例,该工序整体偏离正常设备分布的程度,是匿名变量的统计汇总，不等同于单一物理量
route__220_to_300__gap_hours,220_to_300,跨工序时间,小时或0/1,相邻工序等待时间或并行重叠状态,工序先后关系按编号排序，需要业务确认
raw__750X252,750,匿名原始过程变量,原始量纲未知,对应工序中的机台或工艺测量值,需由字段数据字典确认是温度、流量、功率或其他参数
raw__311X67,311,匿名原始过程变量,原始量纲未知,对应工序中的机台或工艺测量值,需由字段数据字典确认是温度、流量、功率或其他参数
raw__360X702,360,匿名原始过程变量,原始量纲未知,对应工序中的机台或工艺测量值,需由字段数据字典确认是温度、流量、功率或其他参数
proc__520__mean_z,520,工序稳健统计,无量纲或比例,该工序整体偏离正常设备分布的程度,是匿名变量的统计汇总，不等同于单一物理量
time__420__span_min,420,工序时间,天或分钟,工序开始、结束、中位时间或工序内跨度,时间列含义由格式推断，需结合工艺时序复核
raw__344X105,344,匿名原始过程变量,原始量纲未知,对应工序中的机台或工艺测量值,需由字段数据字典确认是温度、流量、功率或其他参数
proc__360__outlier_rate,360,工序稳健统计,无量纲或比例,该工序整体偏离正常设备分布的程度,是匿名变量的统计汇总，不等同于单一物理量
time__300__span_min,300,工序时间,天或分钟,工序开始、结束、中位时间或工序内跨度,时间列含义由格式推断，需结合工艺时序复核
proc__210__q75_z,210,工序稳健统计,无量纲或比例,该工序整体偏离正常设备分布的程度,是匿名变量的统计汇总，不等同于单一物理量
raw__310X119,310,匿名原始过程变量,原始量纲未知,对应工序中的机台或工艺测量值,需由字段数据字典确认是温度、流量、功率或其他参数
raw__750X155,750,匿名原始过程变量,原始量纲未知,对应工序中的机台或工艺测量值,需由字段数据字典确认是温度、流量、功率或其他参数
proc__330__q75_z,330,工序稳健统计,无量纲或比例,该工序整体偏离正常设备分布的程度,是匿名变量的统计汇总，不等同于单一物理量
proc__440A__max_z,440A,工序稳健统计,无量纲或比例,该工序整体偏离正常设备分布的程度,是匿名变量的统计汇总，不等同于单一物理量
route__310_to_311__gap_hours,310_to_311,跨工序时间,小时或0/1,相邻工序等待时间或并行重叠状态,工序先后关系按编号排序，需要业务确认
time__330__end_day,330,工序时间,天或分钟,工序开始、结束、中位时间或工序内跨度,时间列含义由格式推断，需结合工艺时序复核
proc__311__median_z,311,工序稳健统计,无量纲或比例,该工序整体偏离正常设备分布的程度,是匿名变量的统计汇总，不等同于单一物理量
proc__310__range_z,310,工序稳健统计,无量纲或比例,该工序整体偏离正常设备分布的程度,是匿名变量的统计汇总，不等同于单一物理量
raw__ERROR:#N/A_25,META,匿名原始过程变量,原始量纲未知,对应工序中的机台或工艺测量值,需由字段数据字典确认是温度、流量、功率或其他参数
proc__400__q75_z,400,工序稳健统计,无量纲或比例,该工序整体偏离正常设备分布的程度,是匿名变量的统计汇总，不等同于单一物理量
proc__344__zero_rate,344,工序稳健统计,无量纲或比例,该工序整体偏离正常设备分布的程度,是匿名变量的统计汇总，不等同于单一物理量
raw__750X294,750,匿名原始过程变量,原始量纲未知,对应工序中的机台或工艺测量值,需由字段数据字典确认是温度、流量、功率或其他参数
raw__330X595,330,匿名原始过程变量,原始量纲未知,对应工序中的机台或工艺测量值,需由字段数据字典确认是温度、流量、功率或其他参数
raw__344X85,344,匿名原始过程变量,原始量纲未知,对应工序中的机台或工艺测量值,需由字段数据字典确认是温度、流量、功率或其他参数
proc__400__range_z,400,工序稳健统计,无量纲或比例,该工序整体偏离正常设备分布的程度,是匿名变量的统计汇总，不等同于单一物理量
raw__520X23,520,匿名原始过程变量,原始量纲未知,对应工序中的机台或工艺测量值,需由字段数据字典确认是温度、流量、功率或其他参数
proc__400__std_z,400,工序稳健统计,无量纲或比例,该工序整体偏离正常设备分布的程度,是匿名变量的统计汇总，不等同于单一物理量
proc__210__zero_rate,210,工序稳健统计,无量纲或比例,该工序整体偏离正常设备分布的程度,是匿名变量的统计汇总，不等同于单一物理量
proc__220__range_z,220,工序稳健统计,无量纲或比例,该工序整体偏离正常设备分布的程度,是匿名变量的统计汇总，不等同于单一物理量
proc__344__mean_z,344,工序稳健统计,无量纲或比例,该工序整体偏离正常设备分布的程度,是匿名变量的统计汇总，不等同于单一物理量
time__420__median_day,420,工序时间,天或分钟,工序开始、结束、中位时间或工序内跨度,时间列含义由格式推断，需结合工艺时序复核
raw__420X209,420,匿名原始过程变量,原始量纲未知,对应工序中的机台或工艺测量值,需由字段数据字典确认是温度、流量、功率或其他参数
raw__311X77,311,匿名原始过程变量,原始量纲未知,对应工序中的机台或工艺测量值,需由字段数据字典确认是温度、流量、功率或其他参数
raw__311X69,311,匿名原始过程变量,原始量纲未知,对应工序中的机台或工艺测量值,需由字段数据字典确认是温度、流量、功率或其他参数
raw__750X198,750,匿名原始过程变量,原始量纲未知,对应工序中的机台或工艺测量值,需由字段数据字典确认是温度、流量、功率或其他参数
proc__310__q25_z,310,工序稳健统计,无量纲或比例,该工序整体偏离正常设备分布的程度,是匿名变量的统计汇总，不等同于单一物理量
proc__220__min_z,220,工序稳健统计,无量纲或比例,该工序整体偏离正常设备分布的程度,是匿名变量的统计汇总，不等同于单一物理量
proc__210__min_z,210,工序稳健统计,无量纲或比例,该工序整体偏离正常设备分布的程度,是匿名变量的统计汇总，不等同于单一物理量
proc__300__q75_z,300,工序稳健统计,无量纲或比例,该工序整体偏离正常设备分布的程度,是匿名变量的统计汇总，不等同于单一物理量
proc__300__max_z,300,工序稳健统计,无量纲或比例,该工序整体偏离正常设备分布的程度,是匿名变量的统计汇总，不等同于单一物理量
raw__420X212,420,匿名原始过程变量,原始量纲未知,对应工序中的机台或工艺测量值,需由字段数据字典确认是温度、流量、功率或其他参数
proc__220__q75_z,220,工序稳健统计,无量纲或比例,该工序整体偏离正常设备分布的程度,是匿名变量的统计汇总，不等同于单一物理量
proc__420__max_z,420,工序稳健统计,无量纲或比例,该工序整体偏离正常设备分布的程度,是匿名变量的统计汇总，不等同于单一物理量
raw__210X166,210,匿名原始过程变量,原始量纲未知,对应工序中的机台或工艺测量值,需由字段数据字典确认是温度、流量、功率或其他参数
raw__360X434,360,匿名原始过程变量,原始量纲未知,对应工序中的机台或工艺测量值,需由字段数据字典确认是温度、流量、功率或其他参数
proc__340__zero_rate,340,工序稳健统计,无量纲或比例,该工序整体偏离正常设备分布的程度,是匿名变量的统计汇总，不等同于单一物理量
raw__344X159,344,匿名原始过程变量,原始量纲未知,对应工序中的机台或工艺测量值,需由字段数据字典确认是温度、流量、功率或其他参数
raw__210X212,210,匿名原始过程变量,原始量纲未知,对应工序中的机台或工艺测量值,需由字段数据字典确认是温度、流量、功率或其他参数
raw__344X149,344,匿名原始过程变量,原始量纲未知,对应工序中的机台或工艺测量值,需由字段数据字典确认是温度、流量、功率或其他参数
time__311__span_min,311,工序时间,天或分钟,工序开始、结束、中位时间或工序内跨度,时间列含义由格式推断，需结合工艺时序复核
route__300_to_310__gap_hours,300_to_310,跨工序时间,小时或0/1,相邻工序等待时间或并行重叠状态,工序先后关系按编号排序，需要业务确认
raw__311X65,311,匿名原始过程变量,原始量纲未知,对应工序中的机台或工艺测量值,需由字段数据字典确认是温度、流量、功率或其他参数
raw__311X192,311,匿名原始过程变量,原始量纲未知,对应工序中的机台或工艺测量值,需由字段数据字典确认是温度、流量、功率或其他参数
time__420__start_day,420,工序时间,天或分钟,工序开始、结束、中位时间或工序内跨度,时间列含义由格式推断，需结合工艺时序复核
raw__420X208,420,匿名原始过程变量,原始量纲未知,对应工序中的机台或工艺测量值,需由字段数据字典确认是温度、流量、功率或其他参数
proc__520__std_z,520,工序稳健统计,无量纲或比例,该工序整体偏离正常设备分布的程度,是匿名变量的统计汇总，不等同于单一物理量
raw__344X176,344,匿名原始过程变量,原始量纲未知,对应工序中的机台或工艺测量值,需由字段数据字典确认是温度、流量、功率或其他参数
raw__420X70,420,匿名原始过程变量,原始量纲未知,对应工序中的机台或工艺测量值,需由字段数据字典确认是温度、流量、功率或其他参数
raw__520X178,520,匿名原始过程变量,原始量纲未知,对应工序中的机台或工艺测量值,需由字段数据字典确认是温度、流量、功率或其他参数
raw__210X164,210,匿名原始过程变量,原始量纲未知,对应工序中的机台或工艺测量值,需由字段数据字典确认是温度、流量、功率或其他参数
raw__210X149,210,匿名原始过程变量,原始量纲未知,对应工序中的机台或工艺测量值,需由字段数据字典确认是温度、流量、功率或其他参数
raw__210X130,210,匿名原始过程变量,原始量纲未知,对应工序中的机台或工艺测量值,需由字段数据字典确认是温度、流量、功率或其他参数
raw__210X161,210,匿名原始过程变量,原始量纲未知,对应工序中的机台或工艺测量值,需由字段数据字典确认是温度、流量、功率或其他参数
proc__311__min_z,311,工序稳健统计,无量纲或比例,该工序整体偏离正常设备分布的程度,是匿名变量的统计汇总，不等同于单一物理量
raw__750X661,750,匿名原始过程变量,原始量纲未知,对应工序中的机台或工艺测量值,需由字段数据字典确认是温度、流量、功率或其他参数
raw__520X97,520,匿名原始过程变量,原始量纲未知,对应工序中的机台或工艺测量值,需由字段数据字典确认是温度、流量、功率或其他参数
proc__750__median_z,750,工序稳健统计,无量纲或比例,该工序整体偏离正常设备分布的程度,是匿名变量的统计汇总，不等同于单一物理量
proc__344__std_z,344,工序稳健统计,无量纲或比例,该工序整体偏离正常设备分布的程度,是匿名变量的统计汇总，不等同于单一物理量
time__220__span_min,220,工序时间,天或分钟,工序开始、结束、中位时间或工序内跨度,时间列含义由格式推断，需结合工艺时序复核
proc__210__q25_z,210,工序稳健统计,无量纲或比例,该工序整体偏离正常设备分布的程度,是匿名变量的统计汇总，不等同于单一物理量
raw__311X28,311,匿名原始过程变量,原始量纲未知,对应工序中的机台或工艺测量值,需由字段数据字典确认是温度、流量、功率或其他参数
proc__300__range_z,300,工序稳健统计,无量纲或比例,该工序整体偏离正常设备分布的程度,是匿名变量的统计汇总，不等同于单一物理量
raw__420X91,420,匿名原始过程变量,原始量纲未知,对应工序中的机台或工艺测量值,需由字段数据字典确认是温度、流量、功率或其他参数
raw__311X52,311,匿名原始过程变量,原始量纲未知,对应工序中的机台或工艺测量值,需由字段数据字典确认是温度、流量、功率或其他参数
raw__360X14,360,匿名原始过程变量,原始量纲未知,对应工序中的机台或工艺测量值,需由字段数据字典确认是温度、流量、功率或其他参数
raw__520X37,520,匿名原始过程变量,原始量纲未知,对应工序中的机台或工艺测量值,需由字段数据字典确认是温度、流量、功率或其他参数
raw__311X75,311,匿名原始过程变量,原始量纲未知,对应工序中的机台或工艺测量值,需由字段数据字典确认是温度、流量、功率或其他参数
raw__210X137,210,匿名原始过程变量,原始量纲未知,对应工序中的机台或工艺测量值,需由字段数据字典确认是温度、流量、功率或其他参数
raw__210X42,210,匿名原始过程变量,原始量纲未知,对应工序中的机台或工艺测量值,需由字段数据字典确认是温度、流量、功率或其他参数
raw__360X155,360,匿名原始过程变量,原始量纲未知,对应工序中的机台或工艺测量值,需由字段数据字典确认是温度、流量、功率或其他参数
proc__340__outlier_rate,340,工序稳健统计,无量纲或比例,该工序整体偏离正常设备分布的程度,是匿名变量的统计汇总，不等同于单一物理量
proc__312__outlier_rate,312,工序稳健统计,无量纲或比例,该工序整体偏离正常设备分布的程度,是匿名变量的统计汇总，不等同于单一物理量
raw__340X11,340,匿名原始过程变量,原始量纲未知,对应工序中的机台或工艺测量值,需由字段数据字典确认是温度、流量、功率或其他参数
proc__312__mean_z,312,工序稳健统计,无量纲或比例,该工序整体偏离正常设备分布的程度,是匿名变量的统计汇总，不等同于单一物理量
raw__210X27,210,匿名原始过程变量,原始量纲未知,对应工序中的机台或工艺测量值,需由字段数据字典确认是温度、流量、功率或其他参数
raw__210X54,210,匿名原始过程变量,原始量纲未知,对应工序中的机台或工艺测量值,需由字段数据字典确认是温度、流量、功率或其他参数
raw__311X71,311,匿名原始过程变量,原始量纲未知,对应工序中的机台或工艺测量值,需由字段数据字典确认是温度、流量、功率或其他参数
raw__210X143,210,匿名原始过程变量,原始量纲未知,对应工序中的机台或工艺测量值,需由字段数据字典确认是温度、流量、功率或其他参数
proc__330__std_z,330,工序稳健统计,无量纲或比例,该工序整体偏离正常设备分布的程度,是匿名变量的统计汇总，不等同于单一物理量
raw__210X61,210,匿名原始过程变量,原始量纲未知,对应工序中的机台或工艺测量值,需由字段数据字典确认是温度、流量、功率或其他参数
raw__210X159,210,匿名原始过程变量,原始量纲未知,对应工序中的机台或工艺测量值,需由字段数据字典确认是温度、流量、功率或其他参数
raw__311X68,311,匿名原始过程变量,原始量纲未知,对应工序中的机台或工艺测量值,需由字段数据字典确认是温度、流量、功率或其他参数
proc__520__range_z,520,工序稳健统计,无量纲或比例,该工序整体偏离正常设备分布的程度,是匿名变量的统计汇总，不等同于单一物理量
raw__360X776,360,匿名原始过程变量,原始量纲未知,对应工序中的机台或工艺测量值,需由字段数据字典确认是温度、流量、功率或其他参数
raw__210X142,210,匿名原始过程变量,原始量纲未知,对应工序中的机台或工艺测量值,需由字段数据字典确认是温度、流量、功率或其他参数
proc__330__median_z,330,工序稳健统计,无量纲或比例,该工序整体偏离正常设备分布的程度,是匿名变量的统计汇总，不等同于单一物理量
raw__210X153,210,匿名原始过程变量,原始量纲未知,对应工序中的机台或工艺测量值,需由字段数据字典确认是温度、流量、功率或其他参数
proc__344__q75_z,344,工序稳健统计,无量纲或比例,该工序整体偏离正常设备分布的程度,是匿名变量的统计汇总，不等同于单一物理量
raw__311X155,311,匿名原始过程变量,原始量纲未知,对应工序中的机台或工艺测量值,需由字段数据字典确认是温度、流量、功率或其他参数
proc__520__q25_z,520,工序稳健统计,无量纲或比例,该工序整体偏离正常设备分布的程度,是匿名变量的统计汇总，不等同于单一物理量
raw__311X5,311,匿名原始过程变量,原始量纲未知,对应工序中的机台或工艺测量值,需由字段数据字典确认是温度、流量、功率或其他参数
raw__420X96,420,匿名原始过程变量,原始量纲未知,对应工序中的机台或工艺测量值,需由字段数据字典确认是温度、流量、功率或其他参数
route__360_to_400__gap_hours,360_to_400,跨工序时间,小时或0/1,相邻工序等待时间或并行重叠状态,工序先后关系按编号排序，需要业务确认
proc__360__min_z,360,工序稳健统计,无量纲或比例,该工序整体偏离正常设备分布的程度,是匿名变量的统计汇总，不等同于单一物理量
proc__400__mean_z,400,工序稳健统计,无量纲或比例,该工序整体偏离正常设备分布的程度,是匿名变量的统计汇总，不等同于单一物理量
proc__420__zero_rate,420,工序稳健统计,无量纲或比例,该工序整体偏离正常设备分布的程度,是匿名变量的统计汇总，不等同于单一物理量
raw__420X4,420,匿名原始过程变量,原始量纲未知,对应工序中的机台或工艺测量值,需由字段数据字典确认是温度、流量、功率或其他参数
raw__420X98,420,匿名原始过程变量,原始量纲未知,对应工序中的机台或工艺测量值,需由字段数据字典确认是温度、流量、功率或其他参数
raw__520X177,520,匿名原始过程变量,原始量纲未知,对应工序中的机台或工艺测量值,需由字段数据字典确认是温度、流量、功率或其他参数
proc__344__max_z,344,工序稳健统计,无量纲或比例,该工序整体偏离正常设备分布的程度,是匿名变量的统计汇总，不等同于单一物理量
raw__420X38,420,匿名原始过程变量,原始量纲未知,对应工序中的机台或工艺测量值,需由字段数据字典确认是温度、流量、功率或其他参数
proc__340__q75_z,340,工序稳健统计,无量纲或比例,该工序整体偏离正常设备分布的程度,是匿名变量的统计汇总，不等同于单一物理量
route__420_to_520__gap_hours,420_to_520,跨工序时间,小时或0/1,相邻工序等待时间或并行重叠状态,工序先后关系按编号排序，需要业务确认
raw__750X1116,750,匿名原始过程变量,原始量纲未知,对应工序中的机台或工艺测量值,需由字段数据字典确认是温度、流量、功率或其他参数
raw__311X76,311,匿名原始过程变量,原始量纲未知,对应工序中的机台或工艺测量值,需由字段数据字典确认是温度、流量、功率或其他参数
proc__310__std_z,310,工序稳健统计,无量纲或比例,该工序整体偏离正常设备分布的程度,是匿名变量的统计汇总，不等同于单一物理量
proc__312__q75_z,312,工序稳健统计,无量纲或比例,该工序整体偏离正常设备分布的程度,是匿名变量的统计汇总，不等同于单一物理量
proc__520__q75_z,520,工序稳健统计,无量纲或比例,该工序整体偏离正常设备分布的程度,是匿名变量的统计汇总，不等同于单一物理量
proc__360__std_z,360,工序稳健统计,无量纲或比例,该工序整体偏离正常设备分布的程度,是匿名变量的统计汇总，不等同于单一物理量
proc__220__mean_z,220,工序稳健统计,无量纲或比例,该工序整体偏离正常设备分布的程度,是匿名变量的统计汇总，不等同于单一物理量
proc__750__mean_z,750,工序稳健统计,无量纲或比例,该工序整体偏离正常设备分布的程度,是匿名变量的统计汇总，不等同于单一物理量
raw__520X52,520,匿名原始过程变量,原始量纲未知,对应工序中的机台或工艺测量值,需由字段数据字典确认是温度、流量、功率或其他参数
raw__210X193,210,匿名原始过程变量,原始量纲未知,对应工序中的机台或工艺测量值,需由字段数据字典确认是温度、流量、功率或其他参数
proc__340__mean_z,340,工序稳健统计,无量纲或比例,该工序整体偏离正常设备分布的程度,是匿名变量的统计汇总，不等同于单一物理量
proc__344__range_z,344,工序稳健统计,无量纲或比例,该工序整体偏离正常设备分布的程度,是匿名变量的统计汇总，不等同于单一物理量
proc__300__std_z,300,工序稳健统计,无量纲或比例,该工序整体偏离正常设备分布的程度,是匿名变量的统计汇总，不等同于单一物理量
proc__312__zero_rate,312,工序稳健统计,无量纲或比例,该工序整体偏离正常设备分布的程度,是匿名变量的统计汇总，不等同于单一物理量
proc__360__mean_z,360,工序稳健统计,无量纲或比例,该工序整体偏离正常设备分布的程度,是匿名变量的统计汇总，不等同于单一物理量
raw__210X117,210,匿名原始过程变量,原始量纲未知,对应工序中的机台或工艺测量值,需由字段数据字典确认是温度、流量、功率或其他参数
raw__344X37,344,匿名原始过程变量,原始量纲未知,对应工序中的机台或工艺测量值,需由字段数据字典确认是温度、流量、功率或其他参数
raw__420X194,420,匿名原始过程变量,原始量纲未知,对应工序中的机台或工艺测量值,需由字段数据字典确认是温度、流量、功率或其他参数
raw__311X205,311,匿名原始过程变量,原始量纲未知,对应工序中的机台或工艺测量值,需由字段数据字典确认是温度、流量、功率或其他参数
proc__360__q75_z,360,工序稳健统计,无量纲或比例,该工序整体偏离正常设备分布的程度,是匿名变量的统计汇总，不等同于单一物理量
proc__310__mean_z,310,工序稳健统计,无量纲或比例,该工序整体偏离正常设备分布的程度,是匿名变量的统计汇总，不等同于单一物理量
raw__311X92,311,匿名原始过程变量,原始量纲未知,对应工序中的机台或工艺测量值,需由字段数据字典确认是温度、流量、功率或其他参数
proc__210__std_z,210,工序稳健统计,无量纲或比例,该工序整体偏离正常设备分布的程度,是匿名变量的统计汇总，不等同于单一物理量
proc__400__min_z,400,工序稳健统计,无量纲或比例,该工序整体偏离正常设备分布的程度,是匿名变量的统计汇总，不等同于单一物理量
raw__750X776,750,匿名原始过程变量,原始量纲未知,对应工序中的机台或工艺测量值,需由字段数据字典确认是温度、流量、功率或其他参数
proc__440A__range_z,440A,工序稳健统计,无量纲或比例,该工序整体偏离正常设备分布的程度,是匿名变量的统计汇总，不等同于单一物理量
raw__750X1212,750,匿名原始过程变量,原始量纲未知,对应工序中的机台或工艺测量值,需由字段数据字典确认是温度、流量、功率或其他参数
proc__330__zero_rate,330,工序稳健统计,无量纲或比例,该工序整体偏离正常设备分布的程度,是匿名变量的统计汇总，不等同于单一物理量
raw__311X94,311,匿名原始过程变量,原始量纲未知,对应工序中的机台或工艺测量值,需由字段数据字典确认是温度、流量、功率或其他参数
proc__440A__std_z,440A,工序稳健统计,无量纲或比例,该工序整体偏离正常设备分布的程度,是匿名变量的统计汇总，不等同于单一物理量
proc__312__min_z,312,工序稳健统计,无量纲或比例,该工序整体偏离正常设备分布的程度,是匿名变量的统计汇总，不等同于单一物理量
proc__520__zero_rate,520,工序稳健统计,无量纲或比例,该工序整体偏离正常设备分布的程度,是匿名变量的统计汇总，不等同于单一物理量
raw__420X197,420,匿名原始过程变量,原始量纲未知,对应工序中的机台或工艺测量值,需由字段数据字典确认是温度、流量、功率或其他参数
raw__344X177,344,匿名原始过程变量,原始量纲未知,对应工序中的机台或工艺测量值,需由字段数据字典确认是温度、流量、功率或其他参数
raw__312X169,312,匿名原始过程变量,原始量纲未知,对应工序中的机台或工艺测量值,需由字段数据字典确认是温度、流量、功率或其他参数
raw__312X478,312,匿名原始过程变量,原始量纲未知,对应工序中的机台或工艺测量值,需由字段数据字典确认是温度、流量、功率或其他参数
proc__340__max_z,340,工序稳健统计,无量纲或比例,该工序整体偏离正常设备分布的程度,是匿名变量的统计汇总，不等同于单一物理量
raw__311X162,311,匿名原始过程变量,原始量纲未知,对应工序中的机台或工艺测量值,需由字段数据字典确认是温度、流量、功率或其他参数
raw__210X179,210,匿名原始过程变量,原始量纲未知,对应工序中的机台或工艺测量值,需由字段数据字典确认是温度、流量、功率或其他参数
proc__220__std_z,220,工序稳健统计,无量纲或比例,该工序整体偏离正常设备分布的程度,是匿名变量的统计汇总，不等同于单一物理量
cat__Chamber ID_3,META,设备/工艺类别,类别指示,机台、腔体或工艺路线身份,匿名类别不表示性能高低
time__400__start_day,400,工序时间,天或分钟,工序开始、结束、中位时间或工序内跨度,时间列含义由格式推断，需结合工艺时序复核
proc__360__zero_rate,360,工序稳健统计,无量纲或比例,该工序整体偏离正常设备分布的程度,是匿名变量的统计汇总，不等同于单一物理量
raw__311X58,311,匿名原始过程变量,原始量纲未知,对应工序中的机台或工艺测量值,需由字段数据字典确认是温度、流量、功率或其他参数
proc__344__q25_z,344,工序稳健统计,无量纲或比例,该工序整体偏离正常设备分布的程度,是匿名变量的统计汇总，不等同于单一物理量
raw__311X95,311,匿名原始过程变量,原始量纲未知,对应工序中的机台或工艺测量值,需由字段数据字典确认是温度、流量、功率或其他参数
missing__311X77,311,缺失指示,0/1,设备、工序未采集或测量失败状态,缺失机制需结合生产日志确认
raw__311X194,311,匿名原始过程变量,原始量纲未知,对应工序中的机台或工艺测量值,需由字段数据字典确认是温度、流量、功率或其他参数
raw__520X134,520,匿名原始过程变量,原始量纲未知,对应工序中的机台或工艺测量值,需由字段数据字典确认是温度、流量、功率或其他参数
raw__210X132,210,匿名原始过程变量,原始量纲未知,对应工序中的机台或工艺测量值,需由字段数据字典确认是温度、流量、功率或其他参数
proc__312__std_z,312,工序稳健统计,无量纲或比例,该工序整体偏离正常设备分布的程度,是匿名变量的统计汇总，不等同于单一物理量
proc__400__q25_z,400,工序稳健统计,无量纲或比例,该工序整体偏离正常设备分布的程度,是匿名变量的统计汇总，不等同于单一物理量
proc__750__q75_z,750,工序稳健统计,无量纲或比例,该工序整体偏离正常设备分布的程度,是匿名变量的统计汇总，不等同于单一物理量
raw__210X66,210,匿名原始过程变量,原始量纲未知,对应工序中的机台或工艺测量值,需由字段数据字典确认是温度、流量、功率或其他参数
raw__330X286,330,匿名原始过程变量,原始量纲未知,对应工序中的机台或工艺测量值,需由字段数据字典确认是温度、流量、功率或其他参数
proc__330__max_z,330,工序稳健统计,无量纲或比例,该工序整体偏离正常设备分布的程度,是匿名变量的统计汇总，不等同于单一物理量
proc__360__q25_z,360,工序稳健统计,无量纲或比例,该工序整体偏离正常设备分布的程度,是匿名变量的统计汇总，不等同于单一物理量
raw__311X109,311,匿名原始过程变量,原始量纲未知,对应工序中的机台或工艺测量值,需由字段数据字典确认是温度、流量、功率或其他参数
proc__360__median_z,360,工序稳健统计,无量纲或比例,该工序整体偏离正常设备分布的程度,是匿名变量的统计汇总，不等同于单一物理量
raw__520X67,520,匿名原始过程变量,原始量纲未知,对应工序中的机台或工艺测量值,需由字段数据字典确认是温度、流量、功率或其他参数
proc__220__max_z,220,工序稳健统计,无量纲或比例,该工序整体偏离正常设备分布的程度,是匿名变量的统计汇总，不等同于单一物理量
raw__750X1267,750,匿名原始过程变量,原始量纲未知,对应工序中的机台或工艺测量值,需由字段数据字典确认是温度、流量、功率或其他参数
raw__330X671,330,匿名原始过程变量,原始量纲未知,对应工序中的机台或工艺测量值,需由字段数据字典确认是温度、流量、功率或其他参数
proc__340__range_z,340,工序稳健统计,无量纲或比例,该工序整体偏离正常设备分布的程度,是匿名变量的统计汇总，不等同于单一物理量
raw__210X136,210,匿名原始过程变量,原始量纲未知,对应工序中的机台或工艺测量值,需由字段数据字典确认是温度、流量、功率或其他参数
proc__312__range_z,312,工序稳健统计,无量纲或比例,该工序整体偏离正常设备分布的程度,是匿名变量的统计汇总，不等同于单一物理量
raw__210X33,210,匿名原始过程变量,原始量纲未知,对应工序中的机台或工艺测量值,需由字段数据字典确认是温度、流量、功率或其他参数
proc__310__q75_z,310,工序稳健统计,无量纲或比例,该工序整体偏离正常设备分布的程度,是匿名变量的统计汇总，不等同于单一物理量
raw__400X5,400,匿名原始过程变量,原始量纲未知,对应工序中的机台或工艺测量值,需由字段数据字典确认是温度、流量、功率或其他参数
time__330__median_day,330,工序时间,天或分钟,工序开始、结束、中位时间或工序内跨度,时间列含义由格式推断，需结合工艺时序复核
raw__311X112,311,匿名原始过程变量,原始量纲未知,对应工序中的机台或工艺测量值,需由字段数据字典确认是温度、流量、功率或其他参数
raw__311X207,311,匿名原始过程变量,原始量纲未知,对应工序中的机台或工艺测量值,需由字段数据字典确认是温度、流量、功率或其他参数
raw__340X59,340,匿名原始过程变量,原始量纲未知,对应工序中的机台或工艺测量值,需由字段数据字典确认是温度、流量、功率或其他参数
raw__420X85,420,匿名原始过程变量,原始量纲未知,对应工序中的机台或工艺测量值,需由字段数据字典确认是温度、流量、功率或其他参数
raw__750X1006,750,匿名原始过程变量,原始量纲未知,对应工序中的机台或工艺测量值,需由字段数据字典确认是温度、流量、功率或其他参数
raw__344X150,344,匿名原始过程变量,原始量纲未知,对应工序中的机台或工艺测量值,需由字段数据字典确认是温度、流量、功率或其他参数
raw__311X93,311,匿名原始过程变量,原始量纲未知,对应工序中的机台或工艺测量值,需由字段数据字典确认是温度、流量、功率或其他参数
proc__340__q25_z,340,工序稳健统计,无量纲或比例,该工序整体偏离正常设备分布的程度,是匿名变量的统计汇总，不等同于单一物理量
raw__311X200,311,匿名原始过程变量,原始量纲未知,对应工序中的机台或工艺测量值,需由字段数据字典确认是温度、流量、功率或其他参数
raw__311X206,311,匿名原始过程变量,原始量纲未知,对应工序中的机台或工艺测量值,需由字段数据字典确认是温度、流量、功率或其他参数
raw__520X143,520,匿名原始过程变量,原始量纲未知,对应工序中的机台或工艺测量值,需由字段数据字典确认是温度、流量、功率或其他参数
raw__420X30,420,匿名原始过程变量,原始量纲未知,对应工序中的机台或工艺测量值,需由字段数据字典确认是温度、流量、功率或其他参数
raw__311X113,311,匿名原始过程变量,原始量纲未知,对应工序中的机台或工艺测量值,需由字段数据字典确认是温度、流量、功率或其他参数
time__310__span_min,310,工序时间,天或分钟,工序开始、结束、中位时间或工序内跨度,时间列含义由格式推断，需结合工艺时序复核
raw__311X117,311,匿名原始过程变量,原始量纲未知,对应工序中的机台或工艺测量值,需由字段数据字典确认是温度、流量、功率或其他参数
raw__210X154,210,匿名原始过程变量,原始量纲未知,对应工序中的机台或工艺测量值,需由字段数据字典确认是温度、流量、功率或其他参数
proc__400__zero_rate,400,工序稳健统计,无量纲或比例,该工序整体偏离正常设备分布的程度,是匿名变量的统计汇总，不等同于单一物理量
raw__330X189,330,匿名原始过程变量,原始量纲未知,对应工序中的机台或工艺测量值,需由字段数据字典确认是温度、流量、功率或其他参数
raw__420X118,420,匿名原始过程变量,原始量纲未知,对应工序中的机台或工艺测量值,需由字段数据字典确认是温度、流量、功率或其他参数
raw__330X343,330,匿名原始过程变量,原始量纲未知,对应工序中的机台或工艺测量值,需由字段数据字典确认是温度、流量、功率或其他参数
time__310__end_day,310,工序时间,天或分钟,工序开始、结束、中位时间或工序内跨度,时间列含义由格式推断，需结合工艺时序复核
time__400__end_day,400,工序时间,天或分钟,工序开始、结束、中位时间或工序内跨度,时间列含义由格式推断，需结合工艺时序复核
raw__311X209,311,匿名原始过程变量,原始量纲未知,对应工序中的机台或工艺测量值,需由字段数据字典确认是温度、流量、功率或其他参数
proc__400__outlier_rate,400,工序稳健统计,无量纲或比例,该工序整体偏离正常设备分布的程度,是匿名变量的统计汇总，不等同于单一物理量
proc__520__min_z,520,工序稳健统计,无量纲或比例,该工序整体偏离正常设备分布的程度,是匿名变量的统计汇总，不等同于单一物理量
raw__520X112,520,匿名原始过程变量,原始量纲未知,对应工序中的机台或工艺测量值,需由字段数据字典确认是温度、流量、功率或其他参数
raw__311X169,311,匿名原始过程变量,原始量纲未知,对应工序中的机台或工艺测量值,需由字段数据字典确认是温度、流量、功率或其他参数
raw__311X63,311,匿名原始过程变量,原始量纲未知,对应工序中的机台或工艺测量值,需由字段数据字典确认是温度、流量、功率或其他参数
raw__311X133,311,匿名原始过程变量,原始量纲未知,对应工序中的机台或工艺测量值,需由字段数据字典确认是温度、流量、功率或其他参数
raw__420X66,420,匿名原始过程变量,原始量纲未知,对应工序中的机台或工艺测量值,需由字段数据字典确认是温度、流量、功率或其他参数
raw__311X147,311,匿名原始过程变量,原始量纲未知,对应工序中的机台或工艺测量值,需由字段数据字典确认是温度、流量、功率或其他参数
raw__210X47,210,匿名原始过程变量,原始量纲未知,对应工序中的机台或工艺测量值,需由字段数据字典确认是温度、流量、功率或其他参数
raw__750X611,750,匿名原始过程变量,原始量纲未知,对应工序中的机台或工艺测量值,需由字段数据字典确认是温度、流量、功率或其他参数
proc__330__range_z,330,工序稳健统计,无量纲或比例,该工序整体偏离正常设备分布的程度,是匿名变量的统计汇总，不等同于单一物理量
raw__360X1245,360,匿名原始过程变量,原始量纲未知,对应工序中的机台或工艺测量值,需由字段数据字典确认是温度、流量、功率或其他参数
proc__310__max_z,310,工序稳健统计,无量纲或比例,该工序整体偏离正常设备分布的程度,是匿名变量的统计汇总，不等同于单一物理量
raw__330X1191,330,匿名原始过程变量,原始量纲未知,对应工序中的机台或工艺测量值,需由字段数据字典确认是温度、流量、功率或其他参数
raw__420X88,420,匿名原始过程变量,原始量纲未知,对应工序中的机台或工艺测量值,需由字段数据字典确认是温度、流量、功率或其他参数
raw__311X111,311,匿名原始过程变量,原始量纲未知,对应工序中的机台或工艺测量值,需由字段数据字典确认是温度、流量、功率或其他参数
raw__311X203,311,匿名原始过程变量,原始量纲未知,对应工序中的机台或工艺测量值,需由字段数据字典确认是温度、流量、功率或其他参数
raw__210X125,210,匿名原始过程变量,原始量纲未知,对应工序中的机台或工艺测量值,需由字段数据字典确认是温度、流量、功率或其他参数
proc__360__max_z,360,工序稳健统计,无量纲或比例,该工序整体偏离正常设备分布的程度,是匿名变量的统计汇总，不等同于单一物理量
raw__311X128,311,匿名原始过程变量,原始量纲未知,对应工序中的机台或工艺测量值,需由字段数据字典确认是温度、流量、功率或其他参数
proc__440A__q25_z,440A,工序稳健统计,无量纲或比例,该工序整体偏离正常设备分布的程度,是匿名变量的统计汇总，不等同于单一物理量
time__210__span_min,210,工序时间,天或分钟,工序开始、结束、中位时间或工序内跨度,时间列含义由格式推断，需结合工艺时序复核
raw__210X58,210,匿名原始过程变量,原始量纲未知,对应工序中的机台或工艺测量值,需由字段数据字典确认是温度、流量、功率或其他参数
time__520__end_day,520,工序时间,天或分钟,工序开始、结束、中位时间或工序内跨度,时间列含义由格式推断，需结合工艺时序复核
proc__220__median_z,220,工序稳健统计,无量纲或比例,该工序整体偏离正常设备分布的程度,是匿名变量的统计汇总，不等同于单一物理量
raw__210X139,210,匿名原始过程变量,原始量纲未知,对应工序中的机台或工艺测量值,需由字段数据字典确认是温度、流量、功率或其他参数
time__311__valid_rate,311,工序时间,天或分钟,工序开始、结束、中位时间或工序内跨度,时间列含义由格式推断，需结合工艺时序复核
proc__340__min_z,340,工序稳健统计,无量纲或比例,该工序整体偏离正常设备分布的程度,是匿名变量的统计汇总，不等同于单一物理量
raw__420X87,420,匿名原始过程变量,原始量纲未知,对应工序中的机台或工艺测量值,需由字段数据字典确认是温度、流量、功率或其他参数
proc__312__max_z,312,工序稳健统计,无量纲或比例,该工序整体偏离正常设备分布的程度,是匿名变量的统计汇总，不等同于单一物理量
raw__750X230,750,匿名原始过程变量,原始量纲未知,对应工序中的机台或工艺测量值,需由字段数据字典确认是温度、流量、功率或其他参数
raw__311X136,311,匿名原始过程变量,原始量纲未知,对应工序中的机台或工艺测量值,需由字段数据字典确认是温度、流量、功率或其他参数
raw__330X425,330,匿名原始过程变量,原始量纲未知,对应工序中的机台或工艺测量值,需由字段数据字典确认是温度、流量、功率或其他参数
proc__340__std_z,340,工序稳健统计,无量纲或比例,该工序整体偏离正常设备分布的程度,是匿名变量的统计汇总，不等同于单一物理量
raw__420X68,420,匿名原始过程变量,原始量纲未知,对应工序中的机台或工艺测量值,需由字段数据字典确认是温度、流量、功率或其他参数
raw__311X30,311,匿名原始过程变量,原始量纲未知,对应工序中的机台或工艺测量值,需由字段数据字典确认是温度、流量、功率或其他参数
raw__210X192,210,匿名原始过程变量,原始量纲未知,对应工序中的机台或工艺测量值,需由字段数据字典确认是温度、流量、功率或其他参数
proc__220__q25_z,220,工序稳健统计,无量纲或比例,该工序整体偏离正常设备分布的程度,是匿名变量的统计汇总，不等同于单一物理量
raw__420X74,420,匿名原始过程变量,原始量纲未知,对应工序中的机台或工艺测量值,需由字段数据字典确认是温度、流量、功率或其他参数
raw__420X94,420,匿名原始过程变量,原始量纲未知,对应工序中的机台或工艺测量值,需由字段数据字典确认是温度、流量、功率或其他参数
proc__750__q25_z,750,工序稳健统计,无量纲或比例,该工序整体偏离正常设备分布的程度,是匿名变量的统计汇总，不等同于单一物理量
time__360__median_day,360,工序时间,天或分钟,工序开始、结束、中位时间或工序内跨度,时间列含义由格式推断，需结合工艺时序复核
raw__330X950,330,匿名原始过程变量,原始量纲未知,对应工序中的机台或工艺测量值,需由字段数据字典确认是温度、流量、功率或其他参数
raw__520X102,520,匿名原始过程变量,原始量纲未知,对应工序中的机台或工艺测量值,需由字段数据字典确认是温度、流量、功率或其他参数
route__330_to_360__gap_hours,330_to_360,跨工序时间,小时或0/1,相邻工序等待时间或并行重叠状态,工序先后关系按编号排序，需要业务确认
raw__330X157,330,匿名原始过程变量,原始量纲未知,对应工序中的机台或工艺测量值,需由字段数据字典确认是温度、流量、功率或其他参数
raw__750X1190,750,匿名原始过程变量,原始量纲未知,对应工序中的机台或工艺测量值,需由字段数据字典确认是温度、流量、功率或其他参数
raw__360X1305,360,匿名原始过程变量,原始量纲未知,对应工序中的机台或工艺测量值,需由字段数据字典确认是温度、流量、功率或其他参数
raw__311X204,311,匿名原始过程变量,原始量纲未知,对应工序中的机台或工艺测量值,需由字段数据字典确认是温度、流量、功率或其他参数
raw__330X1034,330,匿名原始过程变量,原始量纲未知,对应工序中的机台或工艺测量值,需由字段数据字典确认是温度、流量、功率或其他参数
raw__344X112,344,匿名原始过程变量,原始量纲未知,对应工序中的机台或工艺测量值,需由字段数据字典确认是温度、流量、功率或其他参数
proc__310__zero_rate,310,工序稳健统计,无量纲或比例,该工序整体偏离正常设备分布的程度,是匿名变量的统计汇总，不等同于单一物理量
time__400__valid_rate,400,工序时间,天或分钟,工序开始、结束、中位时间或工序内跨度,时间列含义由格式推断，需结合工艺时序复核
proc__310__outlier_rate,310,工序稳健统计,无量纲或比例,该工序整体偏离正常设备分布的程度,是匿名变量的统计汇总，不等同于单一物理量
raw__520X43,520,匿名原始过程变量,原始量纲未知,对应工序中的机台或工艺测量值,需由字段数据字典确认是温度、流量、功率或其他参数
raw__330X403,330,匿名原始过程变量,原始量纲未知,对应工序中的机台或工艺测量值,需由字段数据字典确认是温度、流量、功率或其他参数
raw__520X167,520,匿名原始过程变量,原始量纲未知,对应工序中的机台或工艺测量值,需由字段数据字典确认是温度、流量、功率或其他参数
raw__210X74,210,匿名原始过程变量,原始量纲未知,对应工序中的机台或工艺测量值,需由字段数据字典确认是温度、流量、功率或其他参数
time__360__start_day,360,工序时间,天或分钟,工序开始、结束、中位时间或工序内跨度,时间列含义由格式推断，需结合工艺时序复核
cat__Chamber_1.0,META,设备/工艺类别,类别指示,机台、腔体或工艺路线身份,匿名类别不表示性能高低
raw__310X30,310,匿名原始过程变量,原始量纲未知,对应工序中的机台或工艺测量值,需由字段数据字典确认是温度、流量、功率或其他参数
raw__520X176,520,匿名原始过程变量,原始量纲未知,对应工序中的机台或工艺测量值,需由字段数据字典确认是温度、流量、功率或其他参数
cat__Chamber ID_2,META,设备/工艺类别,类别指示,机台、腔体或工艺路线身份,匿名类别不表示性能高低
raw__311X12,311,匿名原始过程变量,原始量纲未知,对应工序中的机台或工艺测量值,需由字段数据字典确认是温度、流量、功率或其他参数
raw__311X212,311,匿名原始过程变量,原始量纲未知,对应工序中的机台或工艺测量值,需由字段数据字典确认是温度、流量、功率或其他参数
proc__310__median_z,310,工序稳健统计,无量纲或比例,该工序整体偏离正常设备分布的程度,是匿名变量的统计汇总，不等同于单一物理量
raw__311X115,311,匿名原始过程变量,原始量纲未知,对应工序中的机台或工艺测量值,需由字段数据字典确认是温度、流量、功率或其他参数
proc__750__zero_rate,750,工序稳健统计,无量纲或比例,该工序整体偏离正常设备分布的程度,是匿名变量的统计汇总，不等同于单一物理量
proc__311__missing_rate,311,工序稳健统计,无量纲或比例,该工序整体偏离正常设备分布的程度,是匿名变量的统计汇总，不等同于单一物理量
raw__420X69,420,匿名原始过程变量,原始量纲未知,对应工序中的机台或工艺测量值,需由字段数据字典确认是温度、流量、功率或其他参数
raw__420X1,420,匿名原始过程变量,原始量纲未知,对应工序中的机台或工艺测量值,需由字段数据字典确认是温度、流量、功率或其他参数
raw__210X56,210,匿名原始过程变量,原始量纲未知,对应工序中的机台或工艺测量值,需由字段数据字典确认是温度、流量、功率或其他参数
raw__311X10,311,匿名原始过程变量,原始量纲未知,对应工序中的机台或工艺测量值,需由字段数据字典确认是温度、流量、功率或其他参数
raw__520X12,520,匿名原始过程变量,原始量纲未知,对应工序中的机台或工艺测量值,需由字段数据字典确认是温度、流量、功率或其他参数
raw__210X20,210,匿名原始过程变量,原始量纲未知,对应工序中的机台或工艺测量值,需由字段数据字典确认是温度、流量、功率或其他参数
raw__311X24,311,匿名原始过程变量,原始量纲未知,对应工序中的机台或工艺测量值,需由字段数据字典确认是温度、流量、功率或其他参数
raw__344X261,344,匿名原始过程变量,原始量纲未知,对应工序中的机台或工艺测量值,需由字段数据字典确认是温度、流量、功率或其他参数
cat__Chamber_4.0,META,设备/工艺类别,类别指示,机台、腔体或工艺路线身份,匿名类别不表示性能高低
raw__420X201,420,匿名原始过程变量,原始量纲未知,对应工序中的机台或工艺测量值,需由字段数据字典确认是温度、流量、功率或其他参数
raw__750X1364,750,匿名原始过程变量,原始量纲未知,对应工序中的机台或工艺测量值,需由字段数据字典确认是温度、流量、功率或其他参数
raw__360X34,360,匿名原始过程变量,原始量纲未知,对应工序中的机台或工艺测量值,需由字段数据字典确认是温度、流量、功率或其他参数
raw__420X89,420,匿名原始过程变量,原始量纲未知,对应工序中的机台或工艺测量值,需由字段数据字典确认是温度、流量、功率或其他参数
raw__311X91,311,匿名原始过程变量,原始量纲未知,对应工序中的机台或工艺测量值,需由字段数据字典确认是温度、流量、功率或其他参数
raw__210X62,210,匿名原始过程变量,原始量纲未知,对应工序中的机台或工艺测量值,需由字段数据字典确认是温度、流量、功率或其他参数
raw__311X190,311,匿名原始过程变量,原始量纲未知,对应工序中的机台或工艺测量值,需由字段数据字典确认是温度、流量、功率或其他参数
raw__210X32,210,匿名原始过程变量,原始量纲未知,对应工序中的机台或工艺测量值,需由字段数据字典确认是温度、流量、功率或其他参数
proc__300__missing_rate,300,工序稳健统计,无量纲或比例,该工序整体偏离正常设备分布的程度,是匿名变量的统计汇总，不等同于单一物理量
raw__311X223,311,匿名原始过程变量,原始量纲未知,对应工序中的机台或工艺测量值,需由字段数据字典确认是温度、流量、功率或其他参数
proc__520__median_z,520,工序稳健统计,无量纲或比例,该工序整体偏离正常设备分布的程度,是匿名变量的统计汇总，不等同于单一物理量
raw__210X23,210,匿名原始过程变量,原始量纲未知,对应工序中的机台或工艺测量值,需由字段数据字典确认是温度、流量、功率或其他参数
raw__311X1,311,匿名原始过程变量,原始量纲未知,对应工序中的机台或工艺测量值,需由字段数据字典确认是温度、流量、功率或其他参数
raw__420X36,420,匿名原始过程变量,原始量纲未知,对应工序中的机台或工艺测量值,需由字段数据字典确认是温度、流量、功率或其他参数
raw__420X115,420,匿名原始过程变量,原始量纲未知,对应工序中的机台或工艺测量值,需由字段数据字典确认是温度、流量、功率或其他参数
raw__344X186,344,匿名原始过程变量,原始量纲未知,对应工序中的机台或工艺测量值,需由字段数据字典确认是温度、流量、功率或其他参数
raw__311X191,311,匿名原始过程变量,原始量纲未知,对应工序中的机台或工艺测量值,需由字段数据字典确认是温度、流量、功率或其他参数
raw__340X124,340,匿名原始过程变量,原始量纲未知,对应工序中的机台或工艺测量值,需由字段数据字典确认是温度、流量、功率或其他参数
raw__520X22,520,匿名原始过程变量,原始量纲未知,对应工序中的机台或工艺测量值,需由字段数据字典确认是温度、流量、功率或其他参数
raw__210X65,210,匿名原始过程变量,原始量纲未知,对应工序中的机台或工艺测量值,需由字段数据字典确认是温度、流量、功率或其他参数
raw__311X83,311,匿名原始过程变量,原始量纲未知,对应工序中的机台或工艺测量值,需由字段数据字典确认是温度、流量、功率或其他参数
raw__330X1177,330,匿名原始过程变量,原始量纲未知,对应工序中的机台或工艺测量值,需由字段数据字典确认是温度、流量、功率或其他参数
raw__420X198,420,匿名原始过程变量,原始量纲未知,对应工序中的机台或工艺测量值,需由字段数据字典确认是温度、流量、功率或其他参数
raw__420X114,420,匿名原始过程变量,原始量纲未知,对应工序中的机台或工艺测量值,需由字段数据字典确认是温度、流量、功率或其他参数
time__300__valid_rate,300,工序时间,天或分钟,工序开始、结束、中位时间或工序内跨度,时间列含义由格式推断，需结合工艺时序复核
proc__420__outlier_rate,420,工序稳健统计,无量纲或比例,该工序整体偏离正常设备分布的程度,是匿名变量的统计汇总，不等同于单一物理量
raw__311X208,311,匿名原始过程变量,原始量纲未知,对应工序中的机台或工艺测量值,需由字段数据字典确认是温度、流量、功率或其他参数
raw__520X96,520,匿名原始过程变量,原始量纲未知,对应工序中的机台或工艺测量值,需由字段数据字典确认是温度、流量、功率或其他参数
raw__210X13,210,匿名原始过程变量,原始量纲未知,对应工序中的机台或工艺测量值,需由字段数据字典确认是温度、流量、功率或其他参数
raw__750X1146,750,匿名原始过程变量,原始量纲未知,对应工序中的机台或工艺测量值,需由字段数据字典确认是温度、流量、功率或其他参数
raw__210X49,210,匿名原始过程变量,原始量纲未知,对应工序中的机台或工艺测量值,需由字段数据字典确认是温度、流量、功率或其他参数
raw__420X134,420,匿名原始过程变量,原始量纲未知,对应工序中的机台或工艺测量值,需由字段数据字典确认是温度、流量、功率或其他参数
proc__520__outlier_rate,520,工序稳健统计,无量纲或比例,该工序整体偏离正常设备分布的程度,是匿名变量的统计汇总，不等同于单一物理量
raw__330X119,330,匿名原始过程变量,原始量纲未知,对应工序中的机台或工艺测量值,需由字段数据字典确认是温度、流量、功率或其他参数
cat__Chamber_2.0,META,设备/工艺类别,类别指示,机台、腔体或工艺路线身份,匿名类别不表示性能高低
raw__750X1305,750,匿名原始过程变量,原始量纲未知,对应工序中的机台或工艺测量值,需由字段数据字典确认是温度、流量、功率或其他参数
raw__210X183,210,匿名原始过程变量,原始量纲未知,对应工序中的机台或工艺测量值,需由字段数据字典确认是温度、流量、功率或其他参数
cat__Chamber_3.0,META,设备/工艺类别,类别指示,机台、腔体或工艺路线身份,匿名类别不表示性能高低
raw__ERROR:#N/A_18,META,匿名原始过程变量,原始量纲未知,对应工序中的机台或工艺测量值,需由字段数据字典确认是温度、流量、功率或其他参数
raw__420X138,420,匿名原始过程变量,原始量纲未知,对应工序中的机台或工艺测量值,需由字段数据字典确认是温度、流量、功率或其他参数
raw__311X130,311,匿名原始过程变量,原始量纲未知,对应工序中的机台或工艺测量值,需由字段数据字典确认是温度、流量、功率或其他参数
raw__210X129,210,匿名原始过程变量,原始量纲未知,对应工序中的机台或工艺测量值,需由字段数据字典确认是温度、流量、功率或其他参数
time__311__median_day,311,工序时间,天或分钟,工序开始、结束、中位时间或工序内跨度,时间列含义由格式推断，需结合工艺时序复核
cat__Chamber_5.0,META,设备/工艺类别,类别指示,机台、腔体或工艺路线身份,匿名类别不表示性能高低
raw__520X106,520,匿名原始过程变量,原始量纲未知,对应工序中的机台或工艺测量值,需由字段数据字典确认是温度、流量、功率或其他参数
proc__400__missing_rate,400,工序稳健统计,无量纲或比例,该工序整体偏离正常设备分布的程度,是匿名变量的统计汇总，不等同于单一物理量
time__360__end_day,360,工序时间,天或分钟,工序开始、结束、中位时间或工序内跨度,时间列含义由格式推断，需结合工艺时序复核
raw__311X119,311,匿名原始过程变量,原始量纲未知,对应工序中的机台或工艺测量值,需由字段数据字典确认是温度、流量、功率或其他参数
raw__750X1356,750,匿名原始过程变量,原始量纲未知,对应工序中的机台或工艺测量值,需由字段数据字典确认是温度、流量、功率或其他参数
raw__210X76,210,匿名原始过程变量,原始量纲未知,对应工序中的机台或工艺测量值,需由字段数据字典确认是温度、流量、功率或其他参数
missing__311X169,311,缺失指示,0/1,设备、工序未采集或测量失败状态,缺失机制需结合生产日志确认
raw__311X81,311,匿名原始过程变量,原始量纲未知,对应工序中的机台或工艺测量值,需由字段数据字典确认是温度、流量、功率或其他参数
cat__TOOL (#1)_V,META,设备/工艺类别,类别指示,机台、腔体或工艺路线身份,匿名类别不表示性能高低
raw__210X28,210,匿名原始过程变量,原始量纲未知,对应工序中的机台或工艺测量值,需由字段数据字典确认是温度、流量、功率或其他参数
raw__330X100,330,匿名原始过程变量,原始量纲未知,对应工序中的机台或工艺测量值,需由字段数据字典确认是温度、流量、功率或其他参数
raw__520X129,520,匿名原始过程变量,原始量纲未知,对应工序中的机台或工艺测量值,需由字段数据字典确认是温度、流量、功率或其他参数
raw__330X694,330,匿名原始过程变量,原始量纲未知,对应工序中的机台或工艺测量值,需由字段数据字典确认是温度、流量、功率或其他参数
proc__220__outlier_rate,220,工序稳健统计,无量纲或比例,该工序整体偏离正常设备分布的程度,是匿名变量的统计汇总，不等同于单一物理量
raw__311X142,311,匿名原始过程变量,原始量纲未知,对应工序中的机台或工艺测量值,需由字段数据字典确认是温度、流量、功率或其他参数
raw__311X104,311,匿名原始过程变量,原始量纲未知,对应工序中的机台或工艺测量值,需由字段数据字典确认是温度、流量、功率或其他参数
raw__311X134,311,匿名原始过程变量,原始量纲未知,对应工序中的机台或工艺测量值,需由字段数据字典确认是温度、流量、功率或其他参数
raw__311X106,311,匿名原始过程变量,原始量纲未知,对应工序中的机台或工艺测量值,需由字段数据字典确认是温度、流量、功率或其他参数
raw__344X15,344,匿名原始过程变量,原始量纲未知,对应工序中的机台或工艺测量值,需由字段数据字典确认是温度、流量、功率或其他参数
raw__311X107,311,匿名原始过程变量,原始量纲未知,对应工序中的机台或工艺测量值,需由字段数据字典确认是温度、流量、功率或其他参数
raw__750X1391,750,匿名原始过程变量,原始量纲未知,对应工序中的机台或工艺测量值,需由字段数据字典确认是温度、流量、功率或其他参数
proc__344__median_z,344,工序稳健统计,无量纲或比例,该工序整体偏离正常设备分布的程度,是匿名变量的统计汇总，不等同于单一物理量
cat__Tool (#5)_11,META,设备/工艺类别,类别指示,机台、腔体或工艺路线身份,匿名类别不表示性能高低
cat__TOOL (#2)_B,META,设备/工艺类别,类别指示,机台、腔体或工艺路线身份,匿名类别不表示性能高低
raw__750X995,750,匿名原始过程变量,原始量纲未知,对应工序中的机台或工艺测量值,需由字段数据字典确认是温度、流量、功率或其他参数
raw__520X107,520,匿名原始过程变量,原始量纲未知,对应工序中的机台或工艺测量值,需由字段数据字典确认是温度、流量、功率或其他参数
cat__Tool (#2)_V,META,设备/工艺类别,类别指示,机台、腔体或工艺路线身份,匿名类别不表示性能高低
raw__420X71,420,匿名原始过程变量,原始量纲未知,对应工序中的机台或工艺测量值,需由字段数据字典确认是温度、流量、功率或其他参数
time__311__end_day,311,工序时间,天或分钟,工序开始、结束、中位时间或工序内跨度,时间列含义由格式推断，需结合工艺时序复核
raw__344X83,344,匿名原始过程变量,原始量纲未知,对应工序中的机台或工艺测量值,需由字段数据字典确认是温度、流量、功率或其他参数
raw__520X84,520,匿名原始过程变量,原始量纲未知,对应工序中的机台或工艺测量值,需由字段数据字典确认是温度、流量、功率或其他参数
missing__311X112,311,缺失指示,0/1,设备、工序未采集或测量失败状态,缺失机制需结合生产日志确认
raw__400X63,400,匿名原始过程变量,原始量纲未知,对应工序中的机台或工艺测量值,需由字段数据字典确认是温度、流量、功率或其他参数
missing__311X130,311,缺失指示,0/1,设备、工序未采集或测量失败状态,缺失机制需结合生产日志确认
raw__360X984,360,匿名原始过程变量,原始量纲未知,对应工序中的机台或工艺测量值,需由字段数据字典确认是温度、流量、功率或其他参数
raw__420X86,420,匿名原始过程变量,原始量纲未知,对应工序中的机台或工艺测量值,需由字段数据字典确认是温度、流量、功率或其他参数
missing__311X131,311,缺失指示,0/1,设备、工序未采集或测量失败状态,缺失机制需结合生产日志确认
missing__311X133,311,缺失指示,0/1,设备、工序未采集或测量失败状态,缺失机制需结合生产日志确认
missing__311X134,311,缺失指示,0/1,设备、工序未采集或测量失败状态,缺失机制需结合生产日志确认
missing__311X135,311,缺失指示,0/1,设备、工序未采集或测量失败状态,缺失机制需结合生产日志确认
missing__311X128,311,缺失指示,0/1,设备、工序未采集或测量失败状态,缺失机制需结合生产日志确认
missing__311X136,311,缺失指示,0/1,设备、工序未采集或测量失败状态,缺失机制需结合生产日志确认
missing__311X137,311,缺失指示,0/1,设备、工序未采集或测量失败状态,缺失机制需结合生产日志确认
missing__311X139,311,缺失指示,0/1,设备、工序未采集或测量失败状态,缺失机制需结合生产日志确认
missing__311X140,311,缺失指示,0/1,设备、工序未采集或测量失败状态,缺失机制需结合生产日志确认
missing__311X141,311,缺失指示,0/1,设备、工序未采集或测量失败状态,缺失机制需结合生产日志确认
raw__344X92,344,匿名原始过程变量,原始量纲未知,对应工序中的机台或工艺测量值,需由字段数据字典确认是温度、流量、功率或其他参数
missing__311X142,311,缺失指示,0/1,设备、工序未采集或测量失败状态,缺失机制需结合生产日志确认
missing__311X129,311,缺失指示,0/1,设备、工序未采集或测量失败状态,缺失机制需结合生产日志确认
raw__420X135,420,匿名原始过程变量,原始量纲未知,对应工序中的机台或工艺测量值,需由字段数据字典确认是温度、流量、功率或其他参数
raw__420X37,420,匿名原始过程变量,原始量纲未知,对应工序中的机台或工艺测量值,需由字段数据字典确认是温度、流量、功率或其他参数
raw__420X140,420,匿名原始过程变量,原始量纲未知,对应工序中的机台或工艺测量值,需由字段数据字典确认是温度、流量、功率或其他参数
raw__420X35,420,匿名原始过程变量,原始量纲未知,对应工序中的机台或工艺测量值,需由字段数据字典确认是温度、流量、功率或其他参数
raw__420X34,420,匿名原始过程变量,原始量纲未知,对应工序中的机台或工艺测量值,需由字段数据字典确认是温度、流量、功率或其他参数
missing__311X113,311,缺失指示,0/1,设备、工序未采集或测量失败状态,缺失机制需结合生产日志确认
missing__311X115,311,缺失指示,0/1,设备、工序未采集或测量失败状态,缺失机制需结合生产日志确认
raw__420X228,420,匿名原始过程变量,原始量纲未知,对应工序中的机台或工艺测量值,需由字段数据字典确认是温度、流量、功率或其他参数
missing__311X116,311,缺失指示,0/1,设备、工序未采集或测量失败状态,缺失机制需结合生产日志确认
raw__420X202,420,匿名原始过程变量,原始量纲未知,对应工序中的机台或工艺测量值,需由字段数据字典确认是温度、流量、功率或其他参数
missing__311X117,311,缺失指示,0/1,设备、工序未采集或测量失败状态,缺失机制需结合生产日志确认
missing__311X118,311,缺失指示,0/1,设备、工序未采集或测量失败状态,缺失机制需结合生产日志确认
missing__311X119,311,缺失指示,0/1,设备、工序未采集或测量失败状态,缺失机制需结合生产日志确认
missing__311X12,311,缺失指示,0/1,设备、工序未采集或测量失败状态,缺失机制需结合生产日志确认
raw__420X160,420,匿名原始过程变量,原始量纲未知,对应工序中的机台或工艺测量值,需由字段数据字典确认是温度、流量、功率或其他参数
missing__311X127,311,缺失指示,0/1,设备、工序未采集或测量失败状态,缺失机制需结合生产日志确认
raw__420X156,420,匿名原始过程变量,原始量纲未知,对应工序中的机台或工艺测量值,需由字段数据字典确认是温度、流量、功率或其他参数
raw__420X141,420,匿名原始过程变量,原始量纲未知,对应工序中的机台或工艺测量值,需由字段数据字典确认是温度、流量、功率或其他参数
raw__420X157,420,匿名原始过程变量,原始量纲未知,对应工序中的机台或工艺测量值,需由字段数据字典确认是温度、流量、功率或其他参数
missing__520X26,520,缺失指示,0/1,设备、工序未采集或测量失败状态,缺失机制需结合生产日志确认
raw__420X90,420,匿名原始过程变量,原始量纲未知,对应工序中的机台或工艺测量值,需由字段数据字典确认是温度、流量、功率或其他参数
cat__TOOL_J,META,设备/工艺类别,类别指示,机台、腔体或工艺路线身份,匿名类别不表示性能高低
route__360_to_400__overlap,360_to_400,跨工序时间,小时或0/1,相邻工序等待时间或并行重叠状态,工序先后关系按编号排序，需要业务确认
route__330_to_360__overlap,330_to_360,跨工序时间,小时或0/1,相邻工序等待时间或并行重叠状态,工序先后关系按编号排序，需要业务确认
route__311_to_330__overlap,311_to_330,跨工序时间,小时或0/1,相邻工序等待时间或并行重叠状态,工序先后关系按编号排序，需要业务确认
cat__TOOL (#3)_E,META,设备/工艺类别,类别指示,机台、腔体或工艺路线身份,匿名类别不表示性能高低
route__310_to_311__overlap,310_to_311,跨工序时间,小时或0/1,相邻工序等待时间或并行重叠状态,工序先后关系按编号排序，需要业务确认
route__300_to_310__overlap,300_to_310,跨工序时间,小时或0/1,相邻工序等待时间或并行重叠状态,工序先后关系按编号排序，需要业务确认
route__220_to_300__overlap,220_to_300,跨工序时间,小时或0/1,相邻工序等待时间或并行重叠状态,工序先后关系按编号排序，需要业务确认
route__210_to_220__overlap,210_to_220,跨工序时间,小时或0/1,相邻工序等待时间或并行重叠状态,工序先后关系按编号排序，需要业务确认
cat__TOOL_ID_E,META,设备/工艺类别,类别指示,机台、腔体或工艺路线身份,匿名类别不表示性能高低
raw__ERROR:#N/A_9,META,匿名原始过程变量,原始量纲未知,对应工序中的机台或工艺测量值,需由字段数据字典确认是温度、流量、功率或其他参数
cat__TOOL_ID_N,META,设备/工艺类别,类别指示,机台、腔体或工艺路线身份,匿名类别不表示性能高低
raw__ERROR:#N/A_16,META,匿名原始过程变量,原始量纲未知,对应工序中的机台或工艺测量值,需由字段数据字典确认是温度、流量、功率或其他参数
cat__TOOL_L,META,设备/工艺类别,类别指示,机台、腔体或工艺路线身份,匿名类别不表示性能高低
cat__Tool (#2)_W,META,设备/工艺类别,类别指示,机台、腔体或工艺路线身份,匿名类别不表示性能高低
raw__750X91,750,匿名原始过程变量,原始量纲未知,对应工序中的机台或工艺测量值,需由字段数据字典确认是温度、流量、功率或其他参数
cat__TOOL_M,META,设备/工艺类别,类别指示,机台、腔体或工艺路线身份,匿名类别不表示性能高低
cat__TOOL_N,META,设备/工艺类别,类别指示,机台、腔体或工艺路线身份,匿名类别不表示性能高低
cat__TOOL_O,META,设备/工艺类别,类别指示,机台、腔体或工艺路线身份,匿名类别不表示性能高低
raw__750X704,750,匿名原始过程变量,原始量纲未知,对应工序中的机台或工艺测量值,需由字段数据字典确认是温度、流量、功率或其他参数
cat__Tool (#1)_B,META,设备/工艺类别,类别指示,机台、腔体或工艺路线身份,匿名类别不表示性能高低
raw__750X696,750,匿名原始过程变量,原始量纲未知,对应工序中的机台或工艺测量值,需由字段数据字典确认是温度、流量、功率或其他参数
raw__750X69,750,匿名原始过程变量,原始量纲未知,对应工序中的机台或工艺测量值,需由字段数据字典确认是温度、流量、功率或其他参数
cat__Tool (#1)_C,META,设备/工艺类别,类别指示,机台、腔体或工艺路线身份,匿名类别不表示性能高低
cat__Tool (#1)_D,META,设备/工艺类别,类别指示,机台、腔体或工艺路线身份,匿名类别不表示性能高低
raw__750X541,750,匿名原始过程变量,原始量纲未知,对应工序中的机台或工艺测量值,需由字段数据字典确认是温度、流量、功率或其他参数
raw__750X475,750,匿名原始过程变量,原始量纲未知,对应工序中的机台或工艺测量值,需由字段数据字典确认是温度、流量、功率或其他参数
cat__TOOL (#3)_D,META,设备/工艺类别,类别指示,机台、腔体或工艺路线身份,匿名类别不表示性能高低
route__400_to_420__overlap,400_to_420,跨工序时间,小时或0/1,相邻工序等待时间或并行重叠状态,工序先后关系按编号排序，需要业务确认
route__420_to_520__overlap,420_to_520,跨工序时间,小时或0/1,相邻工序等待时间或并行重叠状态,工序先后关系按编号排序，需要业务确认
cat__TOOL (#3)_C,META,设备/工艺类别,类别指示,机台、腔体或工艺路线身份,匿名类别不表示性能高低
time__750__start_day,750,工序时间,天或分钟,工序开始、结束、中位时间或工序内跨度,时间列含义由格式推断，需结合工艺时序复核
time__750__span_min,750,工序时间,天或分钟,工序开始、结束、中位时间或工序内跨度,时间列含义由格式推断，需结合工艺时序复核
time__750__median_day,750,工序时间,天或分钟,工序开始、结束、中位时间或工序内跨度,时间列含义由格式推断，需结合工艺时序复核
time__750__end_day,750,工序时间,天或分钟,工序开始、结束、中位时间或工序内跨度,时间列含义由格式推断，需结合工艺时序复核
time__520__valid_rate,520,工序时间,天或分钟,工序开始、结束、中位时间或工序内跨度,时间列含义由格式推断，需结合工艺时序复核
time__420__valid_rate,420,工序时间,天或分钟,工序开始、结束、中位时间或工序内跨度,时间列含义由格式推断，需结合工艺时序复核
time__360__valid_rate,360,工序时间,天或分钟,工序开始、结束、中位时间或工序内跨度,时间列含义由格式推断，需结合工艺时序复核
time__360__span_min,360,工序时间,天或分钟,工序开始、结束、中位时间或工序内跨度,时间列含义由格式推断，需结合工艺时序复核
time__330__valid_rate,330,工序时间,天或分钟,工序开始、结束、中位时间或工序内跨度,时间列含义由格式推断，需结合工艺时序复核
cat__Chamber___MISSING__,META,设备/工艺类别,类别指示,机台、腔体或工艺路线身份,匿名类别不表示性能高低
time__330__span_min,330,工序时间,天或分钟,工序开始、结束、中位时间或工序内跨度,时间列含义由格式推断，需结合工艺时序复核
cat__OPERATION_ID_XY1,META,设备/工艺类别,类别指示,机台、腔体或工艺路线身份,匿名类别不表示性能高低
time__310__valid_rate,310,工序时间,天或分钟,工序开始、结束、中位时间或工序内跨度,时间列含义由格式推断，需结合工艺时序复核
cat__OPERATION_ID_XY2,META,设备/工艺类别,类别指示,机台、腔体或工艺路线身份,匿名类别不表示性能高低
cat__TOOL (#1)_K,META,设备/工艺类别,类别指示,机台、腔体或工艺路线身份,匿名类别不表示性能高低
cat__TOOL (#1)_T,META,设备/工艺类别,类别指示,机台、腔体或工艺路线身份,匿名类别不表示性能高低
cat__TOOL (#2)_A,META,设备/工艺类别,类别指示,机台、腔体或工艺路线身份,匿名类别不表示性能高低
time__220__valid_rate,220,工序时间,天或分钟,工序开始、结束、中位时间或工序内跨度,时间列含义由格式推断，需结合工艺时序复核
cat__TOOL (#2)_C,META,设备/工艺类别,类别指示,机台、腔体或工艺路线身份,匿名类别不表示性能高低
cat__TOOL (#2)_D,META,设备/工艺类别,类别指示,机台、腔体或工艺路线身份,匿名类别不表示性能高低
time__210__valid_rate,210,工序时间,天或分钟,工序开始、结束、中位时间或工序内跨度,时间列含义由格式推断，需结合工艺时序复核
cat__TOOL (#2)_E,META,设备/工艺类别,类别指示,机台、腔体或工艺路线身份,匿名类别不表示性能高低
cat__TOOL (#3)_A,META,设备/工艺类别,类别指示,机台、腔体或工艺路线身份,匿名类别不表示性能高低
cat__TOOL (#3)_B,META,设备/工艺类别,类别指示,机台、腔体或工艺路线身份,匿名类别不表示性能高低
route__520_to_750__overlap,520_to_750,跨工序时间,小时或0/1,相邻工序等待时间或并行重叠状态,工序先后关系按编号排序，需要业务确认
cat__Tool (#1)_E,META,设备/工艺类别,类别指示,机台、腔体或工艺路线身份,匿名类别不表示性能高低
cat__Tool (#3)_Q,META,设备/工艺类别,类别指示,机台、腔体或工艺路线身份,匿名类别不表示性能高低
missing__311X111,311,缺失指示,0/1,设备、工序未采集或测量失败状态,缺失机制需结合生产日志确认
raw__520X119,520,匿名原始过程变量,原始量纲未知,对应工序中的机台或工艺测量值,需由字段数据字典确认是温度、流量、功率或其他参数
raw__520X285,520,匿名原始过程变量,原始量纲未知,对应工序中的机台或工艺测量值,需由字段数据字典确认是温度、流量、功率或其他参数
raw__520X281,520,匿名原始过程变量,原始量纲未知,对应工序中的机台或工艺测量值,需由字段数据字典确认是温度、流量、功率或其他参数
raw__520X26,520,匿名原始过程变量,原始量纲未知,对应工序中的机台或工艺测量值,需由字段数据字典确认是温度、流量、功率或其他参数
missing__311X10,311,缺失指示,0/1,设备、工序未采集或测量失败状态,缺失机制需结合生产日志确认
raw__520X24,520,匿名原始过程变量,原始量纲未知,对应工序中的机台或工艺测量值,需由字段数据字典确认是温度、流量、功率或其他参数
missing__311X103,311,缺失指示,0/1,设备、工序未采集或测量失败状态,缺失机制需结合生产日志确认
raw__520X135,520,匿名原始过程变量,原始量纲未知,对应工序中的机台或工艺测量值,需由字段数据字典确认是温度、流量、功率或其他参数
raw__520X130,520,匿名原始过程变量,原始量纲未知,对应工序中的机台或工艺测量值,需由字段数据字典确认是温度、流量、功率或其他参数
raw__520X13,520,匿名原始过程变量,原始量纲未知,对应工序中的机台或工艺测量值,需由字段数据字典确认是温度、流量、功率或其他参数
raw__520X128,520,匿名原始过程变量,原始量纲未知,对应工序中的机台或工艺测量值,需由字段数据字典确认是温度、流量、功率或其他参数
raw__520X124,520,匿名原始过程变量,原始量纲未知,对应工序中的机台或工艺测量值,需由字段数据字典确认是温度、流量、功率或其他参数
raw__520X123,520,匿名原始过程变量,原始量纲未知,对应工序中的机台或工艺测量值,需由字段数据字典确认是温度、流量、功率或其他参数
raw__520X117,520,匿名原始过程变量,原始量纲未知,对应工序中的机台或工艺测量值,需由字段数据字典确认是温度、流量、功率或其他参数
cat__Tool (#3)_R,META,设备/工艺类别,类别指示,机台、腔体或工艺路线身份,匿名类别不表示性能高低
raw__520X113,520,匿名原始过程变量,原始量纲未知,对应工序中的机台或工艺测量值,需由字段数据字典确认是温度、流量、功率或其他参数
raw__520X111,520,匿名原始过程变量,原始量纲未知,对应工序中的机台或工艺测量值,需由字段数据字典确认是温度、流量、功率或其他参数
raw__520X11,520,匿名原始过程变量,原始量纲未知,对应工序中的机台或工艺测量值,需由字段数据字典确认是温度、流量、功率或其他参数
raw__520X109,520,匿名原始过程变量,原始量纲未知,对应工序中的机台或工艺测量值,需由字段数据字典确认是温度、流量、功率或其他参数
raw__520X108,520,匿名原始过程变量,原始量纲未知,对应工序中的机台或工艺测量值,需由字段数据字典确认是温度、流量、功率或其他参数
raw__520X104,520,匿名原始过程变量,原始量纲未知,对应工序中的机台或工艺测量值,需由字段数据字典确认是温度、流量、功率或其他参数
raw__520X101,520,匿名原始过程变量,原始量纲未知,对应工序中的机台或工艺测量值,需由字段数据字典确认是温度、流量、功率或其他参数
missing__311X104,311,缺失指示,0/1,设备、工序未采集或测量失败状态,缺失机制需结合生产日志确认
missing__311X106,311,缺失指示,0/1,设备、工序未采集或测量失败状态,缺失机制需结合生产日志确认
missing__311X107,311,缺失指示,0/1,设备、工序未采集或测量失败状态,缺失机制需结合生产日志确认
missing__311X109,311,缺失指示,0/1,设备、工序未采集或测量失败状态,缺失机制需结合生产日志确认
missing__311X11,311,缺失指示,0/1,设备、工序未采集或测量失败状态,缺失机制需结合生产日志确认
missing__311X1,311,缺失指示,0/1,设备、工序未采集或测量失败状态,缺失机制需结合生产日志确认
cat__Tool_B,META,设备/工艺类别,类别指示,机台、腔体或工艺路线身份,匿名类别不表示性能高低
raw__520X34,520,匿名原始过程变量,原始量纲未知,对应工序中的机台或工艺测量值,需由字段数据字典确认是温度、流量、功率或其他参数
cat__Tool_A,META,设备/工艺类别,类别指示,机台、腔体或工艺路线身份,匿名类别不表示性能高低
cat__Tool (#4)_A,META,设备/工艺类别,类别指示,机台、腔体或工艺路线身份,匿名类别不表示性能高低
cat__Tool (#4)_B,META,设备/工艺类别,类别指示,机台、腔体或工艺路线身份,匿名类别不表示性能高低
cat__Tool (#4)_C,META,设备/工艺类别,类别指示,机台、腔体或工艺路线身份,匿名类别不表示性能高低
raw__520X99,520,匿名原始过程变量,原始量纲未知,对应工序中的机台或工艺测量值,需由字段数据字典确认是温度、流量、功率或其他参数
raw__520X98,520,匿名原始过程变量,原始量纲未知,对应工序中的机台或工艺测量值,需由字段数据字典确认是温度、流量、功率或其他参数
raw__520X94,520,匿名原始过程变量,原始量纲未知,对应工序中的机台或工艺测量值,需由字段数据字典确认是温度、流量、功率或其他参数
raw__520X89,520,匿名原始过程变量,原始量纲未知,对应工序中的机台或工艺测量值,需由字段数据字典确认是温度、流量、功率或其他参数
cat__Tool (#4)_D,META,设备/工艺类别,类别指示,机台、腔体或工艺路线身份,匿名类别不表示性能高低
raw__520X86,520,匿名原始过程变量,原始量纲未知,对应工序中的机台或工艺测量值,需由字段数据字典确认是温度、流量、功率或其他参数
missing__311X146,311,缺失指示,0/1,设备、工序未采集或测量失败状态,缺失机制需结合生产日志确认
raw__520X79,520,匿名原始过程变量,原始量纲未知,对应工序中的机台或工艺测量值,需由字段数据字典确认是温度、流量、功率或其他参数
raw__520X74,520,匿名原始过程变量,原始量纲未知,对应工序中的机台或工艺测量值,需由字段数据字典确认是温度、流量、功率或其他参数
raw__520X73,520,匿名原始过程变量,原始量纲未知,对应工序中的机台或工艺测量值,需由字段数据字典确认是温度、流量、功率或其他参数
raw__520X69,520,匿名原始过程变量,原始量纲未知,对应工序中的机台或工艺测量值,需由字段数据字典确认是温度、流量、功率或其他参数
raw__520X68,520,匿名原始过程变量,原始量纲未知,对应工序中的机台或工艺测量值,需由字段数据字典确认是温度、流量、功率或其他参数
raw__520X64,520,匿名原始过程变量,原始量纲未知,对应工序中的机台或工艺测量值,需由字段数据字典确认是温度、流量、功率或其他参数
raw__520X59,520,匿名原始过程变量,原始量纲未知,对应工序中的机台或工艺测量值,需由字段数据字典确认是温度、流量、功率或其他参数
raw__520X56,520,匿名原始过程变量,原始量纲未知,对应工序中的机台或工艺测量值,需由字段数据字典确认是温度、流量、功率或其他参数
raw__520X49,520,匿名原始过程变量,原始量纲未知,对应工序中的机台或工艺测量值,需由字段数据字典确认是温度、流量、功率或其他参数
raw__520X44,520,匿名原始过程变量,原始量纲未知,对应工序中的机台或工艺测量值,需由字段数据字典确认是温度、流量、功率或其他参数
raw__520X39,520,匿名原始过程变量,原始量纲未知,对应工序中的机台或工艺测量值,需由字段数据字典确认是温度、流量、功率或其他参数
raw__520X38,520,匿名原始过程变量,原始量纲未知,对应工序中的机台或工艺测量值,需由字段数据字典确认是温度、流量、功率或其他参数
raw__520X36,520,匿名原始过程变量,原始量纲未知,对应工序中的机台或工艺测量值,需由字段数据字典确认是温度、流量、功率或其他参数
cat__Tool (#5)_12,META,设备/工艺类别,类别指示,机台、腔体或工艺路线身份,匿名类别不表示性能高低
cat__Tool (#5)_14,META,设备/工艺类别,类别指示,机台、腔体或工艺路线身份,匿名类别不表示性能高低
cat__Tool (#4)_E,META,设备/工艺类别,类别指示,机台、腔体或工艺路线身份,匿名类别不表示性能高低
raw__311X66,311,匿名原始过程变量,原始量纲未知,对应工序中的机台或工艺测量值,需由字段数据字典确认是温度、流量、功率或其他参数
raw__344X78,344,匿名原始过程变量,原始量纲未知,对应工序中的机台或工艺测量值,需由字段数据字典确认是温度、流量、功率或其他参数
missing__420X90,420,缺失指示,0/1,设备、工序未采集或测量失败状态,缺失机制需结合生产日志确认
proc__520__missing_rate,520,工序稳健统计,无量纲或比例,该工序整体偏离正常设备分布的程度,是匿名变量的统计汇总，不等同于单一物理量
missing__420X94,420,缺失指示,0/1,设备、工序未采集或测量失败状态,缺失机制需结合生产日志确认
missing__420X93,420,缺失指示,0/1,设备、工序未采集或测量失败状态,缺失机制需结合生产日志确认
proc__750__missing_rate,750,工序稳健统计,无量纲或比例,该工序整体偏离正常设备分布的程度,是匿名变量的统计汇总，不等同于单一物理量
missing__420X92,420,缺失指示,0/1,设备、工序未采集或测量失败状态,缺失机制需结合生产日志确认
missing__420X91,420,缺失指示,0/1,设备、工序未采集或测量失败状态,缺失机制需结合生产日志确认
missing__420X89,420,缺失指示,0/1,设备、工序未采集或测量失败状态,缺失机制需结合生产日志确认
missing__420X68,420,缺失指示,0/1,设备、工序未采集或测量失败状态,缺失机制需结合生产日志确认
missing__420X88,420,缺失指示,0/1,设备、工序未采集或测量失败状态,缺失机制需结合生产日志确认
missing__420X87,420,缺失指示,0/1,设备、工序未采集或测量失败状态,缺失机制需结合生产日志确认
missing__420X86,420,缺失指示,0/1,设备、工序未采集或测量失败状态,缺失机制需结合生产日志确认
missing__420X85,420,缺失指示,0/1,设备、工序未采集或测量失败状态,缺失机制需结合生产日志确认
missing__420X71,420,缺失指示,0/1,设备、工序未采集或测量失败状态,缺失机制需结合生产日志确认
missing__420X70,420,缺失指示,0/1,设备、工序未采集或测量失败状态,缺失机制需结合生产日志确认
missing__420X95,420,缺失指示,0/1,设备、工序未采集或测量失败状态,缺失机制需结合生产日志确认
proc__440A__zero_rate,440A,工序稳健统计,无量纲或比例,该工序整体偏离正常设备分布的程度,是匿名变量的统计汇总，不等同于单一物理量
missing__420X96,420,缺失指示,0/1,设备、工序未采集或测量失败状态,缺失机制需结合生产日志确认
missing__420X97,420,缺失指示,0/1,设备、工序未采集或测量失败状态,缺失机制需结合生产日志确认
proc__440A__missing_rate,440A,工序稳健统计,无量纲或比例,该工序整体偏离正常设备分布的程度,是匿名变量的统计汇总，不等同于单一物理量
missing__420X98,420,缺失指示,0/1,设备、工序未采集或测量失败状态,缺失机制需结合生产日志确认
missing__420X99,420,缺失指示,0/1,设备、工序未采集或测量失败状态,缺失机制需结合生产日志确认
missing__520X1,520,缺失指示,0/1,设备、工序未采集或测量失败状态,缺失机制需结合生产日志确认
missing__520X101,520,缺失指示,0/1,设备、工序未采集或测量失败状态,缺失机制需结合生产日志确认
missing__520X102,520,缺失指示,0/1,设备、工序未采集或测量失败状态,缺失机制需结合生产日志确认
missing__520X104,520,缺失指示,0/1,设备、工序未采集或测量失败状态,缺失机制需结合生产日志确认
proc__420__missing_rate,420,工序稳健统计,无量纲或比例,该工序整体偏离正常设备分布的程度,是匿名变量的统计汇总，不等同于单一物理量
missing__520X106,520,缺失指示,0/1,设备、工序未采集或测量失败状态,缺失机制需结合生产日志确认
proc__420__median_z,420,工序稳健统计,无量纲或比例,该工序整体偏离正常设备分布的程度,是匿名变量的统计汇总，不等同于单一物理量
missing__520X107,520,缺失指示,0/1,设备、工序未采集或测量失败状态,缺失机制需结合生产日志确认
proc__400__median_z,400,工序稳健统计,无量纲或比例,该工序整体偏离正常设备分布的程度,是匿名变量的统计汇总，不等同于单一物理量
missing__520X108,520,缺失指示,0/1,设备、工序未采集或测量失败状态,缺失机制需结合生产日志确认
missing__420X69,420,缺失指示,0/1,设备、工序未采集或测量失败状态,缺失机制需结合生产日志确认
missing__420X67,420,缺失指示,0/1,设备、工序未采集或测量失败状态,缺失机制需结合生产日志确认
missing__520X109,520,缺失指示,0/1,设备、工序未采集或测量失败状态,缺失机制需结合生产日志确认
missing__420X159,420,缺失指示,0/1,设备、工序未采集或测量失败状态,缺失机制需结合生产日志确认
missing__420X198,420,缺失指示,0/1,设备、工序未采集或测量失败状态,缺失机制需结合生产日志确认
missing__420X197,420,缺失指示,0/1,设备、工序未采集或测量失败状态,缺失机制需结合生产日志确认
missing__420X189,420,缺失指示,0/1,设备、工序未采集或测量失败状态,缺失机制需结合生产日志确认
missing__420X188,420,缺失指示,0/1,设备、工序未采集或测量失败状态,缺失机制需结合生产日志确认
missing__420X187,420,缺失指示,0/1,设备、工序未采集或测量失败状态,缺失机制需结合生产日志确认
missing__420X160,420,缺失指示,0/1,设备、工序未采集或测量失败状态,缺失机制需结合生产日志确认
raw__210X201,210,匿名原始过程变量,原始量纲未知,对应工序中的机台或工艺测量值,需由字段数据字典确认是温度、流量、功率或其他参数
missing__420X66,420,缺失指示,0/1,设备、工序未采集或测量失败状态,缺失机制需结合生产日志确认
raw__210X203,210,匿名原始过程变量,原始量纲未知,对应工序中的机台或工艺测量值,需由字段数据字典确认是温度、流量、功率或其他参数
missing__420X157,420,缺失指示,0/1,设备、工序未采集或测量失败状态,缺失机制需结合生产日志确认
missing__420X156,420,缺失指示,0/1,设备、工序未采集或测量失败状态,缺失机制需结合生产日志确认
missing__420X141,420,缺失指示,0/1,设备、工序未采集或测量失败状态,缺失机制需结合生产日志确认
missing__420X140,420,缺失指示,0/1,设备、工序未采集或测量失败状态,缺失机制需结合生产日志确认
raw__210X221,210,匿名原始过程变量,原始量纲未知,对应工序中的机台或工艺测量值,需由字段数据字典确认是温度、流量、功率或其他参数
missing__420X200,420,缺失指示,0/1,设备、工序未采集或测量失败状态,缺失机制需结合生产日志确认
missing__420X201,420,缺失指示,0/1,设备、工序未采集或测量失败状态,缺失机制需结合生产日志确认
missing__420X202,420,缺失指示,0/1,设备、工序未采集或测量失败状态,缺失机制需结合生产日志确认
missing__420X208,420,缺失指示,0/1,设备、工序未采集或测量失败状态,缺失机制需结合生产日志确认
missing__420X209,420,缺失指示,0/1,设备、工序未采集或测量失败状态,缺失机制需结合生产日志确认
missing__420X210,420,缺失指示,0/1,设备、工序未采集或测量失败状态,缺失机制需结合生产日志确认
missing__420X212,420,缺失指示,0/1,设备、工序未采集或测量失败状态,缺失机制需结合生产日志确认
missing__420X228,420,缺失指示,0/1,设备、工序未采集或测量失败状态,缺失机制需结合生产日志确认
missing__420X30,420,缺失指示,0/1,设备、工序未采集或测量失败状态,缺失机制需结合生产日志确认
missing__420X31,420,缺失指示,0/1,设备、工序未采集或测量失败状态,缺失机制需结合生产日志确认
missing__420X33,420,缺失指示,0/1,设备、工序未采集或测量失败状态,缺失机制需结合生产日志确认
missing__420X34,420,缺失指示,0/1,设备、工序未采集或测量失败状态,缺失机制需结合生产日志确认
missing__420X35,420,缺失指示,0/1,设备、工序未采集或测量失败状态,缺失机制需结合生产日志确认
missing__420X36,420,缺失指示,0/1,设备、工序未采集或测量失败状态,缺失机制需结合生产日志确认
missing__420X37,420,缺失指示,0/1,设备、工序未采集或测量失败状态,缺失机制需结合生产日志确认
missing__420X38,420,缺失指示,0/1,设备、工序未采集或测量失败状态,缺失机制需结合生产日志确认
missing__420X4,420,缺失指示,0/1,设备、工序未采集或测量失败状态,缺失机制需结合生产日志确认
proc__360__missing_rate,360,工序稳健统计,无量纲或比例,该工序整体偏离正常设备分布的程度,是匿名变量的统计汇总，不等同于单一物理量
proc__344__missing_rate,344,工序稳健统计,无量纲或比例,该工序整体偏离正常设备分布的程度,是匿名变量的统计汇总，不等同于单一物理量
missing__420X135,420,缺失指示,0/1,设备、工序未采集或测量失败状态,缺失机制需结合生产日志确认
missing__520X84,520,缺失指示,0/1,设备、工序未采集或测量失败状态,缺失机制需结合生产日志确认
missing__520X68,520,缺失指示,0/1,设备、工序未采集或测量失败状态,缺失机制需结合生产日志确认
missing__520X69,520,缺失指示,0/1,设备、工序未采集或测量失败状态,缺失机制需结合生产日志确认
missing__520X73,520,缺失指示,0/1,设备、工序未采集或测量失败状态,缺失机制需结合生产日志确认
missing__520X74,520,缺失指示,0/1,设备、工序未采集或测量失败状态,缺失机制需结合生产日志确认
missing__520X79,520,缺失指示,0/1,设备、工序未采集或测量失败状态,缺失机制需结合生产日志确认
missing__520X83,520,缺失指示,0/1,设备、工序未采集或测量失败状态,缺失机制需结合生产日志确认
missing__520X86,520,缺失指示,0/1,设备、工序未采集或测量失败状态,缺失机制需结合生产日志确认
missing__ERROR:#N/A_25,META,缺失指示,0/1,设备、工序未采集或测量失败状态,缺失机制需结合生产日志确认
missing__520X87,520,缺失指示,0/1,设备、工序未采集或测量失败状态,缺失机制需结合生产日志确认
missing__520X89,520,缺失指示,0/1,设备、工序未采集或测量失败状态,缺失机制需结合生产日志确认
missing__520X94,520,缺失指示,0/1,设备、工序未采集或测量失败状态,缺失机制需结合生产日志确认
missing__520X96,520,缺失指示,0/1,设备、工序未采集或测量失败状态,缺失机制需结合生产日志确认
missing__520X97,520,缺失指示,0/1,设备、工序未采集或测量失败状态,缺失机制需结合生产日志确认
missing__520X98,520,缺失指示,0/1,设备、工序未采集或测量失败状态,缺失机制需结合生产日志确认
missing__520X67,520,缺失指示,0/1,设备、工序未采集或测量失败状态,缺失机制需结合生产日志确认
missing__520X64,520,缺失指示,0/1,设备、工序未采集或测量失败状态,缺失机制需结合生产日志确认
missing__520X59,520,缺失指示,0/1,设备、工序未采集或测量失败状态,缺失机制需结合生产日志确认
missing__520X56,520,缺失指示,0/1,设备、工序未采集或测量失败状态,缺失机制需结合生产日志确认
missing__520X52,520,缺失指示,0/1,设备、工序未采集或测量失败状态,缺失机制需结合生产日志确认
missing__520X49,520,缺失指示,0/1,设备、工序未采集或测量失败状态,缺失机制需结合生产日志确认
missing__520X47,520,缺失指示,0/1,设备、工序未采集或测量失败状态,缺失机制需结合生产日志确认
missing__520X44,520,缺失指示,0/1,设备、工序未采集或测量失败状态,缺失机制需结合生产日志确认
missing__520X43,520,缺失指示,0/1,设备、工序未采集或测量失败状态,缺失机制需结合生产日志确认
missing__520X39,520,缺失指示,0/1,设备、工序未采集或测量失败状态,缺失机制需结合生产日志确认
missing__520X38,520,缺失指示,0/1,设备、工序未采集或测量失败状态,缺失机制需结合生产日志确认
missing__520X37,520,缺失指示,0/1,设备、工序未采集或测量失败状态,缺失机制需结合生产日志确认
missing__520X36,520,缺失指示,0/1,设备、工序未采集或测量失败状态,缺失机制需结合生产日志确认
missing__520X34,520,缺失指示,0/1,设备、工序未采集或测量失败状态,缺失机制需结合生产日志确认
missing__520X33,520,缺失指示,0/1,设备、工序未采集或测量失败状态,缺失机制需结合生产日志确认
missing__520X32,520,缺失指示,0/1,设备、工序未采集或测量失败状态,缺失机制需结合生产日志确认
missing__520X285,520,缺失指示,0/1,设备、工序未采集或测量失败状态,缺失机制需结合生产日志确认
missing__520X99,520,缺失指示,0/1,设备、工序未采集或测量失败状态,缺失机制需结合生产日志确认
missing__520X24,520,缺失指示,0/1,设备、工序未采集或测量失败状态,缺失机制需结合生产日志确认
missing__520X11,520,缺失指示,0/1,设备、工序未采集或测量失败状态,缺失机制需结合生产日志确认
missing__520X119,520,缺失指示,0/1,设备、工序未采集或测量失败状态,缺失机制需结合生产日志确认
missing__520X128,520,缺失指示,0/1,设备、工序未采集或测量失败状态,缺失机制需结合生产日志确认
missing__520X124,520,缺失指示,0/1,设备、工序未采集或测量失败状态,缺失机制需结合生产日志确认
missing__520X123,520,缺失指示,0/1,设备、工序未采集或测量失败状态,缺失机制需结合生产日志确认
missing__520X12,520,缺失指示,0/1,设备、工序未采集或测量失败状态,缺失机制需结合生产日志确认
proc__312__median_z,312,工序稳健统计,无量纲或比例,该工序整体偏离正常设备分布的程度,是匿名变量的统计汇总，不等同于单一物理量
proc__312__missing_rate,312,工序稳健统计,无量纲或比例,该工序整体偏离正常设备分布的程度,是匿名变量的统计汇总，不等同于单一物理量
missing__520X117,520,缺失指示,0/1,设备、工序未采集或测量失败状态,缺失机制需结合生产日志确认
missing__520X23,520,缺失指示,0/1,设备、工序未采集或测量失败状态,缺失机制需结合生产日志确认
missing__520X113,520,缺失指示,0/1,设备、工序未采集或测量失败状态,缺失机制需结合生产日志确认
proc__330__missing_rate,330,工序稳健统计,无量纲或比例,该工序整体偏离正常设备分布的程度,是匿名变量的统计汇总，不等同于单一物理量
missing__520X112,520,缺失指示,0/1,设备、工序未采集或测量失败状态,缺失机制需结合生产日志确认
missing__520X111,520,缺失指示,0/1,设备、工序未采集或测量失败状态,缺失机制需结合生产日志确认
proc__340__median_z,340,工序稳健统计,无量纲或比例,该工序整体偏离正常设备分布的程度,是匿名变量的统计汇总，不等同于单一物理量
proc__340__missing_rate,340,工序稳健统计,无量纲或比例,该工序整体偏离正常设备分布的程度,是匿名变量的统计汇总，不等同于单一物理量
missing__520X129,520,缺失指示,0/1,设备、工序未采集或测量失败状态,缺失机制需结合生产日志确认
missing__520X13,520,缺失指示,0/1,设备、工序未采集或测量失败状态,缺失机制需结合生产日志确认
missing__520X130,520,缺失指示,0/1,设备、工序未采集或测量失败状态,缺失机制需结合生产日志确认
missing__520X134,520,缺失指示,0/1,设备、工序未采集或测量失败状态,缺失机制需结合生产日志确认
proc__310__missing_rate,310,工序稳健统计,无量纲或比例,该工序整体偏离正常设备分布的程度,是匿名变量的统计汇总，不等同于单一物理量
missing__520X135,520,缺失指示,0/1,设备、工序未采集或测量失败状态,缺失机制需结合生产日志确认
proc__300__zero_rate,300,工序稳健统计,无量纲或比例,该工序整体偏离正常设备分布的程度,是匿名变量的统计汇总，不等同于单一物理量
missing__520X143,520,缺失指示,0/1,设备、工序未采集或测量失败状态,缺失机制需结合生产日志确认
proc__300__outlier_rate,300,工序稳健统计,无量纲或比例,该工序整体偏离正常设备分布的程度,是匿名变量的统计汇总，不等同于单一物理量
missing__520X167,520,缺失指示,0/1,设备、工序未采集或测量失败状态,缺失机制需结合生产日志确认
missing__520X176,520,缺失指示,0/1,设备、工序未采集或测量失败状态,缺失机制需结合生产日志确认
missing__520X177,520,缺失指示,0/1,设备、工序未采集或测量失败状态,缺失机制需结合生产日志确认
proc__220__zero_rate,220,工序稳健统计,无量纲或比例,该工序整体偏离正常设备分布的程度,是匿名变量的统计汇总，不等同于单一物理量
proc__220__missing_rate,220,工序稳健统计,无量纲或比例,该工序整体偏离正常设备分布的程度,是匿名变量的统计汇总，不等同于单一物理量
missing__520X178,520,缺失指示,0/1,设备、工序未采集或测量失败状态,缺失机制需结合生产日志确认
proc__210__missing_rate,210,工序稳健统计,无量纲或比例,该工序整体偏离正常设备分布的程度,是匿名变量的统计汇总，不等同于单一物理量
missing__520X22,520,缺失指示,0/1,设备、工序未采集或测量失败状态,缺失机制需结合生产日志确认
missing__420X138,420,缺失指示,0/1,设备、工序未采集或测量失败状态,缺失机制需结合生产日志确认
raw__210X30,210,匿名原始过程变量,原始量纲未知,对应工序中的机台或工艺测量值,需由字段数据字典确认是温度、流量、功率或其他参数
raw__344X77,344,匿名原始过程变量,原始量纲未知,对应工序中的机台或工艺测量值,需由字段数据字典确认是温度、流量、功率或其他参数
missing__311X209,311,缺失指示,0/1,设备、工序未采集或测量失败状态,缺失机制需结合生产日志确认
missing__311X24,311,缺失指示,0/1,设备、工序未采集或测量失败状态,缺失机制需结合生产日志确认
raw__330X177,330,匿名原始过程变量,原始量纲未知,对应工序中的机台或工艺测量值,需由字段数据字典确认是温度、流量、功率或其他参数
missing__311X223,311,缺失指示,0/1,设备、工序未采集或测量失败状态,缺失机制需结合生产日志确认
missing__311X212,311,缺失指示,0/1,设备、工序未采集或测量失败状态,缺失机制需结合生产日志确认
missing__311X211,311,缺失指示,0/1,设备、工序未采集或测量失败状态,缺失机制需结合生产日志确认
missing__311X210,311,缺失指示,0/1,设备、工序未采集或测量失败状态,缺失机制需结合生产日志确认
missing__311X208,311,缺失指示,0/1,设备、工序未采集或测量失败状态,缺失机制需结合生产日志确认
missing__311X196,311,缺失指示,0/1,设备、工序未采集或测量失败状态,缺失机制需结合生产日志确认
missing__311X207,311,缺失指示,0/1,设备、工序未采集或测量失败状态,缺失机制需结合生产日志确认
missing__311X206,311,缺失指示,0/1,设备、工序未采集或测量失败状态,缺失机制需结合生产日志确认
missing__311X205,311,缺失指示,0/1,设备、工序未采集或测量失败状态,缺失机制需结合生产日志确认
missing__311X204,311,缺失指示,0/1,设备、工序未采集或测量失败状态,缺失机制需结合生产日志确认
missing__311X203,311,缺失指示,0/1,设备、工序未采集或测量失败状态,缺失机制需结合生产日志确认
missing__311X200,311,缺失指示,0/1,设备、工序未采集或测量失败状态,缺失机制需结合生产日志确认
missing__311X25,311,缺失指示,0/1,设备、工序未采集或测量失败状态,缺失机制需结合生产日志确认
raw__330X1261,330,匿名原始过程变量,原始量纲未知,对应工序中的机台或工艺测量值,需由字段数据字典确认是温度、流量、功率或其他参数
missing__311X26,311,缺失指示,0/1,设备、工序未采集或测量失败状态,缺失机制需结合生产日志确认
raw__330X1173,330,匿名原始过程变量,原始量纲未知,对应工序中的机台或工艺测量值,需由字段数据字典确认是温度、流量、功率或其他参数
missing__311X27,311,缺失指示,0/1,设备、工序未采集或测量失败状态,缺失机制需结合生产日志确认
missing__311X28,311,缺失指示,0/1,设备、工序未采集或测量失败状态,缺失机制需结合生产日志确认
missing__311X29,311,缺失指示,0/1,设备、工序未采集或测量失败状态,缺失机制需结合生产日志确认
missing__311X30,311,缺失指示,0/1,设备、工序未采集或测量失败状态,缺失机制需结合生产日志确认
missing__311X31,311,缺失指示,0/1,设备、工序未采集或测量失败状态,缺失机制需结合生产日志确认
missing__311X32,311,缺失指示,0/1,设备、工序未采集或测量失败状态,缺失机制需结合生产日志确认
missing__311X33,311,缺失指示,0/1,设备、工序未采集或测量失败状态,缺失机制需结合生产日志确认
missing__311X4,311,缺失指示,0/1,设备、工序未采集或测量失败状态,缺失机制需结合生产日志确认
missing__311X5,311,缺失指示,0/1,设备、工序未采集或测量失败状态,缺失机制需结合生产日志确认
missing__311X52,311,缺失指示,0/1,设备、工序未采集或测量失败状态,缺失机制需结合生产日志确认
missing__311X53,311,缺失指示,0/1,设备、工序未采集或测量失败状态,缺失机制需结合生产日志确认
raw__311X85,311,匿名原始过程变量,原始量纲未知,对应工序中的机台或工艺测量值,需由字段数据字典确认是温度、流量、功率或其他参数
missing__311X58,311,缺失指示,0/1,设备、工序未采集或测量失败状态,缺失机制需结合生产日志确认
missing__311X197,311,缺失指示,0/1,设备、工序未采集或测量失败状态,缺失机制需结合生产日志确认
raw__330X993,330,匿名原始过程变量,原始量纲未知,对应工序中的机台或工艺测量值,需由字段数据字典确认是温度、流量、功率或其他参数
missing__311X62,311,缺失指示,0/1,设备、工序未采集或测量失败状态,缺失机制需结合生产日志确认
missing__311X151,311,缺失指示,0/1,设备、工序未采集或测量失败状态,缺失机制需结合生产日志确认
raw__344X190,344,匿名原始过程变量,原始量纲未知,对应工序中的机台或工艺测量值,需由字段数据字典确认是温度、流量、功率或其他参数
missing__311X182,311,缺失指示,0/1,设备、工序未采集或测量失败状态,缺失机制需结合生产日志确认
missing__311X162,311,缺失指示,0/1,设备、工序未采集或测量失败状态,缺失机制需结合生产日志确认
missing__311X155,311,缺失指示,0/1,设备、工序未采集或测量失败状态,缺失机制需结合生产日志确认
missing__311X154,311,缺失指示,0/1,设备、工序未采集或测量失败状态,缺失机制需结合生产日志确认
missing__311X152,311,缺失指示,0/1,设备、工序未采集或测量失败状态,缺失机制需结合生产日志确认
raw__344X48,344,匿名原始过程变量,原始量纲未知,对应工序中的机台或工艺测量值,需由字段数据字典确认是温度、流量、功率或其他参数
missing__311X195,311,缺失指示,0/1,设备、工序未采集或测量失败状态,缺失机制需结合生产日志确认
missing__311X149,311,缺失指示,0/1,设备、工序未采集或测量失败状态,缺失机制需结合生产日志确认
missing__311X148,311,缺失指示,0/1,设备、工序未采集或测量失败状态,缺失机制需结合生产日志确认
raw__344X55,344,匿名原始过程变量,原始量纲未知,对应工序中的机台或工艺测量值,需由字段数据字典确认是温度、流量、功率或其他参数
raw__344X6,344,匿名原始过程变量,原始量纲未知,对应工序中的机台或工艺测量值,需由字段数据字典确认是温度、流量、功率或其他参数
missing__311X147,311,缺失指示,0/1,设备、工序未采集或测量失败状态,缺失机制需结合生产日志确认
raw__344X73,344,匿名原始过程变量,原始量纲未知,对应工序中的机台或工艺测量值,需由字段数据字典确认是温度、流量、功率或其他参数
missing__311X183,311,缺失指示,0/1,设备、工序未采集或测量失败状态,缺失机制需结合生产日志确认
missing__311X184,311,缺失指示,0/1,设备、工序未采集或测量失败状态,缺失机制需结合生产日志确认
raw__344X172,344,匿名原始过程变量,原始量纲未知,对应工序中的机台或工艺测量值,需由字段数据字典确认是温度、流量、功率或其他参数
missing__311X187,311,缺失指示,0/1,设备、工序未采集或测量失败状态,缺失机制需结合生产日志确认
missing__311X188,311,缺失指示,0/1,设备、工序未采集或测量失败状态,缺失机制需结合生产日志确认
raw__344X154,344,匿名原始过程变量,原始量纲未知,对应工序中的机台或工艺测量值,需由字段数据字典确认是温度、流量、功率或其他参数
missing__311X189,311,缺失指示,0/1,设备、工序未采集或测量失败状态,缺失机制需结合生产日志确认
raw__344X13,344,匿名原始过程变量,原始量纲未知,对应工序中的机台或工艺测量值,需由字段数据字典确认是温度、流量、功率或其他参数
raw__344X119,344,匿名原始过程变量,原始量纲未知,对应工序中的机台或工艺测量值,需由字段数据字典确认是温度、流量、功率或其他参数
missing__311X190,311,缺失指示,0/1,设备、工序未采集或测量失败状态,缺失机制需结合生产日志确认
raw__344X110,344,匿名原始过程变量,原始量纲未知,对应工序中的机台或工艺测量值,需由字段数据字典确认是温度、流量、功率或其他参数
missing__311X191,311,缺失指示,0/1,设备、工序未采集或测量失败状态,缺失机制需结合生产日志确认
raw__344X10,344,匿名原始过程变量,原始量纲未知,对应工序中的机台或工艺测量值,需由字段数据字典确认是温度、流量、功率或其他参数
missing__311X192,311,缺失指示,0/1,设备、工序未采集或测量失败状态,缺失机制需结合生产日志确认
raw__340X77,340,匿名原始过程变量,原始量纲未知,对应工序中的机台或工艺测量值,需由字段数据字典确认是温度、流量、功率或其他参数
missing__311X193,311,缺失指示,0/1,设备、工序未采集或测量失败状态,缺失机制需结合生产日志确认
missing__311X194,311,缺失指示,0/1,设备、工序未采集或测量失败状态,缺失机制需结合生产日志确认
missing__311X61,311,缺失指示,0/1,设备、工序未采集或测量失败状态,缺失机制需结合生产日志确认
missing__311X63,311,缺失指示,0/1,设备、工序未采集或测量失败状态,缺失机制需结合生产日志确认
missing__420X134,420,缺失指示,0/1,设备、工序未采集或测量失败状态,缺失机制需结合生产日志确认
raw__310X24,310,匿名原始过程变量,原始量纲未知,对应工序中的机台或工艺测量值,需由字段数据字典确认是温度、流量、功率或其他参数
missing__311X94,311,缺失指示,0/1,设备、工序未采集或测量失败状态,缺失机制需结合生产日志确认
missing__311X93,311,缺失指示,0/1,设备、工序未采集或测量失败状态,缺失机制需结合生产日志确认
missing__311X92,311,缺失指示,0/1,设备、工序未采集或测量失败状态,缺失机制需结合生产日志确认
missing__311X91,311,缺失指示,0/1,设备、工序未采集或测量失败状态,缺失机制需结合生产日志确认
missing__311X90,311,缺失指示,0/1,设备、工序未采集或测量失败状态,缺失机制需结合生产日志确认
raw__310X22,310,匿名原始过程变量,原始量纲未知,对应工序中的机台或工艺测量值,需由字段数据字典确认是温度、流量、功率或其他参数
raw__311X103,311,匿名原始过程变量,原始量纲未知,对应工序中的机台或工艺测量值,需由字段数据字典确认是温度、流量、功率或其他参数
missing__311X89,311,缺失指示,0/1,设备、工序未采集或测量失败状态,缺失机制需结合生产日志确认
missing__311X9,311,缺失指示,0/1,设备、工序未采集或测量失败状态,缺失机制需结合生产日志确认
raw__311X116,311,匿名原始过程变量,原始量纲未知,对应工序中的机台或工艺测量值,需由字段数据字典确认是温度、流量、功率或其他参数
raw__311X118,311,匿名原始过程变量,原始量纲未知,对应工序中的机台或工艺测量值,需由字段数据字典确认是温度、流量、功率或其他参数
raw__311X127,311,匿名原始过程变量,原始量纲未知,对应工序中的机台或工艺测量值,需由字段数据字典确认是温度、流量、功率或其他参数
raw__311X129,311,匿名原始过程变量,原始量纲未知,对应工序中的机台或工艺测量值,需由字段数据字典确认是温度、流量、功率或其他参数
raw__311X131,311,匿名原始过程变量,原始量纲未知,对应工序中的机台或工艺测量值,需由字段数据字典确认是温度、流量、功率或其他参数
missing__311X95,311,缺失指示,0/1,设备、工序未采集或测量失败状态,缺失机制需结合生产日志确认
missing__312X169,312,缺失指示,0/1,设备、工序未采集或测量失败状态,缺失机制需结合生产日志确认
missing__312X478,312,缺失指示,0/1,设备、工序未采集或测量失败状态,缺失机制需结合生产日志确认
missing__312X520,312,缺失指示,0/1,设备、工序未采集或测量失败状态,缺失机制需结合生产日志确认
missing__312X699,312,缺失指示,0/1,设备、工序未采集或测量失败状态,缺失机制需结合生产日志确认
missing__344X147,344,缺失指示,0/1,设备、工序未采集或测量失败状态,缺失机制需结合生产日志确认
missing__344X16,344,缺失指示,0/1,设备、工序未采集或测量失败状态,缺失机制需结合生产日志确认
missing__344X22,344,缺失指示,0/1,设备、工序未采集或测量失败状态,缺失机制需结合生产日志确认
missing__344X37,344,缺失指示,0/1,设备、工序未采集或测量失败状态,缺失机制需结合生产日志确认
missing__344X79,344,缺失指示,0/1,设备、工序未采集或测量失败状态,缺失机制需结合生产日志确认
missing__400X170,400,缺失指示,0/1,设备、工序未采集或测量失败状态,缺失机制需结合生产日志确认
missing__420X1,420,缺失指示,0/1,设备、工序未采集或测量失败状态,缺失机制需结合生产日志确认
missing__420X100,420,缺失指示,0/1,设备、工序未采集或测量失败状态,缺失机制需结合生产日志确认
missing__420X114,420,缺失指示,0/1,设备、工序未采集或测量失败状态,缺失机制需结合生产日志确认
missing__420X115,420,缺失指示,0/1,设备、工序未采集或测量失败状态,缺失机制需结合生产日志确认
missing__420X118,420,缺失指示,0/1,设备、工序未采集或测量失败状态,缺失机制需结合生产日志确认
missing__420X132,420,缺失指示,0/1,设备、工序未采集或测量失败状态,缺失机制需结合生产日志确认
raw__311X135,311,匿名原始过程变量,原始量纲未知,对应工序中的机台或工艺测量值,需由字段数据字典确认是温度、流量、功率或其他参数
raw__311X139,311,匿名原始过程变量,原始量纲未知,对应工序中的机台或工艺测量值,需由字段数据字典确认是温度、流量、功率或其他参数
missing__311X65,311,缺失指示,0/1,设备、工序未采集或测量失败状态,缺失机制需结合生产日志确认
missing__311X71,311,缺失指示,0/1,设备、工序未采集或测量失败状态,缺失机制需结合生产日志确认
missing__311X74,311,缺失指示,0/1,设备、工序未采集或测量失败状态,缺失机制需结合生产日志确认
missing__311X73,311,缺失指示,0/1,设备、工序未采集或测量失败状态,缺失机制需结合生产日志确认
missing__311X72,311,缺失指示,0/1,设备、工序未采集或测量失败状态,缺失机制需结合生产日志确认
raw__311X29,311,匿名原始过程变量,原始量纲未知,对应工序中的机台或工艺测量值,需由字段数据字典确认是温度、流量、功率或其他参数
raw__311X31,311,匿名原始过程变量,原始量纲未知,对应工序中的机台或工艺测量值,需由字段数据字典确认是温度、流量、功率或其他参数
raw__311X32,311,匿名原始过程变量,原始量纲未知,对应工序中的机台或工艺测量值,需由字段数据字典确认是温度、流量、功率或其他参数
missing__311X70,311,缺失指示,0/1,设备、工序未采集或测量失败状态,缺失机制需结合生产日志确认
raw__311X140,311,匿名原始过程变量,原始量纲未知,对应工序中的机台或工艺测量值,需由字段数据字典确认是温度、流量、功率或其他参数
missing__311X69,311,缺失指示,0/1,设备、工序未采集或测量失败状态,缺失机制需结合生产日志确认
missing__311X68,311,缺失指示,0/1,设备、工序未采集或测量失败状态,缺失机制需结合生产日志确认
raw__311X62,311,匿名原始过程变量,原始量纲未知,对应工序中的机台或工艺测量值,需由字段数据字典确认是温度、流量、功率或其他参数
missing__520X281,520,缺失指示,0/1,设备、工序未采集或测量失败状态,缺失机制需结合生产日志确认
missing__311X67,311,缺失指示,0/1,设备、工序未采集或测量失败状态,缺失机制需结合生产日志确认
missing__311X66,311,缺失指示,0/1,设备、工序未采集或测量失败状态,缺失机制需结合生产日志确认
missing__311X75,311,缺失指示,0/1,设备、工序未采集或测量失败状态,缺失机制需结合生产日志确认
missing__311X76,311,缺失指示,0/1,设备、工序未采集或测量失败状态,缺失机制需结合生产日志确认
missing__311X8,311,缺失指示,0/1,设备、工序未采集或测量失败状态,缺失机制需结合生产日志确认
missing__311X80,311,缺失指示,0/1,设备、工序未采集或测量失败状态,缺失机制需结合生产日志确认
missing__311X81,311,缺失指示,0/1,设备、工序未采集或测量失败状态,缺失机制需结合生产日志确认
missing__311X82,311,缺失指示,0/1,设备、工序未采集或测量失败状态,缺失机制需结合生产日志确认
missing__311X83,311,缺失指示,0/1,设备、工序未采集或测量失败状态,缺失机制需结合生产日志确认
missing__311X84,311,缺失指示,0/1,设备、工序未采集或测量失败状态,缺失机制需结合生产日志确认
missing__311X85,311,缺失指示,0/1,设备、工序未采集或测量失败状态,缺失机制需结合生产日志确认
missing__311X86,311,缺失指示,0/1,设备、工序未采集或测量失败状态,缺失机制需结合生产日志确认
missing__311X87,311,缺失指示,0/1,设备、工序未采集或测量失败状态,缺失机制需结合生产日志确认
missing__311X88,311,缺失指示,0/1,设备、工序未采集或测量失败状态,缺失机制需结合生产日志确认
raw__311X152,311,匿名原始过程变量,原始量纲未知,对应工序中的机台或工艺测量值,需由字段数据字典确认是温度、流量、功率或其他参数
raw__311X149,311,匿名原始过程变量,原始量纲未知,对应工序中的机台或工艺测量值,需由字段数据字典确认是温度、流量、功率或其他参数
raw__311X148,311,匿名原始过程变量,原始量纲未知,对应工序中的机台或工艺测量值,需由字段数据字典确认是温度、流量、功率或其他参数
raw__311X146,311,匿名原始过程变量,原始量纲未知,对应工序中的机台或工艺测量值,需由字段数据字典确认是温度、流量、功率或其他参数
raw__311X141,311,匿名原始过程变量,原始量纲未知,对应工序中的机台或工艺测量值,需由字段数据字典确认是温度、流量、功率或其他参数
time__750__valid_rate,750,工序时间,天或分钟,工序开始、结束、中位时间或工序内跨度,时间列含义由格式推断，需结合工艺时序复核
