row_index,ID,order_key,y_true,pred_Dummy,pred_Ridge,pred_ExtraTrees,pred_XGBoost,pred_XGB-Recency,pred_MLP-Ensemble,pred_RobustBlend,residual_RobustBlend,Tool
220,NH1236,1498614384.5,2.8226209318179167,2.781979463008363,2.763280428704384,2.5809925323532967,2.6851165294647217,2.666764974594116,2.6833269596099854,2.6731509809885656,0.1494699508293511,N
221,NH1237,1498612523.0,2.6849211477270836,2.781979463008363,2.85349351243199,2.6862362915908107,2.7687630653381348,2.7071824073791504,2.7281033992767334,2.743351297291191,-0.0584301495641073,M
239,NH1257,1498682427.0,2.831951083332778,2.775294803168703,2.775525293968793,2.775543077356072,2.765033006668091,2.7637124061584473,2.8103818893432617,2.7651662926089218,0.06678479072385635,M
240,NH1258,1498682283.0,2.654602325757222,2.775294803168703,2.6292806765412173,2.717002129371226,2.6599314212799072,2.663559913635254,2.700428009033203,2.6643123075320934,-0.009709981774871146,L
241,NH1259,1498682470.0,3.1357789444447226,2.775294803168703,2.835658513973416,2.869263440824083,2.821831226348877,2.808209180831909,2.855281352996826,2.8198380455787024,0.31594089886602017,N
266,NH1288,1498557641.0,2.745617397727917,2.781979463008363,2.691202994140462,2.6995754857983827,2.6789960861206055,2.645110845565796,2.683478832244873,2.668657850487091,0.07695954724082599,M
267,NH1289,1498557415.5,2.8609133787891667,2.781979463008363,2.88108478185268,2.7388123310952834,2.666386842727661,2.64943265914917,2.7719013690948486,2.664645699787522,0.19626767900164488,L
268,NH1290,1498555272.5,2.6928882613641667,2.781979463008363,2.762979332066736,2.6648635749630345,2.6340320110321045,2.65442156791687,2.6889538764953613,2.6426396117092374,0.050248649654929256,L
269,NH1291,1498555067.0,2.8228221780299996,2.781979463008363,2.7721430596204137,2.7359187024226435,2.6365888118743896,2.6594221591949463,2.7752530574798584,2.649807283471116,0.17301489455888364,M
280,NH1302,1498637058.5,3.014583128788751,2.781979463008363,2.6728261536326583,2.7843293432370753,2.7925069332122803,2.8092966079711914,2.5604560375213623,2.7977409139254434,0.21684221486330735,N
294,NH1322,1498615071.5,2.8165363030316675,2.781979463008363,2.8068296410215923,2.7914046604534763,2.807432174682617,2.8084912300109863,2.8832221031188965,2.8069055791799715,0.009630723851695944,L
296,NH1323,1498614992.5,2.5266099848475,2.781979463008363,2.62870155502464,2.541461443993392,2.5348825454711914,2.525033473968506,2.6153008937835693,2.5319106277389904,-0.005300642891490348,N
298,NH1324,1498614937.0,2.9338776060612504,2.781979463008363,2.9199153048722364,2.9115750773278712,2.9282970428466797,2.9275355339050293,2.870445728302002,2.92711557644803,0.006762029613220477,M
307,NH1335,1498564294.0,3.0797070101005546,2.781979463008363,2.781101889316341,2.6981960952408843,2.8028969764709473,2.7350082397460938,2.655364990234375,2.7741243213593574,0.3055826887411972,N
308,NH1336,1498543128.0,2.6871744873736114,2.781979463008363,2.588720433153024,2.6509962953712396,2.5654654502868652,2.594949960708618,2.6161091327667236,2.5801741177222794,0.10700036965133197,M
309,NH1337,1498585683.0,2.9226101060613896,2.781979463008363,2.8486214296950187,2.8467711956613124,2.87742018699646,2.8527448177337646,2.7625999450683594,2.86737132503456,0.05523878102682955,L
310,NH1338,1498586473.0,2.9221314431825003,2.781979463008363,2.805665816569606,2.7150957395634174,2.856602191925049,2.7455332279205322,2.743356227874756,2.81117415898782,0.1109572841946802,M
333,NH1363,1498663097.0,2.8111716136362497,2.775294803168703,2.6486107838826562,2.749398250059741,2.8219292163848877,2.8003487586975098,2.6844170093536377,2.8106151837599036,0.0005564298763460762,L
334,NH1364,1498663018.0,2.7324893257579177,2.775294803168703,2.5508524449546015,2.606522985994402,2.7054738998413086,2.7285332679748535,2.5426855087280273,2.707817443931916,0.024671881826001663,N
335,NH1365,1498660890.5,2.4130399090912498,2.775294803168703,2.4720203570483505,2.598719205843453,2.609541177749634,2.6064209938049316,2.5141634941101074,2.6078868400332635,-0.19484693094201377,N
336,NH1366,1498661007.0,2.8110285681816665,2.775294803168703,2.780825710687847,2.8716612810802604,2.7984731197357178,2.792320489883423,2.820436954498291,2.8004319330656733,0.01059663511599318,L
337,NH1367,1498661220.0,2.5282417234850003,2.775294803168703,2.5186442415905708,2.614849118796174,2.652576208114624,2.6885950565338135,2.5266971588134766,2.6626898644764374,-0.1344481409914371,L
338,NH1368,1498662841.0,2.9217660000004164,2.775294803168703,2.827820568561644,2.8677708392058903,2.974601984024048,2.957352638244629,2.9103832244873047,2.9628601655521773,-0.04109416555176093,N
340,NH1376,1498536981.0,2.9502337462116666,2.781979463008363,2.8895751231321083,2.8574299182684824,2.939755439758301,2.9568164348602295,2.8700523376464844,2.9409859535822145,0.009247792629452078,N
341,NH1377,1498537987.0,3.017101999999166,2.781979463008363,2.735069254244058,2.8630102495048675,2.8827450275421143,2.83990740776062,2.8167564868927,2.867148526042725,0.14995347395644076,N
342,NH1378,1499101807.0,2.6396423143937504,2.790333473032777,2.5622826774875516,2.7727383417312477,2.6650986671447754,2.6739487648010254,2.69797945022583,2.6740408256409425,-0.034398511247192065,N
343,NH1379,1499098964.0,2.427929627272333,2.790333473032777,2.662006959469982,2.848636869310594,2.8241589069366455,2.7929391860961914,2.755077362060547,2.8149386472792055,-0.38700902000687254,L
344,NH1380,1499099075.0,2.5106332075753324,2.790333473032777,2.348791747263579,2.612033374952272,2.497551918029785,2.524501323699951,2.4547226428985596,2.5130011023405587,-0.0023678947652263638,N
345,NH1381,1499099397.0,2.791738484848332,2.790333473032777,2.5098796906869802,2.7844121112057434,2.7062065601348877,2.734459638595581,2.7160205841064453,2.7200936246860583,0.0716448601622739,L
346,NH1382,1499099613.0,2.5365751893945836,2.790333473032777,2.7805347863617524,2.8659662958372416,2.86588191986084,2.8721556663513184,2.735623359680176,2.8680111181965,-0.3314359288019162,L
347,NH1383,1499099831.0,2.715058503788333,2.790333473032777,2.5886583640359584,2.7743006320419905,2.6259591579437256,2.6617579460144043,2.6694045066833496,2.6462752524309527,0.06878325135738006,L
348,NH1384,1499100022.0,2.7460927310595826,2.790333473032777,2.7487677965014017,2.862742315405883,2.9226443767547607,2.923208236694336,2.772399425506592,2.919526804772908,-0.17343407371332553,L
349,NH1385,1499100479.0,2.677818651515833,2.790333473032777,2.6765976157564157,2.860661155889979,2.8291990756988525,2.8022124767303467,2.7262096405029297,2.821798065670682,-0.14397941415484894,N
350,NH1386,1499101459.0,3.0376429507583333,2.790333473032777,2.8768833297451453,2.932107683327173,2.9544677734375,2.9399611949920654,2.888349771499634,2.9483202787226497,0.08932267203568367,L
351,NH1387,1498575475.0,2.6446771856066666,2.781979463008363,2.4419408254696613,2.5838888699437432,2.549347400665283,2.5384294986724854,2.4482150077819824,2.5475579665275165,0.09711921907915011,N
352,NH1388,1498544686.0,2.7922012689387503,2.781979463008363,2.8341609563212278,2.921210278826045,2.896962881088257,2.9343698024749756,2.8546760082244873,2.910969575364897,-0.11876830642614689,M
353,NH1389,1498544840.5,2.744722598485416,2.781979463008363,2.5417053408691452,2.6444639574575293,2.6587679386138916,2.641467571258545,2.5608952045440674,2.652119312644718,0.09260328584069821,L
354,NH1390,1498575916.0,2.601928625,2.781979463008363,2.617751451371285,2.613812310390175,2.5538294315338135,2.5535354614257812,2.5297367572784424,2.557042862581687,0.04488576241831321,M
355,NH1391,1498576163.0,3.0596034772720824,2.781979463008363,2.8320444370553473,2.888634240470166,2.8893795013427734,2.932823896408081,2.746530055999756,2.904050325143103,0.15555315212897947,L
356,NH1392,1498575825.0,2.6571546022733328,2.781979463008363,2.710588434006657,2.6733096547978374,2.660144567489624,2.6424643993377686,2.705894947052002,2.6548845005800876,0.0022701016932451523,M
357,NH1393,1498576169.5,2.7594724431812505,2.781979463008363,2.47751762770877,2.6152230059776325,2.6261861324310303,2.5914344787597656,2.4435155391693115,2.613812334882246,0.14566010829900433,L
359,NH1396,1498653566.0,2.5963870378785012,2.775294803168703,2.7962233267222834,2.8052129678029876,2.8191096782684326,2.8303189277648926,2.816028356552124,2.8221380277413957,-0.22575098986289444,N
360,NH1397,1498653680.0,2.622993156565277,2.775294803168703,2.730423044613219,2.6451573758690983,2.67342472076416,2.653897285461426,2.7048137187957764,2.66525069569317,-0.04225753912789321,L
361,NH1398,1498653781.5,2.8257200202024997,2.775294803168703,2.8942915922297137,2.8499015743455,2.817251443862915,2.8056843280792236,2.9226512908935547,2.815137697691683,0.010582322510816589,N
362,NH1400,1498598136.0,2.8297341931820834,2.781979463008363,2.522736469307436,2.7001740599492017,2.6634716987609863,2.616969347000122,2.551328182220459,2.6497513166780653,0.17998287650401812,N
364,NH1402,1498596364.0,2.7964503750012497,2.781979463008363,2.1096945310118684,2.5897233839220672,2.497082233428955,2.535834312438965,2.28322172164917,2.515321982376812,0.2811283926244377,N
365,NH1403,1498596283.0,2.6668114507575003,2.781979463008363,2.094214319373517,2.6022921078208787,2.6285436153411865,2.583254337310791,2.1139137744903564,2.611756952920884,0.05505449783661609,L
366,NH1404,1498597027.0,2.76952707197,2.781979463008363,2.2670312367183647,2.5930719086119085,2.631242513656616,2.599623203277588,2.3818087577819824,2.6184267246905937,0.15110034727940613,N
367,NH1405,1498597108.0,2.5459914393941667,2.781979463008363,2.591713991926442,2.5966934149699847,2.607083559036255,2.572938919067383,2.5793137550354004,2.5949469673007686,-0.04895552790660185,M
368,NH1406,1498573072.0,2.6985776186861115,2.781979463008363,2.5165137745691757,2.560915068356806,2.5830225944519043,2.5744330883026123,2.5669193267822266,2.5788928034992114,0.1196848151869001,N
369,NH1407,1498572947.5,2.3724959797983334,2.781979463008363,2.3450209228181067,2.6194055237979326,2.5269644260406494,2.5434062480926514,2.5418405532836914,2.5376379924673054,-0.165142012668972,M
370,NH1408,1498573120.5,2.9403473358586107,2.781979463008363,2.7825337553057965,2.864248202023971,2.863039016723633,2.8383054733276367,2.810192346572876,2.8547300490007395,0.08561728685787129,N
371,NH1409,1498583313.0,2.9119232272733337,2.781979463008363,2.652833940003703,2.663707101718535,2.692317008972168,2.6862168312072754,2.5456674098968506,2.6886710625918293,0.22325216468150444,L
372,NH1410,1498583234.0,2.5341386022729164,2.781979463008363,2.7666019554179657,2.6732548626068517,2.6998727321624756,2.7533249855041504,2.671034574508667,2.7165036128516378,-0.18236501057872134,M
373,NH1411,1498581417.0,2.836565439392917,2.781979463008363,2.806512322321108,2.8179458484929203,2.7540411949157715,2.7712512016296387,2.716841697692871,2.7633987709698182,0.07316666842309871,M
374,NH1412,1498581338.0,2.7662135151520832,2.781979463008363,2.6486903455609863,2.6821141834987463,2.6601622104644775,2.691556215286255,2.5973856449127197,2.6720059128233906,0.09420760232869263,L
376,NH1414,1498582161.0,2.5805085795449996,2.781979463008363,2.6690195724707944,2.6675290589250666,2.6566877365112305,2.677112340927124,2.665479898452759,2.66420310245969,-0.0836945229146906,M
377,NH1415,1498582635.0,2.6120531174233337,2.781979463008363,2.7024995964398246,2.6534591618284487,2.6436665058135986,2.646880865097046,2.7344188690185547,2.6452958837271927,-0.03324276630385903,M
378,NH1416,1498582950.5,2.6666781780308337,2.781979463008363,2.612495338173174,2.6235442883849562,2.6147513389587402,2.601308584213257,2.6355643272399902,2.6106847450047566,0.05599343302607718,M
379,NH1420,1498585225.5,2.88418860984875,2.781979463008363,2.5704255100288766,2.7005244448198975,2.705190896987915,2.701232671737671,2.5752882957458496,2.7035927477625017,0.18059586208624845,N
380,NH1421,1498585288.0,2.6350029640147916,2.781979463008363,2.701741231235919,2.6648419198522215,2.7126834392547607,2.7136874198913574,2.69822359085083,2.710381038676089,-0.07537807466129731,M
381,NH1422,1498583329.5,2.732614287878125,2.781979463008363,2.7324326795926024,2.835398088356123,2.8196983337402344,2.8030412197113037,2.694544792175293,2.814924708339989,-0.08231042046186365,M
382,NH1423,1498583392.0,2.795841687499792,2.781979463008363,2.7401693771805995,2.691282670203744,2.744602918624878,2.7414863109588623,2.6983251571655273,2.7406025225219066,0.05523916497788539,L
383,NH1424,1498583487.5,2.603203013257291,2.781979463008363,2.581614915813987,2.6195707076556842,2.6069023609161377,2.5938143730163574,2.6626875400543213,2.603169951380497,3.306187679408268e-05,M
384,NH1425,1498584024.0,3.090623825757918,2.781979463008363,2.976064887235446,2.8806243708485484,2.9582552909851074,2.974562406539917,2.86492919921875,2.95948980418773,0.13113402157018772,L
385,NH1426,1498556905.5,2.9159720511366674,2.781979463008363,2.696824121608057,2.633426570869488,2.6332013607025146,2.646365165710449,2.6528193950653076,2.63767158324707,0.2783004678895975,L
386,NH1427,1498677807.5,2.572204270201666,2.775294803168703,2.6835159515399885,2.790245390268112,2.7384085655212402,2.7369446754455566,2.7746872901916504,2.740775891761229,-0.16857162155956296,L
387,NH1428,1498677536.5,2.4962147626258337,2.775294803168703,2.5723795286671143,2.6041083812684906,2.7011988162994385,2.6754631996154785,2.6879446506500244,2.6871212116484195,-0.1909064490225858,L
388,NH1429,1498678052.0,2.7701933131311107,2.775294803168703,2.8882279291429214,2.8259858692325888,2.8109374046325684,2.7918498516082764,2.879803419113159,2.8053047645818334,-0.0351114514507227,L
389,NH1430,1498660227.0,2.598982184847709,2.775294803168703,2.636697290531675,2.660330575302297,2.650239944458008,2.7177164554595947,2.655028820037842,2.673647479981712,-0.074665295134003,N
390,NH1431,1498603234.0,2.8693135707070834,2.781979463008363,2.888114894198599,2.7494015934710827,2.8426289558410645,2.7972915172576904,2.9406869411468506,2.822126766618643,0.047186804088440226,L
391,NH1432,1498603301.0,2.4809344823230552,2.781979463008363,2.4710280185768143,2.570615582296098,2.5411007404327393,2.538918972015381,2.5714762210845947,2.541992074545089,-0.06105759222203355,M
392,NH1433,1498603537.0,2.8484010959591677,2.781979463008363,2.8062161327596677,2.831793875140051,2.805560350418091,2.848114252090454,1.9801477193832397,2.8214197132600543,0.026981382699113432,L
393,NH1434,1498570353.0,2.8610414507566673,2.781979463008363,2.5137672366735115,2.6205800900637346,2.5942745208740234,2.5746662616729736,2.4605469703674316,2.5890873028006833,0.27195414795598394,N
394,NH1435,1498581117.5,2.5875511931825,2.781979463008363,2.6118323942495567,2.6324333371198736,2.6039748191833496,2.607193946838379,2.6337058544158936,2.6066367667824495,-0.019085573599949335,M
395,NH1436,1498581200.0,2.9314942272737503,2.781979463008363,2.6605558754675496,2.688653931063151,2.7225430011749268,2.73077654838562,2.6111276149749756,2.7234594402628574,0.20803478701089295,N
396,NH1437,1498580643.5,2.4572546287883332,2.781979463008363,2.488242916657666,2.62388045469603,2.6077475547790527,2.614453077316284,2.529334545135498,2.6109093633476914,-0.15365473455935819,M
397,NH1438,1498580706.0,2.8197956249991667,2.781979463008363,2.5565862847779535,2.666339152287029,2.6477465629577637,2.669328451156616,2.532416343688965,2.6560819496739785,0.1637136753251882,N
398,NH1439,1498589292.0,2.6040388181808334,2.781979463008363,2.699587098192297,2.8132551015430236,2.708343982696533,2.6832618713378906,2.662975311279297,2.7056446526432545,-0.10160583446242111,M
399,NH1440,1498587350.5,2.4855075101008333,2.781979463008363,2.586637283924826,2.74995641022819,2.6250834465026855,2.587843179702759,2.609969139099121,2.6193694201545945,-0.13386191005376125,M
400,NH1441,1498587262.0,2.6845978813138895,2.781979463008363,2.504137014296874,2.708910690135321,2.602940797805786,2.6370813846588135,2.487861394882202,2.6203550881040534,0.06424279320983617,N
401,NH1442,1498587370.0,2.690955692424499,2.781979463008363,2.766204214994036,2.9378811598154533,2.8538081645965576,2.8421804904937744,2.7862865924835205,2.8545141042775435,-0.16355841185304465,M
402,NH1443,1498589308.0,2.6812744053033337,2.781979463008363,2.7279896611304526,2.8120572107384594,2.6883459091186523,2.6543376445770264,2.652169704437256,2.6836622051952013,-0.002387799891867548,M
403,NH1444,1498610132.0,2.7301533333329164,2.781979463008363,2.485810467540012,2.5996333140409087,2.565887689590454,2.5017335414886475,2.4951839447021484,2.5460264060638655,0.1841269272690509,M
404,NH1445,1498610214.0,2.918158560606666,2.781979463008363,2.660584673205302,2.7315812343140156,2.765510320663452,2.758845806121826,2.690436840057373,2.7613794781049177,0.15677908250174832,L
405,NH1446,1498608284.5,2.772907863636667,2.781979463008363,2.672269220444594,2.808693930814765,2.8008885383605957,2.780524730682373,2.60736083984375,2.79442365798066,-0.021515794343992756,N
406,NH1447,1498545499.0,2.79463993939375,2.781979463008363,2.6775836709721137,2.725020415713953,2.734874963760376,2.6904995441436768,2.7834999561309814,2.7193034085110117,0.07533653088273828,M
407,NH1448,1498609164.5,2.7518247045458337,2.781979463008363,2.6570940997088166,2.819853583902475,2.751188278198242,2.7465708255767822,2.5830020904541016,2.7534171562468224,-0.0015924517009886507,N
408,NH1449,1498609102.0,2.8542932992424994,2.781979463008363,2.5834401233877524,2.7166264985589272,2.710859537124634,2.7183005809783936,2.6420865058898926,2.713697889580927,0.14059540966157247,L
409,NH1450,1498975878.0,2.755381289925676,2.790333473032777,2.8978144705958373,2.850418147788901,2.9287545680999756,2.928149700164795,2.8201043605804443,2.9242230502212734,-0.16884176029559717,J
410,NH1451,1498975989.0,3.0433975808080547,2.790333473032777,3.171065812376053,2.9236267637165168,2.9707279205322266,3.0166537761688232,2.9401588439941406,2.983678730866434,0.0597188499416208,J
411,NH1452,1498976094.5,3.246185393939722,2.790333473032777,3.078334444968233,3.0649099070486363,3.098515033721924,3.075090169906616,3.08651065826416,3.0887263686489983,0.15745902529072353,J
412,NH1454,1499060373.0,2.8213227462112505,2.790333473032777,3.1014477457416194,3.0455436460179626,3.048574686050415,2.980959892272949,3.166788339614868,3.0255102386149733,-0.2041874924037228,L
413,NH1455,1499060294.0,2.7748878939404165,2.790333473032777,2.8544840253167987,2.8102507748734604,2.742968797683716,2.7201333045959473,2.963042974472046,2.7389519243434477,0.035935969596968764,N
414,NH1456,1499060399.0,2.539858378787917,2.790333473032777,2.7956347031331306,2.6873812996842736,2.6552164554595947,2.689995527267456,2.797785997390747,2.668770553465474,-0.128912174677557,L
415,NH1457,1499060343.5,2.965334935605833,2.790333473032777,3.0444476671033787,2.992963851879982,2.9972681999206543,2.9255623817443848,3.0928876399993896,2.9727480427382007,-0.007413107132367536,N
416,NH1458,1499060952.0,2.8149711704537497,2.790333473032777,2.792817809471245,2.823701955465721,2.7037835121154785,2.70180344581604,2.8951003551483154,2.7097363321254204,0.10523483832832925,N
417,NH1460,1498963460.5,2.915021795454443,2.790333473032777,2.867173535293812,2.9753226394206407,2.7947537899017334,2.811821460723877,2.9460744857788086,2.8105067750348995,0.10451502041954353,N
418,NH1461,1498963483.0,2.707362411616389,2.790333473032777,2.8230609016591908,2.8265713144386972,2.810041666030884,2.7855634689331055,2.799074411392212,2.80266535013209,-0.09530293851570137,L
419,NH1462,1498973496.5,2.6863496919191663,2.790333473032777,2.7155720130738836,2.678298815486717,2.581953287124634,2.59608793258667,2.631521463394165,2.592061202473684,0.09428848944548207,N
420,NH1463,1498974149.0,2.520522416666666,2.790333473032777,2.8931806393472597,2.824875678501568,2.7701809406280518,2.764038562774658,2.8524444103240967,2.7711217949018905,-0.25059937823522427,L
421,NH1464,1498741055.0,2.8710665303020826,2.775294803168703,2.7132835946218408,2.757406774972519,2.7212975025177,2.7164714336395264,2.7271838188171387,2.7216575964830327,0.14940893381904985,N
422,NH1465,1498741322.0,3.1901213409087497,2.775294803168703,2.917589343095485,2.8698574880883676,3.0073094367980957,2.940919876098633,2.858638048171997,2.9772355512935906,0.21288578961515903,N
423,NH1466,1498741937.0,2.797970242424584,2.775294803168703,2.6261507913378725,2.6681649416667206,2.65187931060791,2.6706082820892334,2.683520555496216,2.6591211689993024,0.1388490734252814,N
424,NH1467,1498988835.5,2.779368295454374,2.790333473032777,2.773433434773803,2.6916488989379843,2.741842746734619,2.758613109588623,2.8619205951690674,2.7447495411284253,0.03461875432594885,N
425,NH1468,1498989163.5,2.851153931818126,2.790333473032777,2.8788436861942355,2.8318596605811552,2.846792697906494,2.837700843811035,2.933600425720215,2.84288905426894,0.008264877549185812,L
426,NH1469,1498954010.5,3.3536392916670836,2.775294803168703,2.8703755472099486,2.8935906425669997,2.969996929168701,2.9679481983184814,2.9043238162994385,2.965083067700017,0.38855622396706657,N
427,NH1469,1498954010.5,3.3536392916670836,2.775294803168703,2.8460432903528177,2.888482890057846,2.9767186641693115,2.972442388534546,2.9233627319335938,2.9703971006081527,0.383242191058931,N
428,NH1470,1498954068.0,2.9344255719695838,2.775294803168703,2.686069221268113,2.7442931576468528,2.755851984024048,2.755030870437622,2.8040904998779297,2.7549355042068226,0.1794900677627611,L
429,NH1470,1498954068.0,2.9344255719695838,2.775294803168703,2.652990332278783,2.7287079103167984,2.760845184326172,2.7588698863983154,2.753451108932495,2.758401261086374,0.1760243108832098,L
430,NH1471,1498954145.0,2.700038464015417,2.775294803168703,2.5547614740063307,2.5777594669821484,2.6366841793060303,2.627577543258667,2.5539300441741943,2.630345776912383,0.06969268710303389,N
431,NH1472,1498954226.0,2.871240454544792,2.790333473032777,3.0621042833159753,2.997662573615398,3.0748088359832764,3.0484201908111572,3.200645923614502,3.061611648848412,-0.19037119430362015,L
432,NH1473,1498954563.5,2.8334246988633334,2.790333473032777,2.7242584609242315,2.7865809824888714,2.8522799015045166,2.8195996284484863,2.8000423908233643,2.8375843818716735,-0.0041596830083401315,N
433,NH1474,1498954901.5,2.944900195834292,2.790333473032777,3.087038794333183,2.9762860545565912,2.9402670860290527,2.9577834606170654,3.0318431854248047,2.948188225126105,-0.003288029291812933,N
434,NH1475,1498987965.5,2.9112718484852085,2.790333473032777,2.820469392079414,2.7858038073750584,2.7514917850494385,2.7705564498901367,2.803812265396118,2.759842958069667,0.15142889041554142,N
435,NH1476,1498988891.0,2.697709937500001,2.790333473032777,2.64202506714485,2.6648537334774978,2.6880087852478027,2.6828627586364746,2.7052886486053467,2.6849872352656208,0.012722702234380101,L
436,NH1477,1498739759.0,2.8579737840900004,2.775294803168703,2.6096362542340676,2.6944996588891943,2.6052401065826416,2.6191468238830566,2.6540050506591797,2.6148794630596326,0.24309432103036777,N
437,NH1478,1498737267.5,2.9087390106059994,2.775294803168703,2.8191641807130052,2.854193901006973,2.9750514030456543,2.9107892513275146,2.713153839111328,2.9466144884455554,-0.03787547783955603,N
438,NH1479,1498736997.5,2.7656549090905553,2.775294803168703,2.603511092822951,2.6806537010702156,2.5437490940093994,2.563441276550293,2.618816614151001,2.5579791741382203,0.20767573495233504,N
439,NH1480,1498737459.0,2.856577093434167,2.775294803168703,2.800153256978967,2.765798074721916,2.8189337253570557,2.828523635864258,2.7721431255340576,2.8192464533281316,0.037330640106035595,N
440,NH1481,1498737814.0,2.5367798143945834,2.775294803168703,2.4878615489154936,2.640375851606452,2.44533371925354,2.453052282333374,2.5755608081817627,2.458720117605817,0.07805969678876634,N
441,NH1482,1498738591.0,3.0714249128787503,2.775294803168703,2.836754011514588,2.881699861938676,2.96022891998291,2.904343605041504,2.7701406478881836,2.9369666220443293,0.13445829083442096,N
442,NH1483,1498734414.0,3.305119875,2.775294803168703,2.901151163864011,2.8485002032481925,2.9096083641052246,2.9007232189178467,2.965749740600586,2.903224370786847,0.4018955042131531,J
443,NH1484,1498733098.0,3.04554245454625,2.775294803168703,2.591851256451243,2.647548582807036,2.6745426654815674,2.746356248855591,2.6522767543792725,2.697370637863774,0.3481718166824761,J
444,NH1485,1498730538.0,2.8668407803025,2.775294803168703,2.5479006559275263,2.62025173771035,2.6469674110412598,2.6327013969421387,2.605881690979004,2.6406608128560554,0.22617996744644442,J
445,NH1486,1498731001.0,2.9221965719687497,2.775294803168703,2.734656813933041,2.774083990889253,2.7174055576324463,2.7509446144104004,2.749575614929199,2.731893674858308,0.1903028971104419,J
446,NH1487,1498731620.0,2.7554371666662503,2.775294803168703,2.5229554007372137,2.652433590075457,2.610802412033081,2.664684534072876,2.7071125507354736,2.6313484020824935,0.12408876458375673,J
447,NH1488,1498732022.0,3.213455666666251,2.775294803168703,2.835161597039903,2.841180232063474,2.8691444396972656,2.892446756362915,2.8840909004211426,2.8754910012655595,0.33796466540069137,J
448,NH1489,1498731806.5,2.961716594697083,2.775294803168703,2.535717216321378,2.6241443878125574,2.6995930671691895,2.7310898303985596,2.597412586212158,2.706091924095319,0.25562467060176397,J
449,NH1490,1498732951.0,3.205263837121666,2.775294803168703,2.8353930272735806,2.8754895753957213,2.9647042751312256,2.958014965057373,2.8875246047973633,2.9575114947832364,0.2477523423384298,J
450,NH1491,1498643325.0,2.4046029571968743,2.781979463008363,2.412636108420333,2.6062254728398004,2.6058051586151123,2.6272382736206055,2.5792107582092285,2.613086471772968,-0.2084835145760935,N
451,NH1492,1498643617.0,2.7699136931808335,2.781979463008363,2.631223602380908,2.811575083816566,2.809764862060547,2.857510805130005,2.58335280418396,2.8260335044150415,-0.05611981123420806,N
452,NH1493,1498643373.5,2.756723655304167,2.781979463008363,2.6972963832147467,2.7055373550793393,2.796652317047119,2.7772202491760254,2.5769855976104736,2.785039380692364,-0.028315725388197155,L
453,NH1494,1498644078.0,2.8766519621216666,2.781979463008363,2.5796469384579415,2.7032806348918483,2.796267509460449,2.7697067260742188,2.570369243621826,2.782137119109879,0.0945148430117877,N
454,NH1495,1498644534.0,2.5458145189391668,2.781979463008363,2.399004274992204,2.596217894000276,2.622622013092041,2.604813575744629,2.4517359733581543,2.6151330184376627,-0.06931849949849589,N
455,NH1496,1498644867.0,2.794155,2.781979463008363,2.7722314235727916,2.826047114987113,2.969590663909912,3.002666473388672,2.7598326206207275,2.972863224910318,-0.17870822491031824,N
456,NH1497,1498645064.0,2.7536738371212492,2.781979463008363,2.5676094056532515,2.7151583090374016,2.7021055221557617,2.7131950855255127,2.561262369155884,2.7065818187687816,0.04709201835246768,N
457,NH1498,1498645284.0,2.580586496212916,2.781979463008363,2.4104660349876843,2.603285855552266,2.6773056983947754,2.6520915031433105,2.4835188388824463,2.664678905082351,-0.08409240886943525,L
458,NH1499,1499171054.0,3.0142012803036105,2.8013754179734836,2.798577638007495,2.7949757003847946,2.782076358795166,2.836632490158081,2.804412603378296,2.801263675059513,0.21293760524409766,N
459,NH1500,1499171249.5,2.7833541388886114,2.8013754179734836,2.767538189958257,2.798431564412104,2.8067030906677246,2.833375930786133,2.7899081707000732,2.8152787127817382,-0.03192457389312686,L
460,NH1501,1499171260.0,3.142547452020001,2.8013754179734836,2.9492161338775498,2.9618212534039663,2.9080042839050293,2.96415376663208,2.8837947845458984,2.929991138700936,0.2125563133190651,N
461,NH1502,1499171844.0,2.919967611743666,2.8013754179734836,2.9754667223934126,2.9884244137506175,2.931518077850342,2.934603452682495,2.978029727935791,2.9357059644593604,-0.015738352715694237,N
462,NH1503,1499172128.0,2.989936401514583,2.8013754179734836,2.71381356158891,2.6558294796462683,2.6691715717315674,2.692622661590576,2.6523609161376953,2.676376124057409,0.31356027745717396,N
463,NH1504,1499172863.0,2.7883351439399995,2.8013754179734836,2.851222692287328,2.8211895746510693,2.7792763710021973,2.7698845863342285,2.807290554046631,2.7784108968375953,0.009924247102404138,L
464,NH1505,1499370641.0,3.096972156565,2.8013754179734836,3.154264683652999,3.0692281246832143,3.030704975128174,2.9720563888549805,3.1287920475006104,3.012971964830284,0.08400019173471618,J
465,NH1506,1499370552.0,2.8570248535352776,2.8013754179734836,2.958490940137743,2.851262107157308,2.9467506408691406,2.869352340698242,2.8881311416625977,2.9152664897904614,-0.05824163625518386,J
466,NH1507,1499370713.5,2.773399805556389,2.8013754179734836,2.900462448308569,2.7599020794862463,2.8400614261627197,2.7698864936828613,2.6879420280456543,2.811870055693938,-0.03847025013754912,J
467,NH1508,1498827363.0,2.7506098939383334,2.775294803168703,2.7673022845747184,2.772053118642356,2.810809373855591,2.7818291187286377,2.73032283782959,2.7988549264193514,-0.04824503248101797,N
468,NH1509,1498825229.0,2.7863670681812502,2.775294803168703,2.758015992973663,2.7950313616630775,2.876220226287842,2.8601675033569336,2.749690294265747,2.8662999087450687,-0.07993284056381844,L
469,NH1510,1498825160.0,2.82887276894,2.775294803168703,2.7332190411473367,2.781445996383858,2.7436647415161133,2.7324724197387695,2.720517873764038,2.741961318204872,0.08691145073512807,N
470,NH1511,1498826279.0,2.811349795454166,2.775294803168703,2.8351481501739606,2.8143989212016733,2.7896580696105957,2.7454302310943604,2.87339448928833,2.776047268039975,0.035302527414191154,N
471,NH1512,1498826374.0,2.5712548257574994,2.775294803168703,2.5232624704506788,2.630102910558849,2.6365668773651123,2.6492748260498047,2.5506529808044434,2.6405132716202018,-0.06925844586270236,L
472,NH1513,1498827126.0,2.8397837083341666,2.775294803168703,2.671294288791381,2.6723809380346846,2.713885545730591,2.7477381229400635,2.683896780014038,2.723056976889319,0.11672673144484769,L
473,NH1514,1499296839.0,2.848514276515833,2.8013754179734836,2.763441242922986,2.798301964614554,2.8976645469665527,2.794156312942505,2.831944465637207,2.857124570322202,-0.008610293806369018,L
474,NH1515,1499294880.0,2.855452022727083,2.8013754179734836,2.6710593803282725,2.6758778559444942,2.708930253982544,2.6934285163879395,2.749854326248169,2.7018552003982608,0.1535968223288222,L
475,NH1516,1499294849.0,2.918081704544584,2.8013754179734836,2.6790176992665753,2.672895351532032,2.7616658210754395,2.7025256156921387,2.726193428039551,2.736735634062004,0.18134607048257978,N
476,NH1517,1499295965.0,2.7876860757570836,2.8013754179734836,2.6676590013610477,2.694563516569551,2.7602124214172363,2.728423595428467,2.726861000061035,2.7458215433185864,0.04186453243849719,L
477,NH1518,1499296302.5,2.7509270113641673,2.8013754179734836,2.734286143366437,2.8156853460602127,2.7778351306915283,2.764784812927246,2.891110897064209,2.775506325471682,-0.024579314107514794,L
478,NH1519,1499044236.5,2.9073547348479165,2.790333473032777,3.053263514201075,2.9143941922217773,2.966217517852783,2.960580825805664,3.0564870834350586,2.9614463999596428,-0.05409166511172625,J
479,NH1520,1499040000.0,2.7224765946977083,2.790333473032777,2.9310869452441883,2.8448204969566326,2.887036085128784,2.8508076667785645,2.8235833644866943,2.8724360574155225,-0.14995946271781424,J
480,NH1521,1499040000.0,2.683536670454166,2.790333473032777,2.9186401983222265,2.870475808188056,2.8772573471069336,2.8550283908843994,2.8993890285491943,2.869355186857681,-0.18581851640351488,J
481,NH1522,1499040000.0,2.93052868939375,2.790333473032777,3.063754009968645,2.895999794268188,2.9325180053710938,2.9180097579956055,3.0201666355133057,2.925587962603834,0.00494072678991575,J
482,NH1528,1498932471.0,2.695868310606111,2.775294803168703,2.6584743313478025,2.6153081586102855,2.581981658935547,2.6398351192474365,2.7980196475982666,2.6034138158967672,0.09245449470934375,N
483,NH1529,1498932508.0,2.8512445277777783,2.775294803168703,2.71099315792547,2.753331442990822,2.752936363220215,2.7522003650665283,2.772465705871582,2.752708946297989,0.09853558147978925,L
484,NH1530,1498932605.5,3.0451293030302775,2.775294803168703,2.783034077287025,2.854127949690359,2.7571306228637695,2.75386381149292,2.762538194656372,2.7613817186138183,0.2837475844164592,N
485,NH1543,1499341104.0,2.9225200530312496,2.8013754179734836,2.9251804790143976,2.857940663763439,2.8854990005493164,2.9161314964294434,2.9288880825042725,2.8943502670917276,0.02816978593952202,N
487,NH1544,1499341252.0,2.946005458334166,2.8013754179734836,2.9531030987153053,2.898904606931907,2.8504087924957275,2.858137607574463,2.9344589710235596,2.8557046003232958,0.0903008580108704,N
489,NH1545,1499341315.0,2.5472088636362504,2.8013754179734836,2.861032493342397,2.849279880356881,2.9022462368011475,2.9555225372314453,2.814138412475586,2.9173622503838144,-0.37015338674756393,N
491,NH1546,1499342032.0,2.8856455378787507,2.8013754179734836,2.915668772807643,2.8548092481934275,2.920403242111206,2.9588990211486816,2.915100336074829,2.929816536977764,-0.04417099909901312,N
493,NH1547,1498882998.0,2.8696522222222227,2.775294803168703,2.7689699094040656,2.8371660123187064,2.834155559539795,2.7954206466674805,2.8056440353393555,2.8212046635348074,0.04844755868741535,N
494,NH1548,1498883032.0,2.752624828283055,2.775294803168703,2.768154361798038,2.761654820051736,2.817786455154419,2.7960240840911865,2.8498549461364746,2.8073165891388974,-0.054691760855842375,L
495,NH1549,1498883413.0,2.7769003611119447,2.775294803168703,2.6600743862022656,2.6142579789559837,2.6106150150299072,2.6342461109161377,2.6349027156829834,2.618818644969069,0.1580817161428758,N
498,NH1552,1499301660.5,2.9805125303024997,2.8013754179734836,2.847994409786664,2.7897794323709117,2.946728229522705,2.911350727081299,2.685734272003174,2.9260793983619395,0.05443313194056021,J
499,NH1553,1499301599.5,3.1458612083337503,2.8013754179734836,2.959461854862219,2.868965016393057,2.9431192874908447,2.9188101291656494,2.86942195892334,2.93079155063093,0.21506965770282038,J
500,NH1554,1499110948.0,3.266245939393751,2.790333473032777,3.1584386227221533,3.089025251478229,2.9781665802001953,3.0328872203826904,3.132793426513672,3.002820106050217,0.263425833343534,J
501,NH1555,1499341001.0,3.2611557727279177,2.8013754179734836,3.1590475059988936,3.1660317199918984,3.2368314266204834,3.263305902481079,3.1299781799316406,3.2418863114751595,0.01926946125275819,J
502,NH1556,1499379771.5,3.185668829544583,2.8013754179734836,3.039338416000981,2.8391938486411834,3.0372846126556396,3.0241851806640625,2.951625347137451,3.0219076574473807,0.1637611720972023,J
503,NH1557,1499379780.0,3.2407133977274993,2.8013754179734836,3.1720977118528837,3.187947193028961,3.1860296726226807,3.1733310222625732,3.1176135540008545,3.181835317322414,0.05887808040508524,J
505,NH1559,1498841312.0,3.026218575757916,2.775294803168703,2.595101618911176,2.706881920277356,2.6354405879974365,2.6650021076202393,2.6655871868133545,2.6493971402745786,0.37682143548333746,J
506,NH1560,1498841096.0,2.8437803522733334,2.775294803168703,2.5239557959982326,2.6847777059718094,2.637620210647583,2.664132833480835,2.6629371643066406,2.6492030386490306,0.19457731362430275,J
507,NH1561,1498838962.5,2.9154196856066665,2.775294803168703,2.5785567140736845,2.637801288335544,2.677407741546631,2.7118077278137207,2.598637342453003,2.68686938608463,0.22855029952203632,J
508,NH1562,1498838990.0,2.9867449545445828,2.775294803168703,2.4891957172458823,2.665110612487295,2.5214807987213135,2.540708303451538,2.591116189956665,2.5359249679631883,0.45081998658139444,J
509,NH1563,1498839097.0,3.209558715909166,2.775294803168703,2.783281825667038,2.8619061226437,2.8164498805999756,2.7887356281280518,2.812514543533325,2.8095753854659824,0.3999833304431837,J
510,NH1564,1498839854.0,3.3299264583341674,2.775294803168703,2.8034989906182837,2.8753556710051087,2.9631333351135254,2.9482581615448,2.796262502670288,2.953247868947708,0.37667858938645926,J
511,NH1565,1498840185.0,3.0193580075754163,2.775294803168703,2.534095049508055,2.6173505062660216,2.687642812728882,2.729923963546753,2.550175189971924,2.698078486107905,0.3212795214675115,J
512,NH1566,1498839920.5,2.8937555492425004,2.775294803168703,2.5208829887091895,2.6832101179878523,2.6424801349639893,2.6822128295898438,2.6421308517456055,2.6581847957683187,0.23557075347418177,J
513,NH1567,1498841074.0,3.4054379431804156,2.775294803168703,2.8140965396133475,2.878003343111532,2.9023513793945312,2.8638999462127686,2.7809250354766846,2.887985413737045,0.5174525294433705,J
514,NH1568,1498953600.0,2.873743284090417,2.775294803168703,2.5732988839908546,2.6851064168262218,2.6262905597686768,2.658216714859009,2.684189796447754,2.640350539276263,0.23339274481415417,J
515,NH1569,1498953600.0,3.258172492424584,2.775294803168703,2.7704336447607143,2.861020192219407,2.8904247283935547,2.9330010414123535,2.8261516094207764,2.9032186731381615,0.35495381928642233,J
516,NH1570,1498649017.0,2.5346034412883336,2.781979463008363,2.572076994529421,2.6876831694435257,2.6561086177825928,2.595613718032837,2.538736581802368,2.6373665871823637,-0.10276314589403013,N
517,NH1571,1498616800.0,2.6675930037875,2.781979463008363,3.0348377062014964,2.7790338795007976,2.717440366744995,2.710289239883423,2.5389935970306396,2.7184206526963406,-0.050827648908840395,N
518,NH1572,1498617353.0,2.8438639431825004,2.781979463008363,2.7519005347669303,2.810198681705821,2.754948616027832,2.768695592880249,2.656876802444458,2.762655462402675,0.08120848077982545,L
519,NH1573,1498648050.0,2.7471295151525,2.781979463008363,2.7194275326675177,2.7989188204406745,2.8066115379333496,2.7830233573913574,2.601517915725708,2.798198764391006,-0.051069249238505865,N
520,NH1573,1498617768.0,2.7471295151525,2.781979463008363,2.778134295796069,2.803999256730168,2.8058865070343018,2.7899837493896484,2.6885557174682617,2.8003969690876387,-0.053267453935138764,N
521,NH1574,1498647951.0,2.7811293674241666,2.781979463008363,2.7690650242191555,2.7129270397473375,2.8024961948394775,2.734778881072998,2.669189929962158,2.7746173474572458,0.006512019966920857,N
522,NH1574,1498621809.0,2.7811293674241666,2.781979463008363,2.8017970679412407,2.712372632221939,2.8044273853302,2.7401812076568604,2.7261226177215576,2.7775867167503776,0.003542650673789005,N
523,NH1575,1498648396.0,2.53008267424125,2.781979463008363,2.467772090560583,2.6784397867541823,2.6135199069976807,2.573765993118286,2.4731738567352295,2.603643325290847,-0.07356065104959697,N
524,NH1576,1498855717.0,2.7670094217169448,2.775294803168703,2.633541862494892,2.6318183089582847,2.5829102993011475,2.6161000728607178,2.6176414489746094,2.5968509585634476,0.17015846315349714,L
525,NH1577,1498855582.0,2.7140443080811116,2.775294803168703,2.6034863296517954,2.7092808917427913,2.6788904666900635,2.687256097793579,2.6647586822509766,2.683401926700936,0.03064238138017572,N
526,NH1578,1498855650.0,2.928948969696666,2.775294803168703,2.772571794952708,2.8171832869359457,2.719383955001831,2.7492756843566895,2.845583438873291,2.7349081372407724,0.19404083245589376,L
527,NH1579,1499120244.0,2.998226829545417,2.790333473032777,3.036286494013905,2.9442612149037823,2.972886085510254,2.9559199810028076,2.9604740142822266,2.9655596811965674,0.03266714834884965,J
528,NH1581,1499117894.0,2.899883191288333,2.790333473032777,3.047225225771102,2.8950531760538563,2.946624994277954,2.957703113555908,2.994814872741699,2.947528062214109,-0.04764487092577596,J
529,NH1582,1499117915.0,2.8859325037879158,2.790333473032777,3.0136903194717877,2.9201180418476556,2.9702324867248535,2.9788553714752197,3.0186572074890137,2.9703846091905124,-0.08445210540259662,J
530,NH1583,1499118028.5,3.185311647726667,2.790333473032777,3.191764832327544,3.1237027787803675,3.1045916080474854,3.090649127960205,3.242448568344116,3.100925684505192,0.08438596322147518,J
531,NH1584,1499118063.0,2.83940724242375,2.790333473032777,3.0157180687836695,2.8979609662112904,2.927772283554077,2.950810670852661,2.935115337371826,2.933927448460756,-0.09452020603700584,J
532,NH1585,1499118631.5,3.1895223143949996,2.790333473032777,3.178350380574307,3.0878701582006016,3.159093141555786,3.1500611305236816,3.2492575645446777,3.1521007506859844,0.03742156370901517,J
533,NH1586,1499119050.0,2.8946791931820837,2.790333473032777,2.872499263277307,2.909884629167164,2.8676223754882812,2.8827595710754395,2.912515640258789,2.8750826605208415,0.019596532661242172,J
534,NH1587,1499118981.0,2.9320918768935416,2.790333473032777,3.007970155549324,2.9238905534582664,2.9497265815734863,2.9513096809387207,2.982928991317749,2.948835703144708,-0.01674382625116655,J
535,NH1588,1499119044.0,3.229330869317708,2.790333473032777,3.2801937627910536,3.1433071611716366,3.1902518272399902,3.1811559200286865,3.2644596099853516,3.184578741278307,0.04475212803940121,J
536,NH1589,1499119119.0,3.1033055530299998,2.790333473032777,2.971348829106942,2.9127075936326583,2.898735761642456,2.9097485542297363,2.9675333499908447,2.9032368214397164,0.20006873159028338,J
537,NH1590,1499120066.0,3.10421795833375,2.790333473032777,3.011654410931735,2.949343506390304,2.947056531906128,2.9384920597076416,3.0613138675689697,2.944282578160343,0.15993538017340692,J
538,NH1591,1499119821.0,3.243477958333125,2.790333473032777,3.169834950236747,3.098875803392408,3.2307586669921875,3.196619987487793,3.2273776531219482,3.211913794534637,0.03156416379848759,J
539,NH1592,1498948161.5,2.9873053598491666,2.775294803168703,2.6567105450942363,2.7314318173569037,2.8033907413482666,2.795057535171509,2.7227635383605957,2.7965943458179283,0.19071101403123825,J
540,NH1593,1498948271.0,3.007452212120417,2.775294803168703,2.583515719291435,2.660609654881743,2.7364919185638428,2.72580885887146,2.6793859004974365,2.7286830756002587,0.27876913652015833,J
541,NH1594,1498945775.0,2.8696292537883332,2.775294803168703,2.529545829007027,2.611469778114349,2.6213572025299072,2.618873357772827,2.515160322189331,2.6199699713964106,0.2496592823919226,J
542,NH1595,1498945670.0,2.847530583332917,2.775294803168703,2.5138765732440618,2.6515934044765994,2.5925495624542236,2.6139376163482666,2.618708372116089,2.603053517239795,0.24447706609312192,J
543,NH1596,1498946970.0,2.9677918446975,2.775294803168703,2.5813896090420085,2.6671938477960366,2.7076516151428223,2.736722707748413,2.6581270694732666,2.7152616661769557,0.25253017852054427,J
544,NH1597,1498948067.0,3.32966174242375,2.775294803168703,2.836874162413052,2.8941078754022853,3.0161144733428955,2.996124029159546,2.841207265853882,3.0026062385237915,0.3270555038999583,J
545,NH1598,1498942743.0,2.583565361110278,2.775294803168703,2.464864821550091,2.5937173590372025,2.5913734436035156,2.595470428466797,2.516084671020508,2.592890303705345,-0.00932494259506722,L
546,NH1599,1498942687.5,2.7516804595958333,2.775294803168703,2.557202891962004,2.723875021320813,2.6085236072540283,2.639615535736084,2.644101858139038,2.625423662787169,0.12625679680866408,L
547,NH1600,1498942959.5,2.8901921085852775,2.775294803168703,2.7857592216462197,2.8513620659384316,2.789637327194214,2.8100321292877197,2.879652261734009,2.799952999315411,0.09023910926986645,L
548,NH1601,1498948570.0,2.679304651514722,2.775294803168703,2.8742608920958577,2.8805989004565307,2.88685941696167,2.932170867919922,2.8916454315185547,2.901857880343948,-0.22255322882922624,L
549,NH1602,1498948491.0,2.6095519949491663,2.775294803168703,2.5504316099460302,2.640292210967809,2.609626531600952,2.6194820404052734,2.6185173988342285,2.614657725856108,-0.005105730906941552,N
550,NH1603,1498948597.0,2.4643921868686105,2.775294803168703,2.601410715947021,2.6405249961929558,2.6324498653411865,2.6093685626983643,2.6118857860565186,2.6250796321767385,-0.16068744530812795,L
551,NH1604,1498961718.0,2.894043181817917,2.790333473032777,2.809373259827724,2.7874079937960703,2.759378433227539,2.762777805328369,2.7226154804229736,2.7620777264867065,0.13196545533121062,L
552,NH1605,1498953600.0,2.539839329545001,2.775294803168703,2.6450977462118734,2.728548203447174,2.8048508167266846,2.8197977542877197,2.6831109523773193,2.8056980851886726,-0.2658587556436718,N
553,NH1606,1498953600.0,2.7267650037887496,2.775294803168703,2.8009122636806594,2.8572642419676537,2.8788816928863525,2.8933639526367188,2.8801915645599365,2.882591979976582,-0.15582697618783214,N
554,NH1607,1498953600.0,2.794889651515416,2.775294803168703,2.599239899438716,2.608856966807398,2.685760021209717,2.729501485824585,2.579035758972168,2.6963250888993895,0.09856456261602631,L
555,NH1608,1498953600.0,2.7100046969695835,2.775294803168703,2.6790246831798026,2.7360896221923876,2.7695682048797607,2.795536518096924,2.6887168884277344,2.776513007492905,-0.06650831052332151,N
556,NH1609,1498961594.5,2.808178026515416,2.790333473032777,2.9344379557576175,2.909605978382039,2.8773562908172607,2.863398313522339,2.8836402893066406,2.8744107873074207,-0.0662327607920048,N
557,NH1610,1499034572.0,2.4609179873736116,2.790333473032777,2.77123963552236,2.81387439614387,2.7284514904022217,2.6956193447113037,2.7064692974090576,2.7220513178536967,-0.26113333048008514,J
558,NH1611,1499034494.0,2.5755620909088894,2.790333473032777,3.0873122856468402,2.900648126372916,2.901715040206909,2.9188287258148193,2.9942257404327393,2.90745148141855,-0.3318893905096605,J
559,NH1612,1499034745.5,2.621274502524444,2.790333473032777,2.732937782606348,2.843152445454304,2.731177806854248,2.6969001293182373,2.703167676925659,2.725754628406751,-0.10448012588230693,J
560,NH1613,1499373232.0,3.1174297348480544,2.8013754179734836,3.006973955168746,2.9597025220209168,2.99430251121521,3.0416781902313232,3.0163581371307373,3.0084347548009855,0.10899498004706887,N
561,NH1614,1499373512.0,2.909926568181389,2.8013754179734836,2.842621884779891,2.6710475877446043,2.8049347400665283,2.825061082839966,2.8426671028137207,2.804355443913238,0.10557112426815118,N
562,NH1615,1499373905.5,2.9249686262625003,2.8013754179734836,2.8484628779437307,2.820630129973571,2.829965591430664,2.888913154602051,2.8585801124572754,2.8494119446821653,0.07555668158033502,N
563,NH1616,1499226262.0,3.038251255681042,2.8013754179734836,3.0560986186530497,2.970956840985064,3.0343456268310547,3.035989284515381,3.1137924194335938,3.0314011378168826,0.006850117864159344,N
564,NH1617,1499374213.5,2.737297123106042,2.8013754179734836,2.8062923884656614,2.682401705222764,2.7913036346435547,2.7927465438842773,2.7517683506011963,2.7857773773637042,-0.048480254257662114,N
565,NH1619,1499161993.5,2.9540384015145826,2.8013754179734836,2.803369216587577,2.815500785789863,2.75339937210083,2.726736545562744,2.858039379119873,2.7478002792091805,0.20623812230540217,N
566,NH1620,1499125843.0,2.893701810606112,2.790333473032777,3.06417494706697,2.9289454951035343,2.9534494876861572,2.9228081703186035,3.0050711631774902,2.9417197215713897,-0.04801791096527763,J
567,NH1621,1499123132.0,2.6374142760940753,2.790333473032777,2.8227782477485492,2.9014325644609142,2.92880916595459,2.9007246494293213,2.8995742797851562,2.9177865732260173,-0.280372297131942,J
568,NH1622,1499123244.0,2.78111150505,2.790333473032777,2.9131138767055664,2.930493236705662,2.925229072570801,2.910600185394287,2.946610450744629,2.9205659051254815,-0.13945440007548138,J
569,NH1623,1499123539.0,2.941981262625833,2.790333473032777,3.080807592246538,3.0922536077157496,3.0491607189178467,3.059947967529297,3.0635671615600586,3.0551938180207534,-0.11321255539492059,J
570,NH1624,1499125299.5,3.112737872727167,2.790333473032777,3.1537280688287543,3.1293210491785164,3.0633387565612793,3.093336582183838,3.193389892578125,3.077141544987418,0.03559632773974908,J
571,NH1625,1499125410.0,3.022505628787084,2.790333473032777,2.9900716449082894,2.9254164658713258,3.0183706283569336,2.9607701301574707,3.0170960426330566,2.9937307727541542,0.02877485603292973,J
572,NH1626,1499095930.5,2.6289725101013888,2.790333473032777,2.9608088950841536,2.8839301193700737,2.902937412261963,2.830418586730957,2.837601900100708,2.8773298640567737,-0.24835735395538494,J
573,NH1627,1499096060.0,2.64773330808,2.790333473032777,2.9186662342998733,2.9027327613195437,2.8906311988830566,2.8598508834838867,3.0518887042999268,2.880876164568684,-0.23314285648868394,J
574,NH1628,1499093143.0,2.765108738181733,2.790333473032777,3.061098618588033,2.8828989367035756,2.8838136196136475,2.87756085395813,2.8018639087677,2.881645666613083,-0.11653692843135,J
575,NH1629,1499093442.0,2.7709344015144453,2.790333473032777,2.9413265337826706,2.8968574155230375,2.905225992202759,2.897230863571167,2.925450325012207,2.9020563120833067,-0.13112191056886147,J
576,NH1630,1499093764.0,2.9784578535355566,2.790333473032777,3.232267939216916,3.141619911596922,3.173837661743164,3.1145002841949463,3.1522977352142334,3.1519642304376605,-0.1735063769021039,J
577,NH1631,1499098747.0,2.9908430984849996,2.790333473032777,2.6871260560264236,2.7662835384695073,2.690530776977539,2.6571450233459473,2.735532760620117,2.6834090284748244,0.3074340700101752,L
578,NH1632,1499098691.5,2.9853468585863894,2.790333473032777,2.8276504345318934,2.814468945162099,2.8183648586273193,2.7832393646240234,2.755971670150757,2.806254801073983,0.1790920575124062,N
579,NH1633,1499095925.0,3.001783654545001,2.790333473032777,2.807835883208247,2.8038293108874113,2.7663002014160156,2.7583425045013428,2.7321791648864746,2.765678223173067,0.23610543137193396,N
580,NH1634,1499096476.0,3.1808558661602775,2.790333473032777,3.06872230179964,2.974123445233324,2.998499870300293,2.956251382827759,2.854508876800537,2.982846504286761,0.19800936187351637,N
581,NH1635,1499097904.0,2.9771905227274993,2.790333473032777,2.966306191069256,2.6761763735833664,2.6966910362243652,2.644841194152832,2.630427122116089,2.6779995660371223,0.299190956690377,L
582,NH1636,1499098641.0,2.9940467095961107,2.790333473032777,2.8346978996492704,2.6984662785528584,2.815145254135132,2.780559778213501,2.631812572479248,2.7969888215892915,0.19705788800681923,N
583,NH1663,1499330524.0,2.9450829810606245,2.8013754179734836,2.8199633705075136,2.76939470400841,2.9231791496276855,2.96415376663208,2.852245330810547,2.928560932152564,0.016522048908060416,N
587,NH1667,1499111389.0,2.7702204938575674,2.790333473032777,1.613963739931991,2.8850717565775543,2.898383140563965,2.7952566146850586,3.2464559078216553,2.862725214554462,-0.09250472069689453,J
588,NH1668,1499299447.5,2.9043724090908336,2.8013754179734836,2.911003565596885,2.8903223249482233,2.9020485877990723,2.909423589706421,3.022014856338501,2.903898388170236,0.0004740209205977841,J
589,NH1669,1499299686.0,2.9228999570700003,2.8013754179734836,3.151652972339022,3.10053996419668,3.144334077835083,3.180598735809326,3.2546112537384033,3.1541958804592083,-0.231295923389208,J
590,NH1671,1499087696.5,2.7723035265154166,2.790333473032777,2.5753651227770034,2.6690876536060633,2.580382823944092,2.5802063941955566,2.6249117851257324,2.585222432722511,0.1870810937929055,L
591,NH1672,1499089211.0,2.7109870606066666,2.790333473032777,2.601306559912874,2.6842543185095966,2.612159013748169,2.6098268032073975,2.702618360519409,2.6153512110052666,0.09563584960140004,L
592,NH1682,1499275578.0,2.9118870189395833,2.8013754179734836,3.13705090851159,3.0126315008301066,3.1028387546539307,3.172081708908081,3.111496925354004,3.1213048138188357,-0.20941779487925238,O
593,NH1683,1499275237.0,2.8445862613637503,2.8013754179734836,2.9288340493664853,2.880712024050825,2.9337804317474365,2.920051336288452,2.918102979660034,2.926200138290055,-0.08161387692630484,N
594,NH1684,1499275807.5,2.8141230492429163,2.8013754179734836,2.8917171450990367,2.7647811997032288,2.9017069339752197,2.8805835247039795,2.8663909435272217,2.8869910171105406,-0.07286796786762428,O
595,NH1685,1499165894.0,2.9339350757569456,2.8013754179734836,2.778822059722294,2.795205334505807,2.8667380809783936,2.8562896251678467,2.7294600009918213,2.8592489171548885,0.07468615860205707,N
596,NH1686,1499163186.0,3.1082548999995008,2.8013754179734836,2.9776929031796153,3.00164363267808,3.1431405544281006,3.126607894897461,2.976212739944458,3.1297267702124576,-0.021471870212956823,N
597,NH1688,1499163406.0,2.848719204545,2.8013754179734836,2.7057235538304285,2.641409992243756,2.75426983833313,2.769026517868042,2.608798027038574,2.7530335448413608,0.09568565970363929,N
598,NH1689,1499164495.0,3.006316,2.8013754179734836,2.9388468369828606,2.976004914612817,3.0973265171051025,3.1339643001556396,2.9408326148986816,3.1030326678585327,-0.09671666785853272,N
599,NH1702,1499179309.5,3.0610138762624994,2.8013754179734836,3.0432214195185847,2.950312528657637,3.0732157230377197,3.021373748779297,3.061969041824341,3.0488717826212106,0.01214209364128882,L
600,NH1703,1499176766.0,2.8691397777783334,2.8013754179734836,2.7700787079393288,2.7758959395288034,2.8652961254119873,2.9279093742370605,2.7638134956359863,2.8815616808292943,-0.012421903050960914,N
601,NH1704,1499176710.5,3.0184068282827776,2.8013754179734836,2.980644345541814,2.945371049712879,3.0505378246307373,3.0106916427612305,3.013385772705078,3.0312357526323828,-0.012828924349605142,L
602,NH1705,1499177075.0,2.8160141338380558,2.8013754179734836,2.7134585583730835,2.668877394256466,2.7687859535217285,2.7466208934783936,2.6019389629364014,2.7557618292683754,0.06025230456968034,N
603,NH1706,1499270496.0,2.9392557462116664,2.8013754179734836,2.895160311261011,2.7742656684482356,2.857091188430786,2.848585367202759,2.873638391494751,2.849636153616061,0.08961959259560537,N
604,NH1707,1499270402.0,2.8687946666664588,2.8013754179734836,2.898745499724331,2.8430894405878946,2.909869909286499,2.941967487335205,2.975330352783203,2.9170509893726364,-0.048256322706177635,L
605,NH1709,1499251437.0,2.7457053522729167,2.8013754179734836,2.838359303494081,2.8416248382949036,2.930739164352417,3.020730495452881,2.8605406284332275,2.9562918071849817,-0.21058645491206507,N
606,NH1710,1499268693.0,2.9376880075758334,2.8013754179734836,2.883722646924653,2.837904681009751,2.9693210124969482,3.0137295722961426,2.930365562438965,2.977101101653193,-0.03941309407735982,N
607,NH1711,1499269035.0,3.096050136364167,2.8013754179734836,3.099651366758624,3.024362046115909,3.081324577331543,3.0566041469573975,3.1199984550476074,3.069807103587501,0.026243032776665842,N
608,NH1712,1499269310.0,2.877750958333749,2.8013754179734836,2.9358067678368642,2.8380793932567845,2.859311819076538,2.86342191696167,2.975829601287842,2.859530948706719,0.018220009627030187,L
609,NH1714,1499272386.0,2.8468540606070833,2.8013754179734836,2.7330413840350056,2.6574030780452116,2.6975510120391846,2.692409038543701,2.692338466644287,2.693592281872783,0.15326177873430025,N
610,NH1716,1499274272.0,2.9423472500008336,2.8013754179734836,2.891144008012255,2.8037420691873995,2.85233736038208,2.853337287902832,2.8222248554229736,2.8499919548524315,0.09235529514840213,N
615,NH1722,1499154298.0,2.86136358712125,2.8013754179734836,2.719398546009017,2.6716887046957236,2.683367967605591,2.6846566200256348,2.678879499435425,2.6831592858285602,0.17820430129268994,N
616,NH1724,1499151510.0,2.983917755049999,2.8013754179734836,2.8841721906891684,2.9348113716866493,2.9505996704101562,2.9628148078918457,2.9015603065490723,2.9538641768295335,0.030053578220465393,O
617,NH1725,1499151621.0,3.005704808080278,2.8013754179734836,2.935832939975217,2.959480856935396,2.999452590942383,2.985020399093628,2.9000725746154785,2.992357558222325,0.013347249857952992,N
618,NH1726,1499151726.5,2.7433783434338888,2.8013754179734836,2.7337144814947276,2.732464861186194,2.625453233718872,2.629977226257324,2.7038726806640625,2.632895713982194,0.11048262945169496,L
619,NH1727,1499152807.5,3.033899217172222,2.8013754179734836,2.8682558860793113,2.941045232333232,2.9759726524353027,2.9752867221832275,2.968391180038452,2.9738112543043544,0.06008796286786744,O
620,NH1728,1499152752.0,3.1653335303028323,2.8013754179734836,3.0221086018962056,2.983534640612865,3.0805647373199463,3.0303189754486084,2.9563546180725098,3.058190363151111,0.10714316715172112,N
621,NH1729,1499153214.0,2.909598431818333,2.8013754179734836,2.8520765186208865,2.869379938810793,2.8021399974823,2.796898365020752,2.832451820373535,2.8040787777309197,0.10551965408741326,L
622,NH1730,1499152969.0,3.09583614015125,2.8013754179734836,2.9166004850711,2.9432211782127133,2.9669604301452637,2.944385290145874,2.946082353591919,2.9580044281520865,0.13783171199916344,O
623,NH1731,1499154023.0,2.957467170454167,2.8013754179734836,2.819627066304999,2.8262008838026014,2.839911460876465,2.8132519721984863,2.7722675800323486,2.8301262421520854,0.12734092830208166,N
624,NH1732,1499311659.5,2.9242628580675003,2.8013754179734836,3.015010532484061,3.002098872173788,3.1058177947998047,3.0855910778045654,2.971633195877075,3.0932396155679287,-0.1689767575004284,N
625,NH1733,1499315397.0,2.632047236741875,2.8013754179734836,2.862998196492751,2.8495143169801698,2.855053424835205,2.8313817977905273,2.858962297439575,2.846731341417937,-0.21468410467606214,L
626,NH1734,1499315419.0,3.0625282613649993,2.8013754179734836,3.0236914667191144,2.9490157949567686,3.0657119750976562,3.0366640090942383,2.983407974243164,3.0494298116310032,0.013098449733996098,N
627,NH1744,1499213557.0,2.7187532601002786,2.8013754179734836,2.692661764949273,2.652127597287506,2.695080041885376,2.72566819190979,2.5728023052215576,2.7030660421255015,0.015687217974777123,N
628,NH1745,1499213488.0,2.559162946969445,2.8013754179734836,2.784517689242409,2.8588754919173684,2.733384847640991,2.790999412536621,2.7121355533599854,2.759826525302177,-0.2006635783327324,L
629,NH1746,1499213595.5,2.9451490631305544,2.8013754179734836,2.930015298893488,2.921939117932248,2.8935129642486572,2.946166515350342,2.8489513397216797,2.9129135703596925,0.03223549277086191,N
630,NH1750,1499317418.0,2.993140595959167,2.8013754179734836,2.8522924805896936,2.8116612271477175,2.92020583152771,2.934013843536377,2.778151273727417,2.9188866216868408,0.07425397427232605,N
631,NH1752,1499318541.0,3.0762563636374995,2.8013754179734836,3.0487191166703598,2.8824412416849787,3.122480869293213,3.1337244510650635,3.056772232055664,3.1130304947007668,-0.03677413106326721,N
632,NH1754,1499051707.0,2.7977523131311104,2.790333473032777,2.7382063665348446,2.6604715647930495,2.783505916595459,2.780349016189575,2.699763536453247,2.7756414187999634,0.02211089433114699,N
633,NH1755,1499051628.0,2.868438573232777,2.790333473032777,2.7995423482680066,2.7698972569770506,2.8244502544403076,2.821218729019165,2.8856215476989746,2.8203428553218384,0.048095717910938696,N
634,NH1757,1499044346.0,2.8736678383836107,2.790333473032777,2.755401925366579,2.7589338675061748,2.7512826919555664,2.7625949382781982,2.8809173107147217,2.7555360554139825,0.11813178296962823,N
635,NH1758,1499045010.0,2.7538293484841665,2.790333473032777,2.6871655087305766,2.658354955377658,2.728350877761841,2.7311978340148926,2.6331605911254883,2.7254489470276124,0.028380401456554072,N
636,NH1765,1499157139.0,3.146891314395417,2.8013754179734836,3.140228533571591,3.0975501252733824,3.081913948059082,3.0378661155700684,3.114759683609009,3.067861233260074,0.07903008113534282,J
637,NH1766,1499157052.0,2.774261397727083,2.8013754179734836,2.8425100580910896,2.7922082216342035,2.8229970932006836,2.808969497680664,2.834537982940674,2.816546261622063,-0.042284863894979985,J
638,NH1767,1499154541.5,2.9929210568175,2.8013754179734836,2.9501619497860974,2.943233900579593,2.9184679985046387,2.843867540359497,2.9527740478515625,2.8945732132630724,0.0983478435544276,J
639,NH1768,1499154270.5,2.818932253787083,2.8013754179734836,2.7777966986067795,2.7788249580894853,2.7518270015716553,2.7400317192077637,2.7733399868011475,2.7493238077042905,0.0696084460827926,J
640,NH1769,1499149063.5,2.9994482575762498,2.790333473032777,2.836108900262772,2.806054383831647,2.8909451961517334,2.887251615524292,2.7486326694488525,2.885005705403876,0.11444255217237398,O
641,NH1770,1499149239.0,3.0840344545449994,2.790333473032777,2.7490371482280542,2.7865722466372187,2.900009870529175,2.8866820335388184,2.7794299125671387,2.8892311398693877,0.19480331467561163,O
642,NH1771,1499149701.0,3.0430837992420834,2.790333473032777,2.8921026391879248,2.80403501937586,2.8820533752441406,2.866647243499756,2.771268844604492,2.872527132872668,0.17055666636941558,O
643,NH1772,1499149787.0,3.204778238636667,2.790333473032777,2.930144337735768,2.7911062585960384,2.9558396339416504,2.9180405139923096,2.785216808319092,2.9339407888813938,0.27083744975527324,O
644,NH1773,1499150224.0,3.0746478371216663,2.790333473032777,2.9123040375554528,2.799404613748864,2.8893117904663086,2.8684492111206055,2.76775860786438,2.877281135016962,0.1973667021047043,O
645,NH1774,1499150337.0,3.007947106060417,2.790333473032777,2.758424313663325,2.794036489372357,2.8293187618255615,2.857074022293091,2.7746808528900146,2.836769073685653,0.17117803237476403,O
658,NH1789,1499188124.0,2.9286468459597224,2.8013754179734836,3.0827300239333226,2.9188417111798044,3.0696725845336914,3.019176483154297,3.040926456451416,3.0442419051522105,-0.11559505919248814,J
659,NH1790,1499188064.0,2.8337587954544445,2.8013754179734836,2.9033559876295874,2.7700042186434337,2.854356050491333,2.8016133308410645,2.819953680038452,2.8318363552200476,0.001922440234396916,J
660,NH1791,1499188343.0,3.113605141414166,2.8013754179734836,3.2436982281596327,3.106247074677455,3.2533719539642334,3.2054145336151123,3.267024517059326,3.2290056620048,-0.11540052059063433,J
695,NH1828,1499323917.5,2.8586238282833327,2.8013754179734836,2.958759969779807,2.748938156277788,2.7859013080596924,2.7163989543914795,2.9896767139434814,2.7603235162709194,0.0983003120124133,O
696,NH1829,1499326693.0,2.8647285833333336,2.8013754179734836,2.9397987041809297,2.8524033768763517,2.952164888381958,2.940445899963379,2.9148759841918945,2.9426863378554113,-0.07795775452207776,O
697,NH1830,1499327063.5,3.099469366161389,2.8013754179734836,3.081987080067974,2.983460700897869,3.00100040435791,2.94038462638855,3.1018691062927246,2.979504755714176,0.11996461044721274,O
703,NH1836,1499311843.0,2.9368110719699994,2.8013754179734836,2.875164696132945,2.741547358847457,2.7238810062408447,2.6782398223876953,2.737305164337158,2.7094008506785685,0.22741022129143085,L
704,NH1837,1499316830.0,2.8521571136358332,2.8013754179734836,2.9591307676415326,2.817387358232706,2.8438522815704346,2.8776607513427734,2.893585443496704,2.853839449701888,-0.0016823360660547237,M
