fold,a_train_prefix,ID,y_true,strategy,a_weight,prediction,residual,squared_error
1,100,NH0249,2.54028164,train_only_robust_blend,0.0,2.6112588246663413,-0.0709771846663414,0.005037760743159928
1,100,NH0250,2.868937269,train_only_robust_blend,0.0,2.93763534228007,-0.06869807328006994,0.004719425272393859
1,100,NH0251,2.646507936,train_only_robust_blend,0.0,2.7186664740244546,-0.07215853802445471,0.0052068546098266765
1,100,NH0252,2.530165451,train_only_robust_blend,0.0,2.658653974533081,-0.12848852353308127,0.016509300679711177
1,100,NH0253,2.974381553,train_only_robust_blend,0.0,2.962574005126953,0.011807547873047053,0.00013941818677429797
1,100,NH0254,2.416825973,train_only_robust_blend,0.0,2.7187244097391763,-0.3018984367391764,0.09114266610555848
1,100,NH0255,2.536217409,train_only_robust_blend,0.0,2.7700327237447104,-0.23381531474471062,0.05466960140916809
1,100,NH0256,2.460708261,train_only_robust_blend,0.0,2.6504791577657065,-0.18977089676570635,0.03601299325926038
1,100,NH0257,2.381849803,train_only_robust_blend,0.0,2.6884347597757974,-0.3065849567757972,0.09399433572121745
1,100,NH0258,2.428953708,train_only_robust_blend,0.0,2.6664284070332847,-0.23747469903328478,0.05639423268094918
1,100,NH0259,2.379333481,train_only_robust_blend,0.0,2.678924401601156,-0.299590920601156,0.08975471970664815
1,100,NH0260,2.436084125,train_only_robust_blend,0.0,2.6520442167917886,-0.21596009179178877,0.04663876124671783
1,100,NH0261,2.427986625,train_only_robust_blend,0.0,2.758826812108358,-0.33084018710835794,0.10945522940589329
1,100,NH0262,2.421818818,train_only_robust_blend,0.0,2.7871882120768228,-0.36536939407682256,0.13349479412806448
1,100,NH0263,2.335425337,train_only_robust_blend,0.0,2.6520368258158364,-0.31661148881583623,0.10024283485018039
1,100,NH0264,2.424603106,train_only_robust_blend,0.0,2.624758243560791,-0.20015513756079084,0.040062079091979105
1,100,NH0265,2.261188133,train_only_robust_blend,0.0,2.615008433659872,-0.3538203006598719,0.12518880515904215
1,100,NH0266,2.861758936,train_only_robust_blend,0.0,2.902024825414022,-0.04026588941402176,0.0016213418503022298
1,100,NH0267,2.562456625,train_only_robust_blend,0.0,2.902170896530152,-0.339714271530152,0.11540578628126183
1,100,NH0268,2.593923201,train_only_robust_blend,0.0,2.7843050956726074,-0.19038189467260747,0.0362452658191318
1,100,NH0269,2.648324038,train_only_robust_blend,0.0,2.767359892527262,-0.11903585452726206,0.014169534663035496
1,100,NH0270,2.549691576,train_only_robust_blend,0.0,2.706902821858724,-0.15721124585872426,0.024715375824452244
1,100,NH0272,2.427250898,train_only_robust_blend,0.0,2.7809085051218667,-0.35365760712186667,0.1250737030751646
1,100,NH0274,2.658757064,train_only_robust_blend,0.0,2.738879839579264,-0.08012277557926417,0.006419659166525131
1,100,NH0276,2.577804727,train_only_robust_blend,0.0,2.707536776860555,-0.12973204986055498,0.016830404761021524
1,100,NH0278,2.782530989,train_only_robust_blend,0.0,2.7810470263163247,0.001483962683675344,2.202145246540929e-06
1,100,NH0279,2.479652277,train_only_robust_blend,0.0,2.6468982696533203,-0.1672459926533203,0.027971222058594467
1,100,NH0280,2.641349178,train_only_robust_blend,0.0,2.7557969093322754,-0.11444773133227537,0.013098283207104686
1,100,NH0282,2.646456083,train_only_robust_blend,0.0,2.7627219359079995,-0.11626585290799962,0.013517748552424604
1,100,NH0283,2.480395714,train_only_robust_blend,0.0,2.678285757700602,-0.19789004370060193,0.03916046939582614
1,100,NH0285,2.476042331,train_only_robust_blend,0.0,2.645303169886271,-0.16926083888627108,0.028649231580484217
1,100,NH0287,2.748330989,train_only_robust_blend,0.0,2.88300887743632,-0.13467788843632,0.018138133633665857
1,100,NH0289,2.861386114,train_only_robust_blend,0.0,3.033591985702514,-0.1722058717025141,0.02965486224882275
1,100,NH0290,2.938885458,train_only_robust_blend,0.0,3.061657746632894,-0.12277228863289391,0.015073034856158612
1,100,NH0291,2.765585716,train_only_robust_blend,0.0,2.937539498011271,-0.1719537820112711,0.029568103147979738
1,100,NH0292,2.688834731,train_only_robust_blend,0.0,2.6668121019999185,0.02202262900008156,0.0004849961880752334
1,100,NH0293,2.740671011,train_only_robust_blend,0.0,2.64267627398173,0.09799473701826988,0.009602968483279874
1,100,NH0294,2.603639568,train_only_robust_blend,0.0,2.648552894592285,-0.044913326592284974,0.0020172069055852527
1,100,NH0295,2.868240659,train_only_robust_blend,0.0,2.900233586629232,-0.03199292762923189,0.0010235474182892694
1,100,NH0296,2.571534356,train_only_robust_blend,0.0,2.7889813582102456,-0.2174470022102457,0.0472831987702226
1,100,NH0297,2.674690226,train_only_robust_blend,0.0,2.858572165171305,-0.18388193917130513,0.03381256755339956
1,100,NH0298,2.395965313,train_only_robust_blend,0.0,2.712895711263021,-0.31693039826302094,0.10044487734315706
1,100,NH0299,2.605821503,train_only_robust_blend,0.0,2.7541282971700034,-0.14830679417000336,0.021994905196983744
1,100,NH0300,2.687556625,train_only_robust_blend,0.0,2.8276333808898926,-0.14007675588989255,0.019621497540636548
1,100,NH0301,2.844994697,train_only_robust_blend,0.0,3.0185120900472007,-0.17351739304720049,0.03010828568989666
1,100,NH0302,2.700584383,train_only_robust_blend,0.0,2.7753955523173013,-0.07481116931730147,0.005596711054621949
1,100,NH0303,2.769924212,train_only_robust_blend,0.0,2.908588250478109,-0.13866403847810904,0.019227715567058504
1,100,NH0304,2.932733087,train_only_robust_blend,0.0,2.95192543665568,-0.019192349655680285,0.0003683462853058912
1,100,NH0305,3.013188678,train_only_robust_blend,0.0,2.9975838661193848,0.015604811880615355,0.00024351015382939413
1,100,NH0306,2.576417173,train_only_robust_blend,0.0,2.843947569529216,-0.26753039652921595,0.07157251306707953
1,100,NH0249,2.54028164,train_plus_released_a_x1,1.0,2.455674648284912,0.08460699171508779,0.007158343047076934
1,100,NH0250,2.868937269,train_plus_released_a_x1,1.0,2.8695766925811768,-0.0006394235811768567,4.0886251616503626e-07
1,100,NH0251,2.646507936,train_plus_released_a_x1,1.0,2.5433642864227295,0.1031436495772704,0.010638612448118753
1,100,NH0252,2.530165451,train_plus_released_a_x1,1.0,2.4883320331573486,0.041833417842651155,0.001750034848397844
1,100,NH0253,2.974381553,train_plus_released_a_x1,1.0,2.898585557937622,0.07579599506237811,0.005745032867496046
1,100,NH0254,2.416825973,train_plus_released_a_x1,1.0,2.5295755863189697,-0.11274961331896982,0.012712475303577216
1,100,NH0255,2.536217409,train_plus_released_a_x1,1.0,2.561333656311035,-0.025116247311035345,0.0006308258789890902
1,100,NH0256,2.460708261,train_plus_released_a_x1,1.0,2.476341962814331,-0.01563370181433088,0.0002444126324194127
1,100,NH0257,2.381849803,train_plus_released_a_x1,1.0,2.5020878314971924,-0.12023802849719223,0.01445718349689161
1,100,NH0258,2.428953708,train_plus_released_a_x1,1.0,2.4772589206695557,-0.048305212669555786,0.002333393571051013
1,100,NH0259,2.379333481,train_plus_released_a_x1,1.0,2.5298402309417725,-0.15050674994177227,0.022652281778035167
1,100,NH0260,2.436084125,train_plus_released_a_x1,1.0,2.4558002948760986,-0.01971616987609881,0.00038872735458318617
1,100,NH0261,2.427986625,train_plus_released_a_x1,1.0,2.576432228088379,-0.14844560308837895,0.02203609707627254
1,100,NH0262,2.421818818,train_plus_released_a_x1,1.0,2.5853278636932373,-0.1635090456932371,0.026735208023513098
1,100,NH0263,2.335425337,train_plus_released_a_x1,1.0,2.496103048324585,-0.16067771132458475,0.02581732691650659
1,100,NH0264,2.424603106,train_plus_released_a_x1,1.0,2.5029735565185547,-0.07837045051855451,0.006141927514481202
1,100,NH0265,2.261188133,train_plus_released_a_x1,1.0,2.4810333251953125,-0.2198451921953124,0.048331908531393845
1,100,NH0266,2.861758936,train_plus_released_a_x1,1.0,2.7333555221557617,0.12840341384423848,0.016487436686854772
1,100,NH0267,2.562456625,train_plus_released_a_x1,1.0,2.8170888423919678,-0.25463221739196795,0.06483756613395043
1,100,NH0268,2.593923201,train_plus_released_a_x1,1.0,2.716052293777466,-0.12212909277746586,0.014915515302646865
1,100,NH0269,2.648324038,train_plus_released_a_x1,1.0,2.6587953567504883,-0.010471318750488123,0.00010964851637432415
1,100,NH0270,2.549691576,train_plus_released_a_x1,1.0,2.6746652126312256,-0.12497363663122574,0.015618409852833647
1,100,NH0272,2.427250898,train_plus_released_a_x1,1.0,2.7007062435150146,-0.2734553455150146,0.07477782599073601
1,100,NH0274,2.658757064,train_plus_released_a_x1,1.0,2.673797369003296,-0.015040305003295895,0.00022621077459216752
1,100,NH0276,2.577804727,train_plus_released_a_x1,1.0,2.5043399333953857,0.07346479360461444,0.005397075899368599
1,100,NH0278,2.782530989,train_plus_released_a_x1,1.0,2.6228926181793213,0.15963837082067878,0.025484409438280543
1,100,NH0279,2.479652277,train_plus_released_a_x1,1.0,2.5645439624786377,-0.08489168547863768,0.0072065982634039434
1,100,NH0280,2.641349178,train_plus_released_a_x1,1.0,2.5513267517089844,0.09002242629101564,0.008104037235321345
1,100,NH0282,2.646456083,train_plus_released_a_x1,1.0,2.6558234691619873,-0.009367386161987401,8.774792350779305e-05
1,100,NH0283,2.480395714,train_plus_released_a_x1,1.0,2.553196668624878,-0.07280095462487779,0.005299978994293515
1,100,NH0285,2.476042331,train_plus_released_a_x1,1.0,2.4872941970825195,-0.011251866082519602,0.000126604490338955
1,100,NH0287,2.748330989,train_plus_released_a_x1,1.0,2.7672388553619385,-0.01890786636193864,0.0003575074103609308
1,100,NH0289,2.861386114,train_plus_released_a_x1,1.0,2.9525089263916016,-0.09112281239160147,0.008303366938155
1,100,NH0290,2.938885458,train_plus_released_a_x1,1.0,3.084829330444336,-0.14594387244433582,0.021299613904048564
1,100,NH0291,2.765585716,train_plus_released_a_x1,1.0,2.912458658218384,-0.14687294221838387,0.021571661155884728
1,100,NH0292,2.688834731,train_plus_released_a_x1,1.0,2.6000940799713135,0.08874065102868656,0.007874903144995128
1,100,NH0293,2.740671011,train_plus_released_a_x1,1.0,2.521307945251465,0.21936306574853504,0.0481201546145961
1,100,NH0294,2.603639568,train_plus_released_a_x1,1.0,2.551975965499878,0.05166360250012225,0.0026691278232906382
1,100,NH0295,2.868240659,train_plus_released_a_x1,1.0,2.8491992950439453,0.019041363956054713,0.0003625735413069396
1,100,NH0296,2.571534356,train_plus_released_a_x1,1.0,2.665189027786255,-0.09365467178625497,0.008771197547391143
1,100,NH0297,2.674690226,train_plus_released_a_x1,1.0,2.762139320373535,-0.0874490943735351,0.0076473441067514475
1,100,NH0298,2.395965313,train_plus_released_a_x1,1.0,2.6068484783172607,-0.2108831653172607,0.04447170941422711
1,100,NH0299,2.605821503,train_plus_released_a_x1,1.0,2.6212568283081055,-0.01543532530810543,0.00023824926736703997
1,100,NH0300,2.687556625,train_plus_released_a_x1,1.0,2.741562604904175,-0.05400597990417477,0.0029166458654101292
1,100,NH0301,2.844994697,train_plus_released_a_x1,1.0,2.847824811935425,-0.0028301149354246213,8.009550547713508e-06
1,100,NH0302,2.700584383,train_plus_released_a_x1,1.0,2.65352463722229,0.04705974577770977,0.0022146196726626727
1,100,NH0303,2.769924212,train_plus_released_a_x1,1.0,2.69685435295105,0.07306985904895003,0.0053392043014334235
1,100,NH0304,2.932733087,train_plus_released_a_x1,1.0,2.818441152572632,0.11429193442736807,0.013062646275149803
1,100,NH0305,3.013188678,train_plus_released_a_x1,1.0,2.864091634750366,0.1490970432496339,0.022229928305783204
1,100,NH0306,2.576417173,train_plus_released_a_x1,1.0,2.777214288711548,-0.200797115711548,0.0403194816780768
1,100,NH0249,2.54028164,train_plus_released_a_x2,2.0,2.449289321899414,0.09099231810058583,0.0082796019533182
1,100,NH0250,2.868937269,train_plus_released_a_x2,2.0,2.8584697246551514,0.010467544344848534,0.00010956948461137052
1,100,NH0251,2.646507936,train_plus_released_a_x2,2.0,2.547985553741455,0.09852238225854482,0.009706659805898826
1,100,NH0252,2.530165451,train_plus_released_a_x2,2.0,2.478440761566162,0.05172468943383768,0.002675443497026959
1,100,NH0253,2.974381553,train_plus_released_a_x2,2.0,2.88262677192688,0.0917547810731203,0.008418939849776234
1,100,NH0254,2.416825973,train_plus_released_a_x2,2.0,2.5135536193847656,-0.09672764638476572,0.00935623757513628
1,100,NH0255,2.536217409,train_plus_released_a_x2,2.0,2.5556066036224365,-0.019389194622436712,0.0003759408681067287
1,100,NH0256,2.460708261,train_plus_released_a_x2,2.0,2.470639228820801,-0.009930967820800607,9.862412185777716e-05
1,100,NH0257,2.381849803,train_plus_released_a_x2,2.0,2.484842538833618,-0.10299273583361801,0.010607503634493424
1,100,NH0258,2.428953708,train_plus_released_a_x2,2.0,2.485835075378418,-0.05688136737841809,0.0032354899548385657
1,100,NH0259,2.379333481,train_plus_released_a_x2,2.0,2.5130250453948975,-0.13369156439489727,0.017873434390354964
1,100,NH0260,2.436084125,train_plus_released_a_x2,2.0,2.4658427238464355,-0.029758598846435724,0.0008855742053030856
1,100,NH0261,2.427986625,train_plus_released_a_x2,2.0,2.561676025390625,-0.13368940039062505,0.017872855776804857
1,100,NH0262,2.421818818,train_plus_released_a_x2,2.0,2.5637319087982178,-0.14191309079821757,0.020139325339903143
1,100,NH0263,2.335425337,train_plus_released_a_x2,2.0,2.4921092987060547,-0.15668396170605448,0.024549863855904346
1,100,NH0264,2.424603106,train_plus_released_a_x2,2.0,2.514509439468384,-0.08990633346838361,0.008083148797728196
1,100,NH0265,2.261188133,train_plus_released_a_x2,2.0,2.4745607376098633,-0.21337260460986318,0.04552786839799701
1,100,NH0266,2.861758936,train_plus_released_a_x2,2.0,2.6939785480499268,0.16778038795007344,0.02815025858067715
1,100,NH0267,2.562456625,train_plus_released_a_x2,2.0,2.791935682296753,-0.2294790572967531,0.05266063773780649
1,100,NH0268,2.593923201,train_plus_released_a_x2,2.0,2.7452003955841064,-0.1512771945841065,0.022884789601237618
1,100,NH0269,2.648324038,train_plus_released_a_x2,2.0,2.6691505908966064,-0.020826552896606287,0.00043374530555513976
1,100,NH0270,2.549691576,train_plus_released_a_x2,2.0,2.671044111251831,-0.1213525352518312,0.014726437812046935
1,100,NH0272,2.427250898,train_plus_released_a_x2,2.0,2.7189550399780273,-0.2917041419780273,0.08509130644713711
1,100,NH0274,2.658757064,train_plus_released_a_x2,2.0,2.691512107849121,-0.03275504384912109,0.0010728928975578453
1,100,NH0276,2.577804727,train_plus_released_a_x2,2.0,2.491821527481079,0.08598319951892108,0.007393110599510591
1,100,NH0278,2.782530989,train_plus_released_a_x2,2.0,2.622816562652588,0.15971442634741218,0.025508697983482948
1,100,NH0279,2.479652277,train_plus_released_a_x2,2.0,2.581041097640991,-0.1013888206409912,0.010279692950971081
1,100,NH0280,2.641349178,train_plus_released_a_x2,2.0,2.581631660461426,0.05971751753857424,0.003566181900969922
1,100,NH0282,2.646456083,train_plus_released_a_x2,2.0,2.6573002338409424,-0.01084415084094248,0.00011759560746111348
1,100,NH0283,2.480395714,train_plus_released_a_x2,2.0,2.5501868724823,-0.06979115848229966,0.004870805802301468
1,100,NH0285,2.476042331,train_plus_released_a_x2,2.0,2.482168436050415,-0.006126105050415109,3.752916308872151e-05
1,100,NH0287,2.748330989,train_plus_released_a_x2,2.0,2.7889010906219482,-0.04057010162194841,0.0016459331456152207
1,100,NH0289,2.861386114,train_plus_released_a_x2,2.0,2.96081805229187,-0.09943193829187003,0.009886710352478248
1,100,NH0290,2.938885458,train_plus_released_a_x2,2.0,3.098731756210327,-0.15984629821032703,0.0255508390515448
1,100,NH0291,2.765585716,train_plus_released_a_x2,2.0,2.921828031539917,-0.15624231553991708,0.024411661165275014
1,100,NH0292,2.688834731,train_plus_released_a_x2,2.0,2.621647834777832,0.067186896222168,0.004514079023968373
1,100,NH0293,2.740671011,train_plus_released_a_x2,2.0,2.534099817276001,0.2065711937239989,0.042671658076557886
1,100,NH0294,2.603639568,train_plus_released_a_x2,2.0,2.5758795738220215,0.027759994177978697,0.0007706172767614111
1,100,NH0295,2.868240659,train_plus_released_a_x2,2.0,2.8636655807495117,0.004575078250488307,2.0931340998091146e-05
1,100,NH0296,2.571534356,train_plus_released_a_x2,2.0,2.6733951568603516,-0.10186080086035165,0.010375622751912216
1,100,NH0297,2.674690226,train_plus_released_a_x2,2.0,2.781282424926758,-0.10659219892675775,0.011361896872041496
1,100,NH0298,2.395965313,train_plus_released_a_x2,2.0,2.61098313331604,-0.21501782031604,0.04623266305346086
1,100,NH0299,2.605821503,train_plus_released_a_x2,2.0,2.6264488697052,-0.020627366705200156,0.0004254882571908
1,100,NH0300,2.687556625,train_plus_released_a_x2,2.0,2.7356269359588623,-0.04807031095886227,0.0023107547956817145
1,100,NH0301,2.844994697,train_plus_released_a_x2,2.0,2.8306944370269775,0.014300259973022644,0.0002044974352960336
1,100,NH0302,2.700584383,train_plus_released_a_x2,2.0,2.672140121459961,0.028444261540038873,0.0008090760145581346
1,100,NH0303,2.769924212,train_plus_released_a_x2,2.0,2.6796963214874268,0.09022789051257307,0.008141072226348875
1,100,NH0304,2.932733087,train_plus_released_a_x2,2.0,2.825784683227539,0.10694840377246084,0.011437961069477316
1,100,NH0305,3.013188678,train_plus_released_a_x2,2.0,2.8648884296417236,0.1483002483582765,0.02199296366312649
1,100,NH0306,2.576417173,train_plus_released_a_x2,2.0,2.795405626296997,-0.21898845329699723,0.047955942677411136
1,100,NH0249,2.54028164,train_plus_released_a_x4,4.0,2.466301202774048,0.07398043722595204,0.005473105092143031
1,100,NH0250,2.868937269,train_plus_released_a_x4,4.0,2.860896348953247,0.00804092004675283,6.465639519827154e-05
1,100,NH0251,2.646507936,train_plus_released_a_x4,4.0,2.5415284633636475,0.10497947263635243,0.011020689675006669
1,100,NH0252,2.530165451,train_plus_released_a_x4,4.0,2.5001132488250732,0.030052202174926546,0.0009031348555626598
1,100,NH0253,2.974381553,train_plus_released_a_x4,4.0,2.8623874187469482,0.11199413425305194,0.01254268610709062
1,100,NH0254,2.416825973,train_plus_released_a_x4,4.0,2.5393874645233154,-0.12256149152331552,0.015021319204419743
1,100,NH0255,2.536217409,train_plus_released_a_x4,4.0,2.578653573989868,-0.04243616498986835,0.0018008280990473285
1,100,NH0256,2.460708261,train_plus_released_a_x4,4.0,2.495358943939209,-0.03465068293920881,0.0012006698281535764
1,100,NH0257,2.381849803,train_plus_released_a_x4,4.0,2.498748302459717,-0.11689849945971664,0.013665259175933373
1,100,NH0258,2.428953708,train_plus_released_a_x4,4.0,2.5063226222991943,-0.07736891429919446,0.005985948899836097
1,100,NH0259,2.379333481,train_plus_released_a_x4,4.0,2.521554470062256,-0.14222098906225566,0.020226809729846244
1,100,NH0260,2.436084125,train_plus_released_a_x4,4.0,2.4803354740142822,-0.044251349014282404,0.001958181889583832
1,100,NH0261,2.427986625,train_plus_released_a_x4,4.0,2.568020820617676,-0.14003419561767583,0.0196095759422895
1,100,NH0262,2.421818818,train_plus_released_a_x4,4.0,2.5690228939056396,-0.14720407590563944,0.021669039963233258
1,100,NH0263,2.335425337,train_plus_released_a_x4,4.0,2.537971258163452,-0.20254592116345194,0.041024850179951285
1,100,NH0264,2.424603106,train_plus_released_a_x4,4.0,2.55972957611084,-0.13512647011083967,0.018259162924615647
1,100,NH0265,2.261188133,train_plus_released_a_x4,4.0,2.5136911869049072,-0.2525030539049071,0.06375779223130443
1,100,NH0266,2.861758936,train_plus_released_a_x4,4.0,2.6843442916870117,0.17741464431298848,0.031475956016704214
1,100,NH0267,2.562456625,train_plus_released_a_x4,4.0,2.7359068393707275,-0.17345021437072772,0.0300849768652514
1,100,NH0268,2.593923201,train_plus_released_a_x4,4.0,2.724318504333496,-0.13039530333349614,0.017002935131434468
1,100,NH0269,2.648324038,train_plus_released_a_x4,4.0,2.6863157749176025,-0.03799173691760238,0.0014433720740163116
1,100,NH0270,2.549691576,train_plus_released_a_x4,4.0,2.6673972606658936,-0.1177056846658937,0.013854628202666804
1,100,NH0272,2.427250898,train_plus_released_a_x4,4.0,2.7036120891571045,-0.27636119115710445,0.07637550797777362
1,100,NH0274,2.658757064,train_plus_released_a_x4,4.0,2.6672537326812744,-0.00849666868127441,7.219337867934944e-05
1,100,NH0276,2.577804727,train_plus_released_a_x4,4.0,2.4768104553222656,0.10099427167773456,0.010199842911716057
1,100,NH0278,2.782530989,train_plus_released_a_x4,4.0,2.60190749168396,0.1806234973160401,0.032624847782677546
1,100,NH0279,2.479652277,train_plus_released_a_x4,4.0,2.6096351146698,-0.1299828376697998,0.016895538088693523
1,100,NH0280,2.641349178,train_plus_released_a_x4,4.0,2.552138566970825,0.08921061102917482,0.007958533120198728
1,100,NH0282,2.646456083,train_plus_released_a_x4,4.0,2.634443759918213,0.012012323081787013,0.00014429590582123303
1,100,NH0283,2.480395714,train_plus_released_a_x4,4.0,2.5331928730010986,-0.05279715900109849,0.0027875399985872757
1,100,NH0285,2.476042331,train_plus_released_a_x4,4.0,2.472672700881958,0.003369630118041922,1.1354407132415217e-05
1,100,NH0287,2.748330989,train_plus_released_a_x4,4.0,2.7657716274261475,-0.017440638426147625,0.00030417586871161713
1,100,NH0289,2.861386114,train_plus_released_a_x4,4.0,2.971292734146118,-0.10990662014611807,0.012079465151943088
1,100,NH0290,2.938885458,train_plus_released_a_x4,4.0,3.0939159393310547,-0.15503048133105457,0.02403445014173846
1,100,NH0291,2.765585716,train_plus_released_a_x4,4.0,2.90934681892395,-0.14376110292395028,0.020667254713910625
1,100,NH0292,2.688834731,train_plus_released_a_x4,4.0,2.643653154373169,0.04518157662683109,0.0020413748664862095
1,100,NH0293,2.740671011,train_plus_released_a_x4,4.0,2.5253777503967285,0.21529326060327136,0.04635118806118812
1,100,NH0294,2.603639568,train_plus_released_a_x4,4.0,2.585259437561035,0.018380130438965026,0.00033782919495336866
1,100,NH0295,2.868240659,train_plus_released_a_x4,4.0,2.8494760990142822,0.0187645599857178,0.00035210871145760156
1,100,NH0296,2.571534356,train_plus_released_a_x4,4.0,2.6504974365234375,-0.07896308052343759,0.006235168085750889
1,100,NH0297,2.674690226,train_plus_released_a_x4,4.0,2.7376883029937744,-0.06299807699377435,0.0039687577049135215
1,100,NH0298,2.395965313,train_plus_released_a_x4,4.0,2.6000306606292725,-0.20406534762927242,0.0416426661030558
1,100,NH0299,2.605821503,train_plus_released_a_x4,4.0,2.611780881881714,-0.005959378881713828,3.551419665581676e-05
1,100,NH0300,2.687556625,train_plus_released_a_x4,4.0,2.716418504714966,-0.028861879714965788,0.0008330081006811536
1,100,NH0301,2.844994697,train_plus_released_a_x4,4.0,2.7714598178863525,0.07353487911364764,0.005407378446258772
1,100,NH0302,2.700584383,train_plus_released_a_x4,4.0,2.6517817974090576,0.048802585590942194,0.0023816923603612386
1,100,NH0303,2.769924212,train_plus_released_a_x4,4.0,2.6459953784942627,0.12392883350573713,0.015358355774092716
1,100,NH0304,2.932733087,train_plus_released_a_x4,4.0,2.7941970825195312,0.13853600448046866,0.01919222453741243
1,100,NH0305,3.013188678,train_plus_released_a_x4,4.0,2.831108808517456,0.18207986948254407,0.033153078870780284
1,100,NH0306,2.576417173,train_plus_released_a_x4,4.0,2.785914421081543,-0.20949724808154313,0.043889096953739624
2,150,NH0307,2.578893386,train_only_robust_blend,0.0,2.6829630533854165,-0.10406966738541668,0.01083049566971126
2,150,NH0308,2.410306115,train_only_robust_blend,0.0,2.6318602561950684,-0.22155414119506833,0.049086237480684275
2,150,NH0309,2.836080405,train_only_robust_blend,0.0,2.9571897188822427,-0.12110931388224255,0.014667465909027549
2,150,NH0310,2.816582016,train_only_robust_blend,0.0,2.9807368914286294,-0.1641548754286295,0.02694682312698887
2,150,NH0311,2.369111215,train_only_robust_blend,0.0,2.6157185236612954,-0.2466073086612952,0.06081516468516733
2,150,NH0312,2.64418897,train_only_robust_blend,0.0,2.6866241296132407,-0.042435159613240625,0.0018007427714012082
2,150,NH0313,2.628009652,train_only_robust_blend,0.0,2.876963297526041,-0.24895364552604127,0.06197791762070581
2,150,NH0314,2.535798081,train_only_robust_blend,0.0,2.6167855262756348,-0.08098744527563495,0.006558966292273966
2,150,NH0315,2.834050543,train_only_robust_blend,0.0,2.7285699049631758,0.10548063803682428,0.011126165000655542
2,150,NH0316,3.068795928,train_only_robust_blend,0.0,2.961557308832804,0.1072386191671959,0.011500121440886876
2,150,NH0317,2.770380465,train_only_robust_blend,0.0,2.9275989532470703,-0.1572184882470702,0.024717653046694148
2,150,NH0318,2.661888578,train_only_robust_blend,0.0,2.648775895436605,0.01311268256339515,0.00017194244400836722
2,150,NH0319,3.041045449,train_only_robust_blend,0.0,3.083394289016724,-0.04234884001672423,0.0017934242507621036
2,150,NH0320,2.955074439,train_only_robust_blend,0.0,2.767586469650269,0.1874879693497311,0.035151738650885715
2,150,NH0321,3.070694524,train_only_robust_blend,0.0,2.924495538075765,0.14619898592423475,0.02137414348527459
2,150,NH0322,2.811025593,train_only_robust_blend,0.0,2.685964743296305,0.1250608497036949,0.015640216128610166
2,150,NH0323,3.132209712,train_only_robust_blend,0.0,2.807476123174032,0.3247335888259677,0.10545190371179265
2,150,NH0324,2.689408061,train_only_robust_blend,0.0,2.631520271301269,0.057887789698730874,0.003350996196204492
2,150,NH0325,2.96351078,train_only_robust_blend,0.0,2.844453652699789,0.11905712730021101,0.014174599560978648
2,150,NH0326,2.753867094,train_only_robust_blend,0.0,2.825199683507284,-0.07133258950728427,0.005088338325814722
2,150,NH0327,2.6036884,train_only_robust_blend,0.0,2.805265188217163,-0.2015767882171633,0.040633201547947105
2,150,NH0328,2.613919256,train_only_robust_blend,0.0,2.6876675287882485,-0.07374827278824858,0.005438807739249926
2,150,NH0329,2.839384576,train_only_robust_blend,0.0,2.8313348293304443,0.008049746669555713,6.479842144402329e-05
2,150,NH0330,2.665346731,train_only_robust_blend,0.0,2.736433267593384,-0.07108653659338371,0.0050532956848424815
2,150,NH0333,2.671320364,train_only_robust_blend,0.0,2.893629789352417,-0.22230942535241693,0.04942148060052184
2,150,NH0334,2.21437086,train_only_robust_blend,0.0,2.5783530871073403,-0.3639822271073405,0.1324830616500196
2,150,NH0335,2.971514602,train_only_robust_blend,0.0,2.865870316823324,0.1056442851766759,0.011160714990490823
2,150,NH0336,2.683147424,train_only_robust_blend,0.0,2.9446396827697754,-0.26149225876977544,0.0683782013965192
2,150,NH0337,2.547566902,train_only_robust_blend,0.0,2.7105486392974854,-0.16298173729748555,0.026563046692506594
2,150,NH0339,2.64859577,train_only_robust_blend,0.0,2.759861946105957,-0.11126617610595702,0.01238016194524184
2,150,NH0340,2.589236136,train_only_robust_blend,0.0,2.821919600168864,-0.23268346416886398,0.054141594497623007
2,150,NH0342,3.113905833,train_only_robust_blend,0.0,3.006997982660929,0.1069078503390708,0.011429288464121161
2,150,NH0343,2.668148636,train_only_robust_blend,0.0,2.776759147644043,-0.10861051164404278,0.011796243239580752
2,150,NH0344,2.979921625,train_only_robust_blend,0.0,2.9046029249827066,0.07531870001729324,0.005672906572295008
2,150,NH0345,2.874427227,train_only_robust_blend,0.0,2.941308577855428,-0.06688135085542823,0.004473115092246891
2,150,NH0346,3.339353559,train_only_robust_blend,0.0,3.100412289301554,0.23894126969844587,0.057092930365105446
2,150,NH0347,2.682640682,train_only_robust_blend,0.0,2.7059064706166587,-0.02326578861665851,0.0005412969199550368
2,150,NH0348,3.095016545,train_only_robust_blend,0.0,2.9651275475819907,0.1298889974180093,0.016871151650255628
2,150,NH0349,2.402668273,train_only_robust_blend,0.0,2.5170177618662515,-0.11434948886625129,0.013075805603972928
2,150,NH0350,3.395244427,train_only_robust_blend,0.0,3.068442821502685,0.3268016054973151,0.10679928935562276
2,150,NH0351,2.771827386,train_only_robust_blend,0.0,2.724066654841105,0.04776073115889501,0.0022810874408322446
2,150,NH0352,2.67425697,train_only_robust_blend,0.0,2.785191297531128,-0.11093432753112786,0.012306425024783553
2,150,NH0353,2.657489345,train_only_robust_blend,0.0,2.715734322865804,-0.05824497786580407,0.0033924774465880062
2,150,NH0356,3.352137595,train_only_robust_blend,0.0,2.894906997680664,0.4572305973193358,0.2090598191249966
2,150,NH0357,2.557232968,train_only_robust_blend,0.0,2.597165902455648,-0.03993293445564783,0.0015946392542390655
2,150,NH0358,2.860888413,train_only_robust_blend,0.0,2.665347417195638,0.1955409958043619,0.03823628104016148
2,150,NH0359,2.903450947,train_only_robust_blend,0.0,2.7784887154897056,0.12496223151029451,0.015615559304032441
2,150,NH0360,2.866698011,train_only_robust_blend,0.0,2.9629967212677,-0.0962987102677002,0.009273441599222469
2,150,NH0361,2.961151822,train_only_robust_blend,0.0,2.740135908126831,0.2210159138731691,0.0488480341851921
2,150,NH0362,2.539270674,train_only_robust_blend,0.0,2.602402607599894,-0.06313193359989411,0.003985641040061438
2,150,NH0307,2.578893386,train_plus_released_a_x1,1.0,2.6028060913085938,-0.023912705308593907,0.0005718174751756552
2,150,NH0308,2.410306115,train_plus_released_a_x1,1.0,2.522908926010132,-0.11260281101013181,0.01267939304738346
2,150,NH0309,2.836080405,train_plus_released_a_x1,1.0,2.8133697509765625,0.022710654023437638,0.0005157738061722842
2,150,NH0310,2.816582016,train_plus_released_a_x1,1.0,2.93350887298584,-0.11692685698583993,0.013671889884587065
2,150,NH0311,2.369111215,train_plus_released_a_x1,1.0,2.5165131092071533,-0.1474018942071531,0.021727318415856758
2,150,NH0312,2.64418897,train_plus_released_a_x1,1.0,2.6312341690063477,0.012954800993652427,0.0001678268687851379
2,150,NH0313,2.628009652,train_plus_released_a_x1,1.0,2.8333261013031006,-0.20531644930310078,0.04215484435443275
2,150,NH0314,2.535798081,train_plus_released_a_x1,1.0,2.548433542251587,-0.012635461251587099,0.000159654881040359
2,150,NH0315,2.834050543,train_plus_released_a_x1,1.0,2.6981661319732666,0.13588441102673343,0.018464573160082234
2,150,NH0316,3.068795928,train_plus_released_a_x1,1.0,2.9043986797332764,0.16439724826672375,0.027026455237670804
2,150,NH0317,2.770380465,train_plus_released_a_x1,1.0,2.8653953075408936,-0.09501484254089343,0.009027820303070772
2,150,NH0318,2.661888578,train_plus_released_a_x1,1.0,2.5603525638580322,0.10153601414196789,0.010309562167837903
2,150,NH0319,3.041045449,train_plus_released_a_x1,1.0,2.9183261394500732,0.1227193095499266,0.015060028936410707
2,150,NH0320,2.955074439,train_plus_released_a_x1,1.0,2.673266649246216,0.2818077897537843,0.07941563036591309
2,150,NH0321,3.070694524,train_plus_released_a_x1,1.0,2.8839638233184814,0.18673070068151842,0.034868354577010825
2,150,NH0322,2.811025593,train_plus_released_a_x1,1.0,2.640061855316162,0.170963737683838,0.029228599602828167
2,150,NH0323,3.132209712,train_plus_released_a_x1,1.0,2.7716763019561768,0.3605334100438231,0.1299843397578275
2,150,NH0324,2.689408061,train_plus_released_a_x1,1.0,2.577073335647583,0.11233472535241695,0.012619090520002948
2,150,NH0325,2.96351078,train_plus_released_a_x1,1.0,2.7536134719848633,0.20989730801513673,0.04405687991200118
2,150,NH0326,2.753867094,train_plus_released_a_x1,1.0,2.729231834411621,0.024635259588378755,0.0006068960149868074
2,150,NH0327,2.6036884,train_plus_released_a_x1,1.0,2.665851593017578,-0.06216319301757833,0.0038642625661406997
2,150,NH0328,2.613919256,train_plus_released_a_x1,1.0,2.5103719234466553,0.1035473325533447,0.010722050078912958
2,150,NH0329,2.839384576,train_plus_released_a_x1,1.0,2.75402569770813,0.08535887829187017,0.007286138103246304
2,150,NH0330,2.665346731,train_plus_released_a_x1,1.0,2.6835453510284424,-0.018198620028442303,0.0003311897709396213
2,150,NH0333,2.671320364,train_plus_released_a_x1,1.0,2.7326276302337646,-0.06130726623376459,0.0037585808930576917
2,150,NH0334,2.21437086,train_plus_released_a_x1,1.0,2.470759630203247,-0.25638877020324724,0.06573520148633352
2,150,NH0335,2.971514602,train_plus_released_a_x1,1.0,2.8429839611053467,0.12853064089465338,0.016520125648790344
2,150,NH0336,2.683147424,train_plus_released_a_x1,1.0,2.8240649700164795,-0.14091754601647954,0.01985775477530663
2,150,NH0337,2.547566902,train_plus_released_a_x1,1.0,2.644228935241699,-0.09666203324169942,0.009343548670419404
2,150,NH0339,2.64859577,train_plus_released_a_x1,1.0,2.6827659606933594,-0.03417019069335936,0.0011676019320205427
2,150,NH0340,2.589236136,train_plus_released_a_x1,1.0,2.7243707180023193,-0.13513458200231954,0.018261355252941622
2,150,NH0342,3.113905833,train_plus_released_a_x1,1.0,2.923452138900757,0.19045369409924318,0.0362726095960481
2,150,NH0343,2.668148636,train_plus_released_a_x1,1.0,2.6543331146240234,0.013815521375976747,0.00019086863089007043
2,150,NH0344,2.979921625,train_plus_released_a_x1,1.0,2.827608108520508,0.15231351647949198,0.023199407302348474
2,150,NH0345,2.874427227,train_plus_released_a_x1,1.0,2.8319895267486572,0.04243770025134275,0.0018009584026228162
2,150,NH0346,3.339353559,train_plus_released_a_x1,1.0,3.0188827514648438,0.32047080753515633,0.10270153848223522
2,150,NH0347,2.682640682,train_plus_released_a_x1,1.0,2.6221606731414795,0.06048000885852067,0.003657831471526739
2,150,NH0348,3.095016545,train_plus_released_a_x1,1.0,2.959888458251953,0.13512808674804688,0.018259599828187683
2,150,NH0349,2.402668273,train_plus_released_a_x1,1.0,2.4386138916015625,-0.03594561860156231,0.0012920874966489825
2,150,NH0350,3.395244427,train_plus_released_a_x1,1.0,2.988056182861328,0.40718824413867205,0.16580226616473479
2,150,NH0351,2.771827386,train_plus_released_a_x1,1.0,2.6218020915985107,0.15002529440148926,0.022507588960253525
2,150,NH0352,2.67425697,train_plus_released_a_x1,1.0,2.7029683589935303,-0.028711388993530207,0.0008243438579378076
2,150,NH0353,2.657489345,train_plus_released_a_x1,1.0,2.644256830215454,0.013232514784546012,0.0001750994475232288
2,150,NH0356,3.352137595,train_plus_released_a_x1,1.0,2.750624895095825,0.6015126999041747,0.3618175281460097
2,150,NH0357,2.557232968,train_plus_released_a_x1,1.0,2.5298688411712646,0.027364126828735458,0.0007487954370991196
2,150,NH0358,2.860888413,train_plus_released_a_x1,1.0,2.53458309173584,0.32630532126416023,0.10647516268530682
2,150,NH0359,2.903450947,train_plus_released_a_x1,1.0,2.724180221557617,0.17927072544238287,0.03213799300063822
2,150,NH0360,2.866698011,train_plus_released_a_x1,1.0,2.8389787673950195,0.02771924360498046,0.0007683564660322501
2,150,NH0361,2.961151822,train_plus_released_a_x1,1.0,2.701796293258667,0.25935552874133316,0.06726529028869649
2,150,NH0362,2.539270674,train_plus_released_a_x1,1.0,2.5341596603393555,0.005111013660644481,2.61224606392945e-05
2,150,NH0307,2.578893386,train_plus_released_a_x2,2.0,2.6074206829071045,-0.02852729690710465,0.0008138066688261025
2,150,NH0308,2.410306115,train_plus_released_a_x2,2.0,2.5389015674591064,-0.12859545245910642,0.0165367903931623
2,150,NH0309,2.836080405,train_plus_released_a_x2,2.0,2.8084402084350586,0.027640196564941544,0.0007639804661486063
2,150,NH0310,2.816582016,train_plus_released_a_x2,2.0,2.9337270259857178,-0.11714500998571786,0.013722953364553939
2,150,NH0311,2.369111215,train_plus_released_a_x2,2.0,2.518773317337036,-0.14966210233703592,0.02239874487594141
2,150,NH0312,2.64418897,train_plus_released_a_x2,2.0,2.643692970275879,0.0004959997241211767,2.460157263282833e-07
2,150,NH0313,2.628009652,train_plus_released_a_x2,2.0,2.824970245361328,-0.19696059336132832,0.03879347533724653
2,150,NH0314,2.535798081,train_plus_released_a_x2,2.0,2.568434000015259,-0.032635919015258974,0.0010651032099705422
2,150,NH0315,2.834050543,train_plus_released_a_x2,2.0,2.7142105102539062,0.11984003274609378,0.01436163344858483
2,150,NH0316,3.068795928,train_plus_released_a_x2,2.0,2.914120674133301,0.15467525386669934,0.023924434158727886
2,150,NH0317,2.770380465,train_plus_released_a_x2,2.0,2.8626697063446045,-0.09228924134460437,0.008517304067962632
2,150,NH0318,2.661888578,train_plus_released_a_x2,2.0,2.5534331798553467,0.10845539814465344,0.011762573386715295
2,150,NH0319,3.041045449,train_plus_released_a_x2,2.0,2.895920991897583,0.14512445710241684,0.021061108049271225
2,150,NH0320,2.955074439,train_plus_released_a_x2,2.0,2.692767858505249,0.2623065804947511,0.06880474217084934
2,150,NH0321,3.070694524,train_plus_released_a_x2,2.0,2.859259605407715,0.21143491859228503,0.044704724800126196
2,150,NH0322,2.811025593,train_plus_released_a_x2,2.0,2.657956123352051,0.15306946964794932,0.023430262538304478
2,150,NH0323,3.132209712,train_plus_released_a_x2,2.0,2.751465082168579,0.38074462983142077,0.14496647314546562
2,150,NH0324,2.689408061,train_plus_released_a_x2,2.0,2.585096836090088,0.10431122490991207,0.010880831642206261
2,150,NH0325,2.96351078,train_plus_released_a_x2,2.0,2.748438596725464,0.21507218327453614,0.04625604401847566
2,150,NH0326,2.753867094,train_plus_released_a_x2,2.0,2.7344982624053955,0.01936883159460434,0.00037515163734014333
2,150,NH0327,2.6036884,train_plus_released_a_x2,2.0,2.6380035877227783,-0.03431518772277853,0.0011775321084495302
2,150,NH0328,2.613919256,train_plus_released_a_x2,2.0,2.5321288108825684,0.08179044511743161,0.006689676912507592
2,150,NH0329,2.839384576,train_plus_released_a_x2,2.0,2.7437169551849365,0.09566762081506353,0.009152293672414775
2,150,NH0330,2.665346731,train_plus_released_a_x2,2.0,2.6697590351104736,-0.004412304110473553,1.9468427563301808e-05
2,150,NH0333,2.671320364,train_plus_released_a_x2,2.0,2.7267634868621826,-0.05544312286218256,0.0030739398727110704
2,150,NH0334,2.21437086,train_plus_released_a_x2,2.0,2.4911234378814697,-0.2767525778814699,0.07659198936403906
2,150,NH0335,2.971514602,train_plus_released_a_x2,2.0,2.8299062252044678,0.1416083767955323,0.02005293237866545
2,150,NH0336,2.683147424,train_plus_released_a_x2,2.0,2.772987127304077,-0.0898397033040772,0.00807117228976462
2,150,NH0337,2.547566902,train_plus_released_a_x2,2.0,2.650941848754883,-0.10337494675488301,0.010686379616574898
2,150,NH0339,2.64859577,train_plus_released_a_x2,2.0,2.7129180431365967,-0.06432227313659666,0.0041373548214589445
2,150,NH0340,2.589236136,train_plus_released_a_x2,2.0,2.7345693111419678,-0.14533317514196797,0.021121731796845938
2,150,NH0342,3.113905833,train_plus_released_a_x2,2.0,2.9158992767333984,0.19800655626660157,0.039206596324558855
2,150,NH0343,2.668148636,train_plus_released_a_x2,2.0,2.650503396987915,0.017645239012085145,0.00031135445979361156
2,150,NH0344,2.979921625,train_plus_released_a_x2,2.0,2.813739776611328,0.16618184838867167,0.027616406733875457
2,150,NH0345,2.874427227,train_plus_released_a_x2,2.0,2.809826135635376,0.064601091364624,0.0041733010055004975
2,150,NH0346,3.339353559,train_plus_released_a_x2,2.0,3.0433881282806396,0.29596543071936043,0.08759553618089654
2,150,NH0347,2.682640682,train_plus_released_a_x2,2.0,2.6275055408477783,0.055135141152221845,0.003039883789875427
2,150,NH0348,3.095016545,train_plus_released_a_x2,2.0,2.9434375762939453,0.1515789687060547,0.02297618375399111
2,150,NH0349,2.402668273,train_plus_released_a_x2,2.0,2.429154396057129,-0.02648612305712872,0.0007015147145973655
2,150,NH0350,3.395244427,train_plus_released_a_x2,2.0,2.989975690841675,0.40526873615832537,0.16424274850736634
2,150,NH0351,2.771827386,train_plus_released_a_x2,2.0,2.637972116470337,0.1338552695296631,0.017917233180858753
2,150,NH0352,2.67425697,train_plus_released_a_x2,2.0,2.7033004760742188,-0.029043506074218683,0.0008435252450831775
2,150,NH0353,2.657489345,train_plus_released_a_x2,2.0,2.6747303009033203,-0.0172409559033202,0.0002972505604602316
2,150,NH0356,3.352137595,train_plus_released_a_x2,2.0,2.7448768615722656,0.6072607334277342,0.3687655983631897
2,150,NH0357,2.557232968,train_plus_released_a_x2,2.0,2.5500524044036865,0.007180563596313583,5.156049356070385e-05
2,150,NH0358,2.860888413,train_plus_released_a_x2,2.0,2.546077013015747,0.314811399984253,0.09910621756004533
2,150,NH0359,2.903450947,train_plus_released_a_x2,2.0,2.7389490604400635,0.16450188655993658,0.027060870681778246
2,150,NH0360,2.866698011,train_plus_released_a_x2,2.0,2.8584210872650146,0.008276923734985342,6.850746651476371e-05
2,150,NH0361,2.961151822,train_plus_released_a_x2,2.0,2.719499349594116,0.24165247240588394,0.0583959174198765
2,150,NH0362,2.539270674,train_plus_released_a_x2,2.0,2.536597967147827,0.0026727068521728015,7.143361917651445e-06
2,150,NH0307,2.578893386,train_plus_released_a_x4,4.0,2.6213314533233643,-0.042438067323364415,0.0018009895581424106
2,150,NH0308,2.410306115,train_plus_released_a_x4,4.0,2.5309786796569824,-0.1206725646569824,0.014561867860893597
2,150,NH0309,2.836080405,train_plus_released_a_x4,4.0,2.782158613204956,0.05392179179504408,0.0029075596303880834
2,150,NH0310,2.816582016,train_plus_released_a_x4,4.0,2.923957109451294,-0.10737509345129403,0.011529410693674127
2,150,NH0311,2.369111215,train_plus_released_a_x4,4.0,2.4846484661102295,-0.11553725111022928,0.013348856394108176
2,150,NH0312,2.64418897,train_plus_released_a_x4,4.0,2.6253669261932373,0.018822043806762778,0.00035426933306369706
2,150,NH0313,2.628009652,train_plus_released_a_x4,4.0,2.8412818908691406,-0.21327223886914082,0.04548504787225586
2,150,NH0314,2.535798081,train_plus_released_a_x4,4.0,2.567403554916382,-0.03160547391638202,0.0009989059814791042
2,150,NH0315,2.834050543,train_plus_released_a_x4,4.0,2.7089626789093018,0.12508786409069828,0.015646973742773004
2,150,NH0316,3.068795928,train_plus_released_a_x4,4.0,2.9253721237182617,0.1434238042817384,0.0205703876346464
2,150,NH0317,2.770380465,train_plus_released_a_x4,4.0,2.8722927570343018,-0.10191229203430163,0.01038611526768478
2,150,NH0318,2.661888578,train_plus_released_a_x4,4.0,2.538156270980835,0.12373230701916516,0.015309683800284947
2,150,NH0319,3.041045449,train_plus_released_a_x4,4.0,2.925208330154419,0.1158371188455809,0.013418238102445234
2,150,NH0320,2.955074439,train_plus_released_a_x4,4.0,2.6954421997070312,0.25963223929296886,0.06740889968028144
2,150,NH0321,3.070694524,train_plus_released_a_x4,4.0,2.8897578716278076,0.18093665237219225,0.032738072171655544
2,150,NH0322,2.811025593,train_plus_released_a_x4,4.0,2.6696434020996094,0.14138219090039073,0.019988923903794528
2,150,NH0323,3.132209712,train_plus_released_a_x4,4.0,2.766653060913086,0.36555665108691393,0.13363166515387973
2,150,NH0324,2.689408061,train_plus_released_a_x4,4.0,2.6226367950439453,0.06677126595605465,0.004458401957374182
2,150,NH0325,2.96351078,train_plus_released_a_x4,4.0,2.741795778274536,0.22171500172546388,0.04915754199012245
2,150,NH0326,2.753867094,train_plus_released_a_x4,4.0,2.74065899848938,0.013208095510619966,0.0001744537870176593
2,150,NH0327,2.6036884,train_plus_released_a_x4,4.0,2.6364235877990723,-0.032735187799072474,0.0010715925202405433
2,150,NH0328,2.613919256,train_plus_released_a_x4,4.0,2.5408523082733154,0.07306694772668454,0.005338778850094051
2,150,NH0329,2.839384576,train_plus_released_a_x4,4.0,2.742337942123413,0.09704663387658696,0.009418049146776316
2,150,NH0330,2.665346731,train_plus_released_a_x4,4.0,2.6735713481903076,-0.008224617190307537,6.764432792710225e-05
2,150,NH0333,2.671320364,train_plus_released_a_x4,4.0,2.7515904903411865,-0.08027012634118647,0.006443293182830037
2,150,NH0334,2.21437086,train_plus_released_a_x4,4.0,2.5099782943725586,-0.29560743437255876,0.08738375525632663
2,150,NH0335,2.971514602,train_plus_released_a_x4,4.0,2.815016508102417,0.15649809389758307,0.024491653393576725
2,150,NH0336,2.683147424,train_plus_released_a_x4,4.0,2.7447986602783203,-0.061651236278320365,0.003800874934645285
2,150,NH0337,2.547566902,train_plus_released_a_x4,4.0,2.6814918518066406,-0.13392494980664083,0.017935892180711264
2,150,NH0339,2.64859577,train_plus_released_a_x4,4.0,2.694984197616577,-0.04638842761657713,0.002151886216738416
2,150,NH0340,2.589236136,train_plus_released_a_x4,4.0,2.73462176322937,-0.14538562722937032,0.021136980604877426
2,150,NH0342,3.113905833,train_plus_released_a_x4,4.0,2.898941993713379,0.2149638392866211,0.04620945220084427
2,150,NH0343,2.668148636,train_plus_released_a_x4,4.0,2.66794490814209,0.00020372785791034076,4.150504008873599e-08
2,150,NH0344,2.979921625,train_plus_released_a_x4,4.0,2.812619209289551,0.16730241571044902,0.027990098302551898
2,150,NH0345,2.874427227,train_plus_released_a_x4,4.0,2.788724660873413,0.08570256612658689,0.007344929840681998
2,150,NH0346,3.339353559,train_plus_released_a_x4,4.0,3.0580596923828125,0.2812938666171876,0.07912623939644813
2,150,NH0347,2.682640682,train_plus_released_a_x4,4.0,2.638193130493164,0.0444475515068361,0.0019755848349528485
2,150,NH0348,3.095016545,train_plus_released_a_x4,4.0,2.95797061920166,0.13704592579833985,0.018781585777924072
2,150,NH0349,2.402668273,train_plus_released_a_x4,4.0,2.4279191493988037,-0.025250876398803523,0.0006376067589076528
2,150,NH0350,3.395244427,train_plus_released_a_x4,4.0,3.001734972000122,0.3935094549998781,0.15484969117430109
2,150,NH0351,2.771827386,train_plus_released_a_x4,4.0,2.651223659515381,0.12060372648461914,0.014545258841976825
2,150,NH0352,2.67425697,train_plus_released_a_x4,4.0,2.685286521911621,-0.011029551911621027,0.00012165101537114306
2,150,NH0353,2.657489345,train_plus_released_a_x4,4.0,2.6901485919952393,-0.032659246995239144,0.0010666264142960371
2,150,NH0356,3.352137595,train_plus_released_a_x4,4.0,2.7740204334259033,0.5781171615740965,0.33421945250649004
2,150,NH0357,2.557232968,train_plus_released_a_x4,4.0,2.5802133083343506,-0.02298034033435048,0.0005280960418825756
2,150,NH0358,2.860888413,train_plus_released_a_x4,4.0,2.5808963775634766,0.2799920354365235,0.07839553990788743
2,150,NH0359,2.903450947,train_plus_released_a_x4,4.0,2.722496271133423,0.1809546758665772,0.03274459471797802
2,150,NH0360,2.866698011,train_plus_released_a_x4,4.0,2.8556387424468994,0.011059268553100576,0.0001223074209295993
2,150,NH0361,2.961151822,train_plus_released_a_x4,4.0,2.7154853343963623,0.24566648760363785,0.06035202313150835
2,150,NH0362,2.539270674,train_plus_released_a_x4,4.0,2.5385513305664062,0.0007193434335936999,5.174549754543737e-07
3,200,NH0363,2.603032307,train_only_robust_blend,0.0,2.6271857420603437,-0.024153435060343842,0.0005833884252142472
3,200,NH0364,2.92440983,train_only_robust_blend,0.0,2.807082096735636,0.1173277332643643,0.013765796992953817
3,200,NH0365,2.840334746,train_only_robust_blend,0.0,2.957520008087158,-0.11718526208715829,0.013732385650435979
3,200,NH0366,2.59169683,train_only_robust_blend,0.0,2.7338438034057617,-0.14214697340576166,0.020205762048418313
3,200,NH0367,2.874831856,train_only_robust_blend,0.0,2.9640070597330728,-0.08917520373307264,0.007952216960835012
3,200,NH0368,2.764356991,train_only_robust_blend,0.0,2.893608570098877,-0.12925157909887686,0.01670597069955322
3,200,NH0369,3.000668447,train_only_robust_blend,0.0,2.941334009170532,0.05933443782946801,0.0035205755125390045
3,200,NH0370,2.812455712,train_only_robust_blend,0.0,2.7821728388468423,0.03028287315315792,0.0009170524064102526
3,200,NH0371,3.21035243,train_only_robust_blend,0.0,3.1853052775065103,0.025047152493489655,0.0006273598480321251
3,200,NH0372,2.745270822,train_only_robust_blend,0.0,2.660649220148722,0.08462160185127798,0.007160815499876213
3,200,NH0373,3.092530091,train_only_robust_blend,0.0,3.062649806340536,0.029880284659463907,0.0008928314113305941
3,200,NH0374,2.629430697,train_only_robust_blend,0.0,2.725487152735392,-0.09605645573539201,0.009226842688445324
3,200,NH0375,3.047773572,train_only_robust_blend,0.0,2.9574402968088784,0.09033327519112166,0.008160100606754917
3,200,NH0376,3.156203366,train_only_robust_blend,0.0,2.976830323537191,0.17937304246280927,0.03217468836236478
3,200,NH0377,2.60756927,train_only_robust_blend,0.0,2.729806502660116,-0.12223723266011621,0.014941941048403382
3,200,NH0378,2.958648962,train_only_robust_blend,0.0,2.8640931447347007,0.09455581726529916,0.008940802578708646
3,200,NH0379,2.874087419,train_only_robust_blend,0.0,2.78665820757548,0.08742921142451987,0.0076438670103133955
3,200,NH0380,2.705746606,train_only_robust_blend,0.0,2.8070832093556723,-0.1013366033556724,0.010269107179664876
3,200,NH0381,2.745414691,train_only_robust_blend,0.0,2.758162419001261,-0.012747728001260672,0.0001625045691941254
3,200,NH0382,2.577513491,train_only_robust_blend,0.0,2.710446993509928,-0.13293350250992786,0.017671316089556997
3,200,NH0383,2.994387189,train_only_robust_blend,0.0,2.8754475116729736,0.11893967732702615,0.0141466468426571
3,200,NH0384,2.747852038,train_only_robust_blend,0.0,2.6957006454467773,0.05215139255322265,0.002719767745240327
3,200,NH0385,3.162208633,train_only_robust_blend,0.0,2.9433933099110923,0.21881532308890783,0.04788014561850312
3,200,NH0386,2.796153159,train_only_robust_blend,0.0,2.803385575612386,-0.00723241661238605,5.2307850055117705e-05
3,200,NH0387,2.808581977,train_only_robust_blend,0.0,2.910855770111084,-0.1022737931110842,0.010459928757328854
3,200,NH0388,3.228663703,train_only_robust_blend,0.0,3.005053917566935,0.22360978543306498,0.05000133614142136
3,200,NH0389,2.997839193,train_only_robust_blend,0.0,2.7105115254720054,0.28732766752799455,0.08255718852707777
3,200,NH0390,2.466525624,train_only_robust_blend,0.0,2.6283625761667886,-0.16183695216678862,0.026191199086635426
3,200,NH0391,3.063983774,train_only_robust_blend,0.0,2.9730199178059897,0.09096385619401026,0.008274423133684579
3,200,NH0392,3.13196103,train_only_robust_blend,0.0,3.018221457799276,0.11373957220072395,0.012936690284403696
3,200,NH0393,2.993395926,train_only_robust_blend,0.0,3.0011412302652998,-0.007745304265299957,5.9989738162073707e-05
3,200,NH0394,2.848799114,train_only_robust_blend,0.0,2.77312970161438,0.0756694123856203,0.005725859970785068
3,200,NH0395,3.004286735,train_only_robust_blend,0.0,2.738488038380941,0.2657986966190591,0.07064894712439061
3,200,NH0396,2.803691006,train_only_robust_blend,0.0,2.801227887471517,0.0024631185284831325,6.066952885356912e-06
3,200,NH0397,2.792596277,train_only_robust_blend,0.0,2.740395704905192,0.052200572094807995,0.002724899727025247
3,200,NH0398,3.229679953,train_only_robust_blend,0.0,2.931101163228353,0.2985787897716472,0.0891492937015015
3,200,NH0399,3.049027288,train_only_robust_blend,0.0,2.869747400283813,0.17927988771618697,0.032141278139528606
3,200,NH0400,3.076792152,train_only_robust_blend,0.0,2.7549384435017905,0.3218537084982094,0.10358980967405033
3,200,NH0401,3.264795405,train_only_robust_blend,0.0,3.0198219617207847,0.24497344327921544,0.06001198791207499
3,200,NH0402,3.398629833,train_only_robust_blend,0.0,3.035898288091024,0.3627315449089763,0.13157417367205268
3,200,NH0403,2.756329239,train_only_robust_blend,0.0,2.821465571721395,-0.06513633272139518,0.004242741840392297
3,200,NH0404,2.57561483,train_only_robust_blend,0.0,2.8027942180633545,-0.22717938806335436,0.05161047436084015
3,200,NH0405,2.730725527,train_only_robust_blend,0.0,2.88995091120402,-0.15922538420401988,0.025352722974917745
3,200,NH0406,2.581132598,train_only_robust_blend,0.0,2.7510619163513184,-0.16992931835131841,0.028875973235343723
3,200,NH0407,2.598637553,train_only_robust_blend,0.0,2.7430315812428794,-0.14439402824287928,0.02084963539220542
3,200,NH0408,2.634414754,train_only_robust_blend,0.0,2.7372847398122158,-0.10286998581221596,0.010582233981005513
3,200,NH0409,2.695120761,train_only_robust_blend,0.0,2.830409606297811,-0.13528884529781093,0.01830307166201502
3,200,NH0410,2.616322273,train_only_robust_blend,0.0,2.683329502741496,-0.06700722974149587,0.0044899688376296085
3,200,NH0411,2.752271394,train_only_robust_blend,0.0,2.850846608479818,-0.09857521447981776,0.009717072909742074
3,200,NH0412,2.803718345,train_only_robust_blend,0.0,2.6643760204315186,0.1393423245684815,0.019416283416148043
3,200,NH0413,3.175965981,train_only_robust_blend,0.0,3.0329438050587973,0.1430221759412027,0.02045534281095634
3,200,NH0414,3.29324167,train_only_robust_blend,0.0,3.2166617711385093,0.07657989886149075,0.005864480909636152
3,200,NH0415,3.159180693,train_only_robust_blend,0.0,3.0059193770090737,0.1532613159909264,0.023489030979270593
3,200,NH0416,2.578570172,train_only_robust_blend,0.0,2.6645973523457847,-0.0860271803457846,0.007400675758246149
3,200,NH0417,2.813467641,train_only_robust_blend,0.0,2.7472481727600098,0.06621946823999014,0.0043850179739870635
3,200,NH0418,2.611633907,train_only_robust_blend,0.0,2.752083778381348,-0.14044987138134823,0.019726166371037263
3,200,NH0419,2.75010842,train_only_robust_blend,0.0,2.672744353612264,0.07736406638773596,0.005985198768046017
3,200,NH0420,2.75360775,train_only_robust_blend,0.0,2.8248093922932944,-0.0712016422932944,0.005069673865262249
3,200,NH0421,2.701061457,train_only_robust_blend,0.0,2.705976406733195,-0.004914949733194618,2.4156730879829847e-05
3,200,NH0422,2.65329573,train_only_robust_blend,0.0,2.698145627975464,-0.044849897975463904,0.002011513348409521
3,200,NH0423,3.346605278,train_only_robust_blend,0.0,3.0169824759165444,0.32962280208345573,0.10865119165334904
3,200,NH0424,2.447746466,train_only_robust_blend,0.0,2.6250274181365967,-0.17728095213659678,0.03142853599045832
3,200,NH0425,2.719141383,train_only_robust_blend,0.0,2.664418379465739,0.054723003534261405,0.002994607115810786
3,200,NH0426,2.696214682,train_only_robust_blend,0.0,2.618492921193441,0.07772176080655901,0.006040672102871973
3,200,NH0427,2.949469958,train_only_robust_blend,0.0,2.916319529215494,0.03315042878450569,0.0010989509285965835
3,200,NH0428,3.212863447,train_only_robust_blend,0.0,2.952223221460978,0.2606402255390221,0.06793332716903232
3,200,NH0429,2.387920057,train_only_robust_blend,0.0,2.778342962265014,-0.3904229052650141,0.1524300449555742
3,200,NH0430,2.308694788,train_only_robust_blend,0.0,2.632284164428711,-0.323589376428711,0.10471008453752202
3,200,NH0431,2.537668098,train_only_robust_blend,0.0,2.71319858233134,-0.17553048433133966,0.03081095092959468
3,200,NH0433,2.708129697,train_only_robust_blend,0.0,2.822871685028076,-0.11474198802807622,0.013165723816635187
3,200,NH0434,2.628016375,train_only_robust_blend,0.0,2.7404372692108154,-0.11242089421081536,0.012638457455159338
3,200,NH0435,3.09767117,train_only_robust_blend,0.0,2.957303762435913,0.14036740756408683,0.01970300910626246
3,200,NH0436,2.880000098,train_only_robust_blend,0.0,2.7965144316355386,0.08348566636446142,0.0069698564883181645
3,200,NH0437,2.914281273,train_only_robust_blend,0.0,3.0161160628000894,-0.10183478980008953,0.010370324413628418
3,200,NH0438,2.645410258,train_only_robust_blend,0.0,2.703672170639038,-0.058261912639038016,0.0033944504643588975
3,200,NH0439,3.274820186,train_only_robust_blend,0.0,3.063969294230143,0.21085089176985683,0.04445809856014388
3,200,NH0440,3.246150799,train_only_robust_blend,0.0,2.980244795481364,0.26590600351863625,0.070706002707253
3,200,NH0441,2.658125917,train_only_robust_blend,0.0,2.7318764527638755,-0.07375053576387547,0.005439141525458675
3,200,NH0442,3.138058588,train_only_robust_blend,0.0,2.9319063822428384,0.20615220575716142,0.04249873193854302
3,200,NH0443,2.710924833,train_only_robust_blend,0.0,2.7790678342183432,-0.06814300121834327,0.004643468615043132
3,200,NH0444,2.874962922,train_only_robust_blend,0.0,2.833166042963664,0.04179687903633589,0.0017469790971780944
3,200,NH0445,2.807523716,train_only_robust_blend,0.0,2.806674321492513,0.0008493945074867781,7.214710293487064e-07
3,200,NH0446,2.935182553,train_only_robust_blend,0.0,2.8999808629353843,0.03520169006461593,0.00123915898340528
3,200,NH0447,2.571583193,train_only_robust_blend,0.0,2.7072333494822183,-0.13565015648221834,0.018400964953650324
3,200,NH0448,3.23671028,train_only_robust_blend,0.0,3.012261946996053,0.22444833300394684,0.050377054188250614
3,200,NH0449,2.695764159,train_only_robust_blend,0.0,2.77739683787028,-0.08163267887027992,0.006663894259538245
3,200,NH0450,2.993408496,train_only_robust_blend,0.0,2.999943971633911,-0.006535475633911325,4.271244176144864e-05
3,200,NH0451,2.67676164,train_only_robust_blend,0.0,3.018499771753947,-0.34173813175394674,0.11678495069467786
3,200,NH0452,2.375949973,train_only_robust_blend,0.0,2.6882193883260093,-0.31226941532600927,0.09751218774804768
3,200,NH0453,2.504401379,train_only_robust_blend,0.0,2.795213460922241,-0.2908120819222413,0.08457166699194837
3,200,NH0454,3.052872795,train_only_robust_blend,0.0,3.0123965740203857,0.04047622097961412,0.0016383244647905542
3,200,NH0455,2.591299102,train_only_robust_blend,0.0,2.814616441726685,-0.22331733972668522,0.04987063422260374
3,200,NH0456,3.160896045,train_only_robust_blend,0.0,3.0237908363342285,0.13710520866577136,0.018797838243284706
3,200,NH0457,2.672071019,train_only_robust_blend,0.0,2.741820812225342,-0.0697497932253417,0.004865033654977922
3,200,NH0458,2.995717428,train_only_robust_blend,0.0,2.878974278767904,0.11674314923209606,0.013628962892627449
3,200,NH0459,2.54570136,train_only_robust_blend,0.0,2.557368199030558,-0.011666839030558318,0.00013611513296495894
3,200,NH0460,2.768935136,train_only_robust_blend,0.0,2.6953649520874023,0.07357018391259773,0.005412571960933454
3,200,NH0461,2.479373758,train_only_robust_blend,0.0,2.69516396522522,-0.21579020722522024,0.0465654135343035
3,200,NH0462,2.857188439,train_only_robust_blend,0.0,2.8472349643707275,0.009953474629272652,9.907165719557436e-05
3,200,NH0463,2.689719568,train_only_robust_blend,0.0,2.8234900633494058,-0.13377049534940566,0.017894545426025362
3,200,NH0363,2.603032307,train_plus_released_a_x1,1.0,2.7283408641815186,-0.12530855718151868,0.015702234502913935
3,200,NH0364,2.92440983,train_plus_released_a_x1,1.0,2.917536735534668,0.00687309446533213,4.723942752937916e-05
3,200,NH0365,2.840334746,train_plus_released_a_x1,1.0,2.9455089569091797,-0.10517421090917978,0.01106161464036863
3,200,NH0366,2.59169683,train_plus_released_a_x1,1.0,2.7243776321411133,-0.13268080214111322,0.017604195256809233
3,200,NH0367,2.874831856,train_plus_released_a_x1,1.0,2.953826904296875,-0.07899504829687487,0.006240217655425593
3,200,NH0368,2.764356991,train_plus_released_a_x1,1.0,2.851421356201172,-0.08706436520117178,0.007580203687883012
3,200,NH0369,3.000668447,train_plus_released_a_x1,1.0,2.954352617263794,0.04631582973620585,0.00214515608415321
3,200,NH0370,2.812455712,train_plus_released_a_x1,1.0,2.8040993213653564,0.008356390634643773,6.982926443876216e-05
3,200,NH0371,3.21035243,train_plus_released_a_x1,1.0,3.158604383468628,0.051748046531371994,0.002677860319813041
3,200,NH0372,2.745270822,train_plus_released_a_x1,1.0,2.6214425563812256,0.12382826561877458,0.01533343936615379
3,200,NH0373,3.092530091,train_plus_released_a_x1,1.0,3.04878306388855,0.043747027111450176,0.0019138023810899567
3,200,NH0374,2.629430697,train_plus_released_a_x1,1.0,2.735597848892212,-0.10616715189221182,0.011271464140903976
3,200,NH0375,3.047773572,train_plus_released_a_x1,1.0,2.953904151916504,0.09386942008349619,0.008811468026811878
3,200,NH0376,3.156203366,train_plus_released_a_x1,1.0,3.0106756687164307,0.1455276972835695,0.021178310676658246
3,200,NH0377,2.60756927,train_plus_released_a_x1,1.0,2.670537233352661,-0.0629679633526612,0.003964964408782083
3,200,NH0378,2.958648962,train_plus_released_a_x1,1.0,2.9120614528656006,0.04658750913439924,0.002170396007347733
3,200,NH0379,2.874087419,train_plus_released_a_x1,1.0,2.8257150650024414,0.04837235399755846,0.00233988463126511
3,200,NH0380,2.705746606,train_plus_released_a_x1,1.0,2.7841598987579346,-0.07841329275793463,0.006148644481141563
3,200,NH0381,2.745414691,train_plus_released_a_x1,1.0,2.828695058822632,-0.0832803678226317,0.00693561966467283
3,200,NH0382,2.577513491,train_plus_released_a_x1,1.0,2.735046625137329,-0.15753313413732917,0.024816688351129743
3,200,NH0383,2.994387189,train_plus_released_a_x1,1.0,2.9078261852264404,0.08656100377355935,0.0074928073742861565
3,200,NH0384,2.747852038,train_plus_released_a_x1,1.0,2.7144546508789062,0.03339738712109375,0.0011153854665161985
3,200,NH0385,3.162208633,train_plus_released_a_x1,1.0,3.008983612060547,0.15322502093945323,0.02347790704189588
3,200,NH0386,2.796153159,train_plus_released_a_x1,1.0,2.792436361312866,0.0037167976871339548,1.3814585047084316e-05
3,200,NH0387,2.808581977,train_plus_released_a_x1,1.0,2.8917694091796875,-0.08318743217968771,0.006920148872650143
3,200,NH0388,3.228663703,train_plus_released_a_x1,1.0,3.0378520488739014,0.19081165412609868,0.03640908735033791
3,200,NH0389,2.997839193,train_plus_released_a_x1,1.0,2.7939910888671875,0.2038481041328124,0.04155404955854193
3,200,NH0390,2.466525624,train_plus_released_a_x1,1.0,2.607689142227173,-0.14116351822717288,0.01992713887827337
3,200,NH0391,3.063983774,train_plus_released_a_x1,1.0,2.9330711364746094,0.13091263752539062,0.017138118663854313
3,200,NH0392,3.13196103,train_plus_released_a_x1,1.0,3.0241451263427734,0.10781590365722638,0.01162426908142432
3,200,NH0393,2.993395926,train_plus_released_a_x1,1.0,3.027427911758423,-0.03403198575842303,0.001158176054661508
3,200,NH0394,2.848799114,train_plus_released_a_x1,1.0,2.6934316158294678,0.15536749817053241,0.024139059487770394
3,200,NH0395,3.004286735,train_plus_released_a_x1,1.0,2.7017228603363037,0.3025638746636963,0.09154489825150891
3,200,NH0396,2.803691006,train_plus_released_a_x1,1.0,2.7368075847625732,0.06688342123742697,0.004473392036423097
3,200,NH0397,2.792596277,train_plus_released_a_x1,1.0,2.7077953815460205,0.0848008954539794,0.007191191869796744
3,200,NH0398,3.229679953,train_plus_released_a_x1,1.0,2.975184202194214,0.25449575080578635,0.0647680871782009
3,200,NH0399,3.049027288,train_plus_released_a_x1,1.0,2.7481489181518555,0.30087836984814453,0.09052779344247686
3,200,NH0400,3.076792152,train_plus_released_a_x1,1.0,2.7287139892578125,0.3480781627421874,0.12115840737797669
3,200,NH0401,3.264795405,train_plus_released_a_x1,1.0,3.024876356124878,0.23991904887512217,0.057561150013143256
3,200,NH0402,3.398629833,train_plus_released_a_x1,1.0,3.030041456222534,0.36858837677746603,0.13585739149544726
3,200,NH0403,2.756329239,train_plus_released_a_x1,1.0,2.7684662342071533,-0.0121369952071535,0.00014730665265846703
3,200,NH0404,2.57561483,train_plus_released_a_x1,1.0,2.7340643405914307,-0.15844951059143053,0.025106247406663857
3,200,NH0405,2.730725527,train_plus_released_a_x1,1.0,2.874629020690918,-0.14390349369091782,0.020708215496452024
3,200,NH0406,2.581132598,train_plus_released_a_x1,1.0,2.758807897567749,-0.17767529956774908,0.03156851207648938
3,200,NH0407,2.598637553,train_plus_released_a_x1,1.0,2.6988868713378906,-0.10024931833789053,0.010049925827211714
3,200,NH0408,2.634414754,train_plus_released_a_x1,1.0,2.704578399658203,-0.07016364565820332,0.004922937172049914
3,200,NH0409,2.695120761,train_plus_released_a_x1,1.0,2.7432315349578857,-0.048110773957885655,0.0023146465708267687
3,200,NH0410,2.616322273,train_plus_released_a_x1,1.0,2.611640691757202,0.00468158124279805,2.191720293291853e-05
3,200,NH0411,2.752271394,train_plus_released_a_x1,1.0,2.8499019145965576,-0.09763052059655752,0.009531718551954843
3,200,NH0412,2.803718345,train_plus_released_a_x1,1.0,2.6759960651397705,0.12772227986022955,0.016312980772694798
3,200,NH0413,3.175965981,train_plus_released_a_x1,1.0,3.025811195373535,0.1501547856264649,0.022546459646529626
3,200,NH0414,3.29324167,train_plus_released_a_x1,1.0,3.1528303623199463,0.14041130768005372,0.01971533532442271
3,200,NH0415,3.159180693,train_plus_released_a_x1,1.0,2.9819071292877197,0.17727356371228042,0.031425916391251946
3,200,NH0416,2.578570172,train_plus_released_a_x1,1.0,2.59208607673645,-0.013515904736450146,0.0001826796808447955
3,200,NH0417,2.813467641,train_plus_released_a_x1,1.0,2.830082654953003,-0.01661501395300302,0.0002760586886584851
3,200,NH0418,2.611633907,train_plus_released_a_x1,1.0,2.6930530071258545,-0.08141910012585463,0.006629069865303941
3,200,NH0419,2.75010842,train_plus_released_a_x1,1.0,2.6049840450286865,0.14512437497131359,0.02106108421081443
3,200,NH0420,2.75360775,train_plus_released_a_x1,1.0,2.790786027908325,-0.037178277908325175,0.0013822243482286597
3,200,NH0421,2.701061457,train_plus_released_a_x1,1.0,2.7808830738067627,-0.07982161680676247,0.006371490509645626
3,200,NH0422,2.65329573,train_plus_released_a_x1,1.0,2.6464602947235107,0.006835435276489221,4.6723175419073276e-05
3,200,NH0423,3.346605278,train_plus_released_a_x1,1.0,3.14001202583313,0.2065932521668703,0.04268077184088406
3,200,NH0424,2.447746466,train_plus_released_a_x1,1.0,2.591658353805542,-0.1439118878055421,0.020710631451754936
3,200,NH0425,2.719141383,train_plus_released_a_x1,1.0,2.6627652645111084,0.05637611848889179,0.003178266735873567
3,200,NH0426,2.696214682,train_plus_released_a_x1,1.0,2.5914762020111084,0.10473847998889152,0.01097014919038343
3,200,NH0427,2.949469958,train_plus_released_a_x1,1.0,2.8220643997192383,0.1274055582807616,0.016232176280832542
3,200,NH0428,3.212863447,train_plus_released_a_x1,1.0,3.078237295150757,0.13462615184924331,0.01812420076173552
3,200,NH0429,2.387920057,train_plus_released_a_x1,1.0,2.7726290225982666,-0.3847089655982665,0.1480009882116882
3,200,NH0430,2.308694788,train_plus_released_a_x1,1.0,2.565476894378662,-0.25678210637866217,0.06593705015626257
3,200,NH0431,2.537668098,train_plus_released_a_x1,1.0,2.6519429683685303,-0.11427487036853012,0.013058745997744365
3,200,NH0433,2.708129697,train_plus_released_a_x1,1.0,2.859550714492798,-0.1514210174927979,0.022928324538554208
3,200,NH0434,2.628016375,train_plus_released_a_x1,1.0,2.692471742630005,-0.06445536763000481,0.004154494416319072
3,200,NH0435,3.09767117,train_plus_released_a_x1,1.0,3.098494291305542,-0.0008231213055420739,6.775286836372882e-07
3,200,NH0436,2.880000098,train_plus_released_a_x1,1.0,2.85528826713562,0.02471183086437989,0.0006106745846697186
3,200,NH0437,2.914281273,train_plus_released_a_x1,1.0,3.0652287006378174,-0.15094742763781754,0.022785125910474165
3,200,NH0438,2.645410258,train_plus_released_a_x1,1.0,2.745774507522583,-0.10036424952258294,0.010072982582231289
3,200,NH0439,3.274820186,train_plus_released_a_x1,1.0,3.155933380126953,0.11888680587304679,0.014134072610695513
3,200,NH0440,3.246150799,train_plus_released_a_x1,1.0,3.1611382961273193,0.0850125028726807,0.007227125644677543
3,200,NH0441,2.658125917,train_plus_released_a_x1,1.0,2.7167232036590576,-0.05859728665905761,0.0034336420038037713
3,200,NH0442,3.138058588,train_plus_released_a_x1,1.0,3.0961599349975586,0.04189865300244122,0.0017554971234189768
3,200,NH0443,2.710924833,train_plus_released_a_x1,1.0,2.7304630279541016,-0.019538194954101584,0.0003817410620644806
3,200,NH0444,2.874962922,train_plus_released_a_x1,1.0,2.8892056941986084,-0.014242772198608478,0.00020285655990145456
3,200,NH0445,2.807523716,train_plus_released_a_x1,1.0,2.7508811950683594,0.05664252093164057,0.0032083751774913405
3,200,NH0446,2.935182553,train_plus_released_a_x1,1.0,2.924960136413574,0.010222416586425975,0.00010449780086643689
3,200,NH0447,2.571583193,train_plus_released_a_x1,1.0,2.6595795154571533,-0.08799632245715339,0.007743352765983318
3,200,NH0448,3.23671028,train_plus_released_a_x1,1.0,3.1365110874176025,0.10019919258239751,0.010039878194164385
3,200,NH0449,2.695764159,train_plus_released_a_x1,1.0,2.719437837600708,-0.023673678600708126,0.0005604430584896259
3,200,NH0450,2.993408496,train_plus_released_a_x1,1.0,3.037682294845581,-0.04427379884558125,0.001960169264218991
3,200,NH0451,2.67676164,train_plus_released_a_x1,1.0,2.9650027751922607,-0.2882411351922607,0.0830829520169231
3,200,NH0452,2.375949973,train_plus_released_a_x1,1.0,2.6019809246063232,-0.22603095160632325,0.051089991084060045
3,200,NH0453,2.504401379,train_plus_released_a_x1,1.0,2.713547468185425,-0.20914608918542488,0.043742086621557694
3,200,NH0454,3.052872795,train_plus_released_a_x1,1.0,3.0119903087615967,0.04088248623840318,0.0016713776810332256
3,200,NH0455,2.591299102,train_plus_released_a_x1,1.0,2.767979383468628,-0.17668028146862813,0.03121592185983366
3,200,NH0456,3.160896045,train_plus_released_a_x1,1.0,3.052988052368164,0.10790799263183581,0.011644134873832332
3,200,NH0457,2.672071019,train_plus_released_a_x1,1.0,2.6683847904205322,0.003686228579467876,1.3588281140085756e-05
3,200,NH0458,2.995717428,train_plus_released_a_x1,1.0,2.895162343978882,0.10055508402111801,0.010111324922494103
3,200,NH0459,2.54570136,train_plus_released_a_x1,1.0,2.514416456222534,0.03128490377746562,0.0009787452043652828
3,200,NH0460,2.768935136,train_plus_released_a_x1,1.0,2.7367677688598633,0.03216736714013679,0.0010347395087283524
3,200,NH0461,2.479373758,train_plus_released_a_x1,1.0,2.6403980255126953,-0.16102426751269538,0.025928814728000085
3,200,NH0462,2.857188439,train_plus_released_a_x1,1.0,2.904521942138672,-0.047333503138671684,0.002240460519378642
3,200,NH0463,2.689719568,train_plus_released_a_x1,1.0,2.777991533279419,-0.08827196527941883,0.007791939854290923
3,200,NH0363,2.603032307,train_plus_released_a_x2,2.0,2.7742130756378174,-0.1711807686378175,0.029302855551434005
3,200,NH0364,2.92440983,train_plus_released_a_x2,2.0,2.9274539947509766,-0.0030441647509764636,9.266939031087594e-06
3,200,NH0365,2.840334746,train_plus_released_a_x2,2.0,2.9643802642822266,-0.12404551828222665,0.015387290605906226
3,200,NH0366,2.59169683,train_plus_released_a_x2,2.0,2.759765625,-0.16806879499999994,0.028247119852752006
3,200,NH0367,2.874831856,train_plus_released_a_x2,2.0,2.9789011478424072,-0.1040692918424071,0.0108304175045801
3,200,NH0368,2.764356991,train_plus_released_a_x2,2.0,2.8229782581329346,-0.058621267132934474,0.0034364529602708637
3,200,NH0369,3.000668447,train_plus_released_a_x2,2.0,2.9169700145721436,0.08369843242785624,0.007005427590880417
3,200,NH0370,2.812455712,train_plus_released_a_x2,2.0,2.7775065898895264,0.03494912211047385,0.0012214411362928123
3,200,NH0371,3.21035243,train_plus_released_a_x2,2.0,3.111604690551758,0.09874773944824211,0.009751116046137912
3,200,NH0372,2.745270822,train_plus_released_a_x2,2.0,2.6109683513641357,0.13430247063586442,0.018037153618897225
3,200,NH0373,3.092530091,train_plus_released_a_x2,2.0,3.030244827270508,0.06228526372949217,0.0038794540778523926
3,200,NH0374,2.629430697,train_plus_released_a_x2,2.0,2.7306859493255615,-0.10125525232556143,0.010252626123513114
3,200,NH0375,3.047773572,train_plus_released_a_x2,2.0,2.929344415664673,0.11842915633532725,0.014025465070297382
3,200,NH0376,3.156203366,train_plus_released_a_x2,2.0,3.0129013061523438,0.14330205984765643,0.020535480356581304
3,200,NH0377,2.60756927,train_plus_released_a_x2,2.0,2.637287139892578,-0.029717869892578186,0.000883151790952205
3,200,NH0378,2.958648962,train_plus_released_a_x2,2.0,2.91784930229187,0.04079965970812971,0.001664612232299183
3,200,NH0379,2.874087419,train_plus_released_a_x2,2.0,2.8450210094451904,0.029066409554809436,0.0008448561644079172
3,200,NH0380,2.705746606,train_plus_released_a_x2,2.0,2.7629148960113525,-0.057168290011352596,0.003268213382822117
3,200,NH0381,2.745414691,train_plus_released_a_x2,2.0,2.83782958984375,-0.09241489884374987,0.008540513528300521
3,200,NH0382,2.577513491,train_plus_released_a_x2,2.0,2.7093160152435303,-0.13180252424353034,0.017371905396966404
3,200,NH0383,2.994387189,train_plus_released_a_x2,2.0,2.926386594772339,0.06800059422766092,0.004624080815314991
3,200,NH0384,2.747852038,train_plus_released_a_x2,2.0,2.6990373134613037,0.048814724538696286,0.002382877331788797
3,200,NH0385,3.162208633,train_plus_released_a_x2,2.0,3.0128555297851562,0.14935310321484385,0.0223063494399038
3,200,NH0386,2.796153159,train_plus_released_a_x2,2.0,2.789109945297241,0.007043213702758955,4.96068592627315e-05
3,200,NH0387,2.808581977,train_plus_released_a_x2,2.0,2.8781445026397705,-0.06956252563977072,0.004838944973383759
3,200,NH0388,3.228663703,train_plus_released_a_x2,2.0,3.0433857440948486,0.18527795890515142,0.03432792205605898
3,200,NH0389,2.997839193,train_plus_released_a_x2,2.0,2.7964704036712646,0.20136878932873525,0.04054938931572056
3,200,NH0390,2.466525624,train_plus_released_a_x2,2.0,2.5955278873443604,-0.12900226334436038,0.016641583947967706
3,200,NH0391,3.063983774,train_plus_released_a_x2,2.0,2.941514253616333,0.12246952038366699,0.014998783423005424
3,200,NH0392,3.13196103,train_plus_released_a_x2,2.0,3.0448760986328125,0.08708493136718731,0.007583785271227724
3,200,NH0393,2.993395926,train_plus_released_a_x2,2.0,3.0425853729248047,-0.04918944692480487,0.002419601688768195
3,200,NH0394,2.848799114,train_plus_released_a_x2,2.0,2.6908140182495117,0.15798509575048847,0.024959290479291008
3,200,NH0395,3.004286735,train_plus_released_a_x2,2.0,2.692598342895508,0.3116883921044922,0.09714965377268366
3,200,NH0396,2.803691006,train_plus_released_a_x2,2.0,2.731539726257324,0.07215127974267599,0.005205807168505886
3,200,NH0397,2.792596277,train_plus_released_a_x2,2.0,2.699061632156372,0.09353464484362783,0.008748729786023595
3,200,NH0398,3.229679953,train_plus_released_a_x2,2.0,2.9856948852539062,0.24398506774609396,0.05952871328306606
3,200,NH0399,3.049027288,train_plus_released_a_x2,2.0,2.7493584156036377,0.2996688723963623,0.08980143308330728
3,200,NH0400,3.076792152,train_plus_released_a_x2,2.0,2.743504285812378,0.33328786618762196,0.11108080174789821
3,200,NH0401,3.264795405,train_plus_released_a_x2,2.0,3.066279649734497,0.19851575526550302,0.03940850508863309
3,200,NH0402,3.398629833,train_plus_released_a_x2,2.0,3.016515016555786,0.3821148164442141,0.1460117329461954
3,200,NH0403,2.756329239,train_plus_released_a_x2,2.0,2.7808477878570557,-0.024518548857055844,0.0006011592380558345
3,200,NH0404,2.57561483,train_plus_released_a_x2,2.0,2.739546060562134,-0.16393123056213366,0.026873448353615423
3,200,NH0405,2.730725527,train_plus_released_a_x2,2.0,2.8981473445892334,-0.16742181758923325,0.02803006500488249
3,200,NH0406,2.581132598,train_plus_released_a_x2,2.0,2.7664690017700195,-0.1853364037700196,0.03434958256240373
3,200,NH0407,2.598637553,train_plus_released_a_x2,2.0,2.718550443649292,-0.11991289064929189,0.014379101343869036
3,200,NH0408,2.634414754,train_plus_released_a_x2,2.0,2.7183592319488525,-0.08394447794885274,0.007046675378105423
3,200,NH0409,2.695120761,train_plus_released_a_x2,2.0,2.762603759765625,-0.06748299876562491,0.004553955122401333
3,200,NH0410,2.616322273,train_plus_released_a_x2,2.0,2.6176061630249023,-0.0012838900249021457,1.6483735960432322e-06
3,200,NH0411,2.752271394,train_plus_released_a_x2,2.0,2.872447967529297,-0.12017657352929678,0.014442408825242475
3,200,NH0412,2.803718345,train_plus_released_a_x2,2.0,2.685734748840332,0.11798359615966802,0.013920128962767632
3,200,NH0413,3.175965981,train_plus_released_a_x2,2.0,3.02932071685791,0.1466452641420899,0.021504833495303317
3,200,NH0414,3.29324167,train_plus_released_a_x2,2.0,3.137985944747925,0.1552557252520752,0.024104340223547863
3,200,NH0415,3.159180693,train_plus_released_a_x2,2.0,2.958209991455078,0.20097070154492203,0.04038922287945813
3,200,NH0416,2.578570172,train_plus_released_a_x2,2.0,2.6222803592681885,-0.04371018726818843,0.0019105804710201017
3,200,NH0417,2.813467641,train_plus_released_a_x2,2.0,2.840550184249878,-0.02708254324987802,0.0007334641488815136
3,200,NH0418,2.611633907,train_plus_released_a_x2,2.0,2.7079079151153564,-0.09627400811535658,0.009268684638595745
3,200,NH0419,2.75010842,train_plus_released_a_x2,2.0,2.6145782470703125,0.1355301729296876,0.018368427774351027
3,200,NH0420,2.75360775,train_plus_released_a_x2,2.0,2.7880051136016846,-0.03439736360168455,0.001183178622746493
3,200,NH0421,2.701061457,train_plus_released_a_x2,2.0,2.7909324169158936,-0.08987095991589333,0.008076789436204107
3,200,NH0422,2.65329573,train_plus_released_a_x2,2.0,2.6542818546295166,-0.0009861246295166382,9.724417849393269e-07
3,200,NH0423,3.346605278,train_plus_released_a_x2,2.0,3.1678497791290283,0.17875549887097186,0.03195352837661002
3,200,NH0424,2.447746466,train_plus_released_a_x2,2.0,2.5634963512420654,-0.11574988524206553,0.01339803593355134
3,200,NH0425,2.719141383,train_plus_released_a_x2,2.0,2.6853437423706055,0.03379764062939472,0.0011422805121137128
3,200,NH0426,2.696214682,train_plus_released_a_x2,2.0,2.580409049987793,0.11580563201220695,0.01341094440574669
3,200,NH0427,2.949469958,train_plus_released_a_x2,2.0,2.8310558795928955,0.11841407840710438,0.014021893965003866
3,200,NH0428,3.212863447,train_plus_released_a_x2,2.0,3.097579002380371,0.11528444461962906,0.013290503171256319
3,200,NH0429,2.387920057,train_plus_released_a_x2,2.0,2.7483150959014893,-0.36039503890148916,0.12988458406480588
3,200,NH0430,2.308694788,train_plus_released_a_x2,2.0,2.5300753116607666,-0.22138052366076666,0.04900933625631527
3,200,NH0431,2.537668098,train_plus_released_a_x2,2.0,2.639045476913452,-0.101377378913452,0.010277372955361621
3,200,NH0433,2.708129697,train_plus_released_a_x2,2.0,2.8578312397003174,-0.14970154270031744,0.022410551886854965
3,200,NH0434,2.628016375,train_plus_released_a_x2,2.0,2.695505142211914,-0.06748876721191399,0.004554733699783917
3,200,NH0435,3.09767117,train_plus_released_a_x2,2.0,3.1204967498779297,-0.02282557987792977,0.0005210070967637524
3,200,NH0436,2.880000098,train_plus_released_a_x2,2.0,2.8366546630859375,0.04334543491406251,0.001878826727889229
3,200,NH0437,2.914281273,train_plus_released_a_x2,2.0,3.0979063510894775,-0.1836250780894777,0.03371816930336678
3,200,NH0438,2.645410258,train_plus_released_a_x2,2.0,2.7148122787475586,-0.06940202074755852,0.004816640483844544
3,200,NH0439,3.274820186,train_plus_released_a_x2,2.0,3.158390998840332,0.11642918715966788,0.013555755622660972
3,200,NH0440,3.246150799,train_plus_released_a_x2,2.0,3.1531410217285156,0.0930097772714844,0.008650818668091137
3,200,NH0441,2.658125917,train_plus_released_a_x2,2.0,2.7178428173065186,-0.05971690030651855,0.003566108182218675
3,200,NH0442,3.138058588,train_plus_released_a_x2,2.0,3.058037519454956,0.08002106854504376,0.006403371411090592
3,200,NH0443,2.710924833,train_plus_released_a_x2,2.0,2.714491605758667,-0.003566772758667014,1.2721867911969101e-05
3,200,NH0444,2.874962922,train_plus_released_a_x2,2.0,2.869932174682617,0.005030747317382733,2.5308418571353568e-05
3,200,NH0445,2.807523716,train_plus_released_a_x2,2.0,2.746066093444824,0.06145762255517573,0.0037770393701344446
3,200,NH0446,2.935182553,train_plus_released_a_x2,2.0,2.8940811157226562,0.041101437277343944,0.0016893281462634384
3,200,NH0447,2.571583193,train_plus_released_a_x2,2.0,2.634810447692871,-0.06322725469287116,0.003997685735997198
3,200,NH0448,3.23671028,train_plus_released_a_x2,2.0,3.1453969478607178,0.09131333213928228,0.008338124626378882
3,200,NH0449,2.695764159,train_plus_released_a_x2,2.0,2.7087948322296143,-0.013030673229614376,0.00016979844481698875
3,200,NH0450,2.993408496,train_plus_released_a_x2,2.0,3.0530426502227783,-0.05963415422277851,0.0035562323498661325
3,200,NH0451,2.67676164,train_plus_released_a_x2,2.0,2.9502837657928467,-0.2735221257928466,0.07481435329823781
3,200,NH0452,2.375949973,train_plus_released_a_x2,2.0,2.5780856609344482,-0.20213568793444825,0.040858836336732644
3,200,NH0453,2.504401379,train_plus_released_a_x2,2.0,2.698244094848633,-0.19384271584863288,0.037574998487573834
3,200,NH0454,3.052872795,train_plus_released_a_x2,2.0,3.0322792530059814,0.020593541994018416,0.0004240939718594
3,200,NH0455,2.591299102,train_plus_released_a_x2,2.0,2.7769546508789062,-0.18565554887890645,0.034467982829528024
3,200,NH0456,3.160896045,train_plus_released_a_x2,2.0,3.026045560836792,0.13485048416320788,0.01818465307905158
3,200,NH0457,2.672071019,train_plus_released_a_x2,2.0,2.660611391067505,0.01145962793249522,0.00013132307235122468
3,200,NH0458,2.995717428,train_plus_released_a_x2,2.0,2.86816143989563,0.12755598810436997,0.016270530101282172
3,200,NH0459,2.54570136,train_plus_released_a_x2,2.0,2.4993715286254883,0.04632983137451152,0.002146453275190672
3,200,NH0460,2.768935136,train_plus_released_a_x2,2.0,2.7626399993896484,0.006295136610351637,3.96287449429895e-05
3,200,NH0461,2.479373758,train_plus_released_a_x2,2.0,2.6473896503448486,-0.1680158923448487,0.02822934008043579
3,200,NH0462,2.857188439,train_plus_released_a_x2,2.0,2.9299042224884033,-0.07271578348840313,0.005287585168332321
3,200,NH0463,2.689719568,train_plus_released_a_x2,2.0,2.7802278995513916,-0.09050833155139149,0.008191758080216608
3,200,NH0363,2.603032307,train_plus_released_a_x4,4.0,2.7672483921051025,-0.16421608510510266,0.02696692260724632
3,200,NH0364,2.92440983,train_plus_released_a_x4,4.0,2.9354469776153564,-0.011037147615356346,0.00012181862748316629
3,200,NH0365,2.840334746,train_plus_released_a_x4,4.0,2.9824135303497314,-0.14207878434973154,0.02018638096229752
3,200,NH0366,2.59169683,train_plus_released_a_x4,4.0,2.7744252681732178,-0.1827284381732177,0.03338968211722345
3,200,NH0367,2.874831856,train_plus_released_a_x4,4.0,2.997882843017578,-0.123050987017578,0.015141545406000148
3,200,NH0368,2.764356991,train_plus_released_a_x4,4.0,2.812655448913574,-0.04829845791357412,0.0023327410368292906
3,200,NH0369,3.000668447,train_plus_released_a_x4,4.0,2.88236927986145,0.1182991671385496,0.013994692945674493
3,200,NH0370,2.812455712,train_plus_released_a_x4,4.0,2.8130600452423096,-0.0006043332423093517,3.652186677601336e-07
3,200,NH0371,3.21035243,train_plus_released_a_x4,4.0,3.097538948059082,0.11281348194091789,0.012726881707633808
3,200,NH0372,2.745270822,train_plus_released_a_x4,4.0,2.6449949741363525,0.10027584786364763,0.010055245664773404
3,200,NH0373,3.092530091,train_plus_released_a_x4,4.0,3.0511627197265625,0.04136737127343748,0.0017112594060744205
3,200,NH0374,2.629430697,train_plus_released_a_x4,4.0,2.7388551235198975,-0.10942442651989737,0.011973705119208419
3,200,NH0375,3.047773572,train_plus_released_a_x4,4.0,2.9583072662353516,0.08946630576464853,0.008004219867173583
3,200,NH0376,3.156203366,train_plus_released_a_x4,4.0,3.0244929790496826,0.13171038695031756,0.017347626030602383
3,200,NH0377,2.60756927,train_plus_released_a_x4,4.0,2.638421058654785,-0.030851788654785217,0.0009518328631995339
3,200,NH0378,2.958648962,train_plus_released_a_x4,4.0,2.882575035095215,0.07607392690478498,0.005787242354714568
3,200,NH0379,2.874087419,train_plus_released_a_x4,4.0,2.8135623931884766,0.0605250258115233,0.003663278749485562
3,200,NH0380,2.705746606,train_plus_released_a_x4,4.0,2.777956008911133,-0.07220940291113287,0.005214197868782324
3,200,NH0381,2.745414691,train_plus_released_a_x4,4.0,2.8190863132476807,-0.07367162224768053,0.005427507924604938
3,200,NH0382,2.577513491,train_plus_released_a_x4,4.0,2.715874433517456,-0.13836094251745612,0.019143750414318796
3,200,NH0383,2.994387189,train_plus_released_a_x4,4.0,2.914487600326538,0.0798995886734617,0.006383944270188369
3,200,NH0384,2.747852038,train_plus_released_a_x4,4.0,2.6981289386749268,0.04972309932507324,0.0024723866064910987
3,200,NH0385,3.162208633,train_plus_released_a_x4,4.0,2.9867212772369385,0.17548735576306163,0.030795812032711357
3,200,NH0386,2.796153159,train_plus_released_a_x4,4.0,2.788956642150879,0.0071965168491212594,5.178985475968618e-05
3,200,NH0387,2.808581977,train_plus_released_a_x4,4.0,2.8873329162597656,-0.07875093925976584,0.006201710434295329
3,200,NH0388,3.228663703,train_plus_released_a_x4,4.0,3.048043966293335,0.1806197367066651,0.03262348928798502
3,200,NH0389,2.997839193,train_plus_released_a_x4,4.0,2.81384015083313,0.18399904216687002,0.033855647518325614
3,200,NH0390,2.466525624,train_plus_released_a_x4,4.0,2.6183958053588867,-0.15187018135888675,0.02306455198598115
3,200,NH0391,3.063983774,train_plus_released_a_x4,4.0,2.9467380046844482,0.11724576931555175,0.013746570422395576
3,200,NH0392,3.13196103,train_plus_released_a_x4,4.0,3.0459585189819336,0.08600251101806622,0.007396431901412601
3,200,NH0393,2.993395926,train_plus_released_a_x4,4.0,3.0501177310943604,-0.05672180509436053,0.0032173631731626244
3,200,NH0394,2.848799114,train_plus_released_a_x4,4.0,2.721104860305786,0.12769425369421405,0.0163058224265223
3,200,NH0395,3.004286735,train_plus_released_a_x4,4.0,2.700361967086792,0.303924767913208,0.09237026455109734
3,200,NH0396,2.803691006,train_plus_released_a_x4,4.0,2.7845938205718994,0.019097185428100794,0.00036470249127526527
3,200,NH0397,2.792596277,train_plus_released_a_x4,4.0,2.7191426753997803,0.07345360160021963,0.005395431588043788
3,200,NH0398,3.229679953,train_plus_released_a_x4,4.0,3.052180290222168,0.17749966277783225,0.03150613028624417
3,200,NH0399,3.049027288,train_plus_released_a_x4,4.0,2.7609379291534424,0.2880893588465576,0.08299547868062064
3,200,NH0400,3.076792152,train_plus_released_a_x4,4.0,2.7595574855804443,0.31723466641955556,0.10063783357832669
3,200,NH0401,3.264795405,train_plus_released_a_x4,4.0,3.095160722732544,0.16963468226745615,0.0287759254279808
3,200,NH0402,3.398629833,train_plus_released_a_x4,4.0,3.0335216522216797,0.3651081807783205,0.1333039836712548
3,200,NH0403,2.756329239,train_plus_released_a_x4,4.0,2.8042619228363037,-0.04793268383630389,0.0022975421797510683
3,200,NH0404,2.57561483,train_plus_released_a_x4,4.0,2.747521162033081,-0.17190633203308092,0.029551786993067864
3,200,NH0405,2.730725527,train_plus_released_a_x4,4.0,2.9072577953338623,-0.17653226833386215,0.03116364176309871
3,200,NH0406,2.581132598,train_plus_released_a_x4,4.0,2.8135290145874023,-0.2323964165874024,0.05400809444266548
3,200,NH0407,2.598637553,train_plus_released_a_x4,4.0,2.7383148670196533,-0.13967731401965322,0.019509752051744815
3,200,NH0408,2.634414754,train_plus_released_a_x4,4.0,2.7355239391326904,-0.10110918513269063,0.010223067318196707
3,200,NH0409,2.695120761,train_plus_released_a_x4,4.0,2.791513442993164,-0.09639268199316398,0.00929154914183524
3,200,NH0410,2.616322273,train_plus_released_a_x4,4.0,2.6251423358917236,-0.008820062891723435,7.779350941395676e-05
3,200,NH0411,2.752271394,train_plus_released_a_x4,4.0,2.891228437423706,-0.13895704342370596,0.019309059917057704
3,200,NH0412,2.803718345,train_plus_released_a_x4,4.0,2.693976402282715,0.10974194271728521,0.01204329399136391
3,200,NH0413,3.175965981,train_plus_released_a_x4,4.0,3.040975570678711,0.1349904103212891,0.01822241087871
3,200,NH0414,3.29324167,train_plus_released_a_x4,4.0,3.1386053562164307,0.15463631378356935,0.023912389540570518
3,200,NH0415,3.159180693,train_plus_released_a_x4,4.0,2.9580039978027344,0.20117669519726578,0.04047206269049358
3,200,NH0416,2.578570172,train_plus_released_a_x4,4.0,2.641770124435425,-0.06319995243542476,0.003994233987839951
3,200,NH0417,2.813467641,train_plus_released_a_x4,4.0,2.8708579540252686,-0.05739031302526865,0.00329364802913832
3,200,NH0418,2.611633907,train_plus_released_a_x4,4.0,2.726757287979126,-0.11512338097912611,0.013253392848065015
3,200,NH0419,2.75010842,train_plus_released_a_x4,4.0,2.6387064456939697,0.11140197430603038,0.012410399879281454
3,200,NH0420,2.75360775,train_plus_released_a_x4,4.0,2.8019540309906006,-0.048346280990600565,0.0023373628856221055
3,200,NH0421,2.701061457,train_plus_released_a_x4,4.0,2.7912540435791016,-0.09019258657910134,0.008134702673828691
3,200,NH0422,2.65329573,train_plus_released_a_x4,4.0,2.6839325428009033,-0.030636812800903357,0.0009386142985975958
3,200,NH0423,3.346605278,train_plus_released_a_x4,4.0,3.1967544555664062,0.14985082243359393,0.022455268984024498
3,200,NH0424,2.447746466,train_plus_released_a_x4,4.0,2.571760654449463,-0.12401418844946299,0.01537951893677892
3,200,NH0425,2.719141383,train_plus_released_a_x4,4.0,2.7061679363250732,0.012973446674926947,0.00016831031862717306
3,200,NH0426,2.696214682,train_plus_released_a_x4,4.0,2.5862009525299072,0.11001372947009269,0.012103020671918742
3,200,NH0427,2.949469958,train_plus_released_a_x4,4.0,2.834439516067505,0.11503044193249501,0.013232002571185106
3,200,NH0428,3.212863447,train_plus_released_a_x4,4.0,3.097503662109375,0.11535978489062515,0.013307879970011307
3,200,NH0429,2.387920057,train_plus_released_a_x4,4.0,2.752782106399536,-0.36486204939953604,0.1331243150920295
3,200,NH0430,2.308694788,train_plus_released_a_x4,4.0,2.5449414253234863,-0.23624663732348639,0.05581247364665491
3,200,NH0431,2.537668098,train_plus_released_a_x4,4.0,2.6332902908325195,-0.09562219283251938,0.00914360376209952
3,200,NH0433,2.708129697,train_plus_released_a_x4,4.0,2.853945732116699,-0.14581603511669927,0.021262316097154475
3,200,NH0434,2.628016375,train_plus_released_a_x4,4.0,2.68631649017334,-0.05830011517333977,0.0033989034292246823
3,200,NH0435,3.09767117,train_plus_released_a_x4,4.0,3.12604022026062,-0.0283690502606202,0.000804803012689595
3,200,NH0436,2.880000098,train_plus_released_a_x4,4.0,2.8254897594451904,0.05451033855480958,0.0029713770093599597
3,200,NH0437,2.914281273,train_plus_released_a_x4,4.0,3.114410638809204,-0.20012936580920426,0.0400517630591943
3,200,NH0438,2.645410258,train_plus_released_a_x4,4.0,2.7046010494232178,-0.059190791423217703,0.0035035497893068624
3,200,NH0439,3.274820186,train_plus_released_a_x4,4.0,3.1418673992156982,0.13295278678430167,0.01767644351371198
3,200,NH0440,3.246150799,train_plus_released_a_x4,4.0,3.120154619216919,0.12599617978308109,0.01587503731993049
3,200,NH0441,2.658125917,train_plus_released_a_x4,4.0,2.6785619258880615,-0.02043600888806152,0.00041763045927292936
3,200,NH0442,3.138058588,train_plus_released_a_x4,4.0,3.0596139430999756,0.07844464490002423,0.006153562313490898
3,200,NH0443,2.710924833,train_plus_released_a_x4,4.0,2.725224733352661,-0.014299900352661155,0.00020448715009603862
3,200,NH0444,2.874962922,train_plus_released_a_x4,4.0,2.867291212081909,0.007671709918090741,5.8855133067331844e-05
3,200,NH0445,2.807523716,train_plus_released_a_x4,4.0,2.763849973678589,0.04367374232141108,0.0019073957683570133
3,200,NH0446,2.935182553,train_plus_released_a_x4,4.0,2.874082565307617,0.06109998769238301,0.0037332084960093547
3,200,NH0447,2.571583193,train_plus_released_a_x4,4.0,2.626474618911743,-0.05489142591174323,0.0030130686386243962
3,200,NH0448,3.23671028,train_plus_released_a_x4,4.0,3.114309310913086,0.12240096908691411,0.014981997233415704
3,200,NH0449,2.695764159,train_plus_released_a_x4,4.0,2.7033016681671143,-0.007537509167114376,5.681404444433325e-05
3,200,NH0450,2.993408496,train_plus_released_a_x4,4.0,3.0701205730438232,-0.07671207704382343,0.005884742764377502
3,200,NH0451,2.67676164,train_plus_released_a_x4,4.0,3.0142977237701416,-0.33753608377014155,0.11393060784688401
3,200,NH0452,2.375949973,train_plus_released_a_x4,4.0,2.5875766277313232,-0.21162665473132325,0.0447858409927707
3,200,NH0453,2.504401379,train_plus_released_a_x4,4.0,2.7342145442962646,-0.22981316529626472,0.05281409094348829
3,200,NH0454,3.052872795,train_plus_released_a_x4,4.0,3.0748279094696045,-0.02195511446960463,0.0004820270513734426
3,200,NH0455,2.591299102,train_plus_released_a_x4,4.0,2.811906099319458,-0.2206069973194582,0.048667447266307444
3,200,NH0456,3.160896045,train_plus_released_a_x4,4.0,3.0238075256347656,0.13708851936523425,0.018793262141752205
3,200,NH0457,2.672071019,train_plus_released_a_x4,4.0,2.662111520767212,0.009959498232788189,9.919160504891106e-05
3,200,NH0458,2.995717428,train_plus_released_a_x4,4.0,2.8650341033935547,0.13068332460644516,0.017078131330193515
3,200,NH0459,2.54570136,train_plus_released_a_x4,4.0,2.5070278644561768,0.038673495543823044,0.0014956392575781008
3,200,NH0460,2.768935136,train_plus_released_a_x4,4.0,2.8012707233428955,-0.03233558734289543,0.0010455902088100193
3,200,NH0461,2.479373758,train_plus_released_a_x4,4.0,2.6606624126434326,-0.1812886546434327,0.03286557630242581
3,200,NH0462,2.857188439,train_plus_released_a_x4,4.0,2.9375007152557373,-0.08031227625573711,0.006450061717377835
3,200,NH0463,2.689719568,train_plus_released_a_x4,4.0,2.817457914352417,-0.12773834635241688,0.016317085128850013
