row_index,ID,missing_count,missing_rate,all_missing_operations,partial_missing_operations,Y,Tool,highest_missing_operation,highest_operation_missing_rate
0,NH0995,1,0.00038211692777990065,0,1,2.814025348484583,O,311,0.007633587786259542
1,NH0996,0,0.0,0,0,2.78295470454625,O,210,0.0
2,NH0997,5,0.0019105846388995033,0,1,2.7259733598475004,O,311,0.03816793893129771
3,NH0998,0,0.0,0,0,2.7947683712120837,O,210,0.0
4,NH0999,3,0.0011463507833397019,0,1,2.787539200757083,N,311,0.022900763358778626
5,NH1000,2,0.0007642338555598013,0,2,2.5691751628791666,L,300,0.2
6,NH1001,78,0.02980512036683225,0,1,2.9658237234845823,N,344,0.4755244755244755
7,NH1001,78,0.02980512036683225,0,1,2.9658237234845823,O,344,0.4755244755244755
8,NH1002,78,0.02980512036683225,0,1,2.7739209507579163,L,344,0.4755244755244755
9,NH1002,78,0.02980512036683225,0,1,2.7739209507579163,O,344,0.4755244755244755
10,NH1003,83,0.03171570500573175,0,2,3.1972194621212506,N,344,0.4755244755244755
11,NH1003,83,0.03171570500573175,0,2,3.1972194621212506,O,344,0.4755244755244755
12,NH1004,79,0.030187237294612153,0,2,3.112323340909583,N,344,0.4755244755244755
13,NH1004,79,0.030187237294612153,0,2,3.112323340909583,O,344,0.4755244755244755
14,NH1005,74,0.028276652655712647,0,2,2.756221803030417,L,300,0.4
15,NH1006,72,0.027512418800152847,0,1,3.122650814393333,M,312,0.16400911161731208
16,NH1007,73,0.027894535727932747,0,2,2.9521636515150003,L,300,0.2
17,NH1008,73,0.027894535727932747,0,2,3.0680799873733338,M,300,0.2
18,NH1009,72,0.027512418800152847,0,1,2.652616911615555,L,312,0.16400911161731208
19,NH1010,73,0.027894535727932747,0,2,2.954648253787917,M,312,0.16400911161731208
20,NH1011,73,0.027894535727932747,0,2,2.739788863636666,L,312,0.16400911161731208
21,NH1012,72,0.027512418800152847,0,1,2.908289215909583,M,312,0.16400911161731208
22,NH1013,73,0.027894535727932747,0,2,2.911308340909167,M,312,0.16400911161731208
23,NH1014,2,0.0007642338555598013,0,2,2.777979219696667,O,300,0.2
24,NH1015,2,0.0007642338555598013,0,1,2.5617208522729173,O,311,0.015267175572519083
25,NH1016,1,0.00038211692777990065,0,1,2.7517345643929176,O,311,0.007633587786259542
26,NH1017,1,0.00038211692777990065,0,1,3.0183430984837494,O,311,0.007633587786259542
27,NH1018,2,0.0007642338555598013,0,2,2.6919653901504166,O,300,0.2
28,NH1019,1,0.00038211692777990065,0,1,2.7220047992416667,O,311,0.007633587786259542
29,NH1020,0,0.0,0,0,2.7690984053041667,O,210,0.0
30,NH1021,3,0.0011463507833397019,0,2,2.6494786287883336,M,300,0.4
31,NH1022,2,0.0007642338555598013,0,2,2.9623063106049994,L,300,0.2
32,NH1023,0,0.0,0,0,2.732028564394167,M,210,0.0
33,NH1024,0,0.0,0,0,2.9472456704550005,L,210,0.0
34,NH1024,0,0.0,0,0,2.9472456704550005,O,210,0.0
35,NH1025,2,0.0007642338555598013,0,1,2.8777555227262495,L,311,0.015267175572519083
36,NH1025,2,0.0007642338555598013,0,1,2.8777555227262495,O,311,0.015267175572519083
37,NH1026,1,0.00038211692777990065,0,1,2.97545093181875,N,311,0.007633587786259542
38,NH1026,1,0.00038211692777990065,0,1,2.97545093181875,O,311,0.007633587786259542
39,NH1027,4,0.0015284677111196026,0,1,2.7831303106066674,N,311,0.030534351145038167
40,NH1027,4,0.0015284677111196026,0,1,2.7831303106066674,O,311,0.030534351145038167
41,NH1028,0,0.0,0,0,2.8341194166654167,L,210,0.0
42,NH1028,0,0.0,0,0,2.8341194166654167,O,210,0.0
43,NH1029,1,0.00038211692777990065,0,1,3.133830560605,N,311,0.007633587786259542
44,NH1029,1,0.00038211692777990065,0,1,3.133830560605,O,311,0.007633587786259542
45,NH1030,1,0.00038211692777990065,0,1,2.845201545454583,N,311,0.007633587786259542
46,NH1030,1,0.00038211692777990065,0,1,2.845201545454583,O,311,0.007633587786259542
47,NH1031,0,0.0,0,0,2.8045438106054172,L,210,0.0
48,NH1031,0,0.0,0,0,2.8045438106054172,O,210,0.0
49,NH1032,3,0.0011463507833397019,0,2,3.2915247045458336,L,300,0.2
50,NH1032,3,0.0011463507833397019,0,2,3.2915247045458336,O,300,0.2
51,NH1033,1,0.00038211692777990065,0,1,2.9680374696983334,N,300,0.2
52,NH1033,1,0.00038211692777990065,0,1,2.9680374696983334,O,300,0.2
53,NH1034,0,0.0,0,0,2.864424124999583,L,210,0.0
54,NH1034,0,0.0,0,0,2.864424124999583,O,210,0.0
55,NH1035,4,0.0015284677111196026,0,1,3.172917340909583,N,311,0.030534351145038167
56,NH1035,4,0.0015284677111196026,0,1,3.172917340909583,O,311,0.030534351145038167
57,NH1036,1,0.00038211692777990065,0,1,2.999257371212083,N,311,0.007633587786259542
58,NH1036,1,0.00038211692777990065,0,1,2.999257371212083,O,311,0.007633587786259542
59,NH1037,1,0.00038211692777990065,0,1,3.03760101515125,L,311,0.007633587786259542
60,NH1038,0,0.0,0,0,2.698237117424167,N,210,0.0
61,NH1039,1,0.00038211692777990065,0,1,2.4650328371208334,M,311,0.007633587786259542
62,NH1040,1,0.00038211692777990065,0,1,3.1022917840904163,L,311,0.007633587786259542
63,NH1041,1,0.00038211692777990065,0,1,2.7737916401516665,O,311,0.007633587786259542
64,NH1042,0,0.0,0,0,2.5935001388886105,L,210,0.0
65,NH1043,1,0.00038211692777990065,0,1,2.6239309191916664,L,311,0.007633587786259542
66,NH1044,6,0.0022927015666794038,0,1,2.6159792247480556,L,311,0.04580152671755725
67,NH1045,1,0.00038211692777990065,0,1,2.6250939318183333,O,311,0.007633587786259542
68,NH1046,0,0.0,0,0,2.701172087120833,O,210,0.0
69,NH1047,0,0.0,0,0,2.7164298371212494,O,210,0.0
70,NH1048,1,0.00038211692777990065,0,1,2.7741930568175,O,311,0.007633587786259542
71,NH1049,2,0.0007642338555598013,0,2,2.578657691919722,L,300,0.2
72,NH1050,1,0.00038211692777990065,0,1,2.8985573611116666,N,311,0.007633587786259542
73,NH1051,0,0.0,0,0,3.2414208611108335,M,210,0.0
74,NH1052,79,0.030187237294612153,0,2,2.987806723485,L,344,0.4755244755244755
75,NH1053,78,0.02980512036683225,0,1,2.86922614015125,N,344,0.4755244755244755
76,NH1054,81,0.030951471150171952,0,2,2.9176920505052766,J,300,0.6
77,NH1055,78,0.02980512036683225,0,1,2.6812416590913895,J,344,0.4755244755244755
78,NH1056,78,0.02980512036683225,0,1,2.8710524797972212,J,344,0.4755244755244755
79,NH1057,78,0.02980512036683225,0,1,2.9321518409091665,J,344,0.4755244755244755
80,NH1058,79,0.030187237294612153,0,2,2.8585481189389994,J,344,0.4755244755244755
81,NH1059,79,0.030187237294612153,0,2,3.1675753939404174,J,344,0.4755244755244755
82,NH1060,78,0.02980512036683225,0,1,2.7381041560605417,N,344,0.4755244755244755
83,NH1061,79,0.030187237294612153,0,2,3.1726480151512497,L,344,0.4755244755244755
84,NH1062,78,0.02980512036683225,0,1,2.903242549242084,N,344,0.4755244755244755
85,NH1063,79,0.030187237294612153,0,2,2.9117059848487505,L,344,0.4755244755244755
86,NH1064,79,0.030187237294612153,0,2,2.9427593295454164,N,344,0.4755244755244755
87,NH1065,4,0.0015284677111196026,0,2,2.6342583977283334,M,311,0.022900763358778626
88,NH1068,79,0.030187237294612153,0,2,3.315515136364166,N,344,0.4755244755244755
89,NH1068,79,0.030187237294612153,0,2,3.315515136364166,O,344,0.4755244755244755
90,NH1069,79,0.030187237294612153,0,2,3.190142772727084,O,344,0.4755244755244755
91,NH1070,78,0.02980512036683225,0,1,2.8489684166679163,N,344,0.4755244755244755
92,NH1070,78,0.02980512036683225,0,1,2.8489684166679163,O,344,0.4755244755244755
93,NH1071,78,0.02980512036683225,0,1,2.968626496211667,N,344,0.4755244755244755
94,NH1071,78,0.02980512036683225,0,1,2.968626496211667,O,344,0.4755244755244755
95,NH1072,79,0.030187237294612153,0,2,2.833847981060416,N,344,0.4755244755244755
96,NH1072,79,0.030187237294612153,0,2,2.833847981060416,O,344,0.4755244755244755
97,NH1073,121,0.04623614826136798,0,1,2.7974188749995834,N,311,0.9236641221374046
98,NH1074,5,0.0019105846388995033,0,1,2.9144939356058335,N,311,0.03816793893129771
99,NH1075,1,0.00038211692777990065,0,1,2.6902861060604986,J,311,0.007633587786259542
100,NH1076,2,0.0007642338555598013,0,2,2.5707335818185,J,300,0.2
101,NH1077,2,0.0007642338555598013,0,1,2.805351297979444,J,311,0.015267175572519083
102,NH1078,2,0.0007642338555598013,0,1,2.4777652575758333,N,311,0.015267175572519083
103,NH1079,83,0.03171570500573175,0,2,2.9313184583325,N,344,0.4755244755244755
104,NH1079,83,0.03171570500573175,0,2,2.9313184583325,O,344,0.4755244755244755
105,NH1080,2,0.0007642338555598013,0,2,2.855838647726667,N,300,0.2
106,NH1081,3,0.0011463507833397019,0,2,2.523999419192222,N,300,0.2
107,NH1082,3,0.0011463507833397019,0,2,2.487453719696667,L,300,0.4
108,NH1083,2,0.0007642338555598013,0,2,2.8043310757572226,N,300,0.2
109,NH1084,2,0.0007642338555598013,0,2,3.018355268938333,L,300,0.2
110,NH1085,1,0.00038211692777990065,0,1,3.1800548977274996,L,311,0.007633587786259542
111,NH1086,2,0.0007642338555598013,0,2,2.814487545454167,L,300,0.2
112,NH1087,1,0.00038211692777990065,0,1,3.051406034090833,M,300,0.2
113,NH1088,0,0.0,0,0,2.6765812348487494,N,210,0.0
114,NH1089,4,0.0015284677111196026,0,1,2.592809897726667,L,311,0.030534351145038167
115,NH1090,0,0.0,0,0,2.9624291401516665,M,210,0.0
116,NH1091,2,0.0007642338555598013,0,1,2.7214452386375,M,300,0.4
117,NH1092,1,0.00038211692777990065,0,1,2.9688508787875003,M,440A,0.005025125628140704
118,NH1093,2,0.0007642338555598013,0,2,2.8608070643945824,L,311,0.007633587786259542
119,NH1094,6,0.0022927015666794038,0,2,2.5178163598487497,N,311,0.03816793893129771
120,NH1095,2,0.0007642338555598013,0,1,2.5500920277777785,L,311,0.015267175572519083
121,NH1096,2,0.0007642338555598013,0,1,2.552244474747501,N,311,0.015267175572519083
122,NH1097,0,0.0,0,0,2.836407742424167,M,210,0.0
123,NH1098,0,0.0,0,0,2.6806118358586115,M,210,0.0
124,NH1099,4,0.0015284677111196026,0,2,2.7470737393934996,L,300,0.4
125,NH1100,5,0.0019105846388995033,0,2,2.613716775253056,N,300,0.2
126,NH1101,2,0.0007642338555598013,0,2,2.633580800505278,N,300,0.2
127,NH1102,1,0.00038211692777990065,0,1,2.7202946388888884,M,300,0.2
128,NH1103,5,0.0019105846388995033,0,2,2.8136469898988885,L,300,0.2
129,NH1113,1,0.00038211692777990065,0,1,2.652038446969444,M,300,0.2
130,NH1114,2,0.0007642338555598013,0,2,2.733161914140833,L,300,0.2
131,NH1115,0,0.0,0,0,2.526530335858333,M,210,0.0
132,NH1116,1,0.00038211692777990065,0,1,2.9667710909095826,L,311,0.007633587786259542
133,NH1117,0,0.0,0,0,2.7098851704545828,N,210,0.0
134,NH1118,0,0.0,0,0,2.7538493560604165,M,210,0.0
135,NH1119,1,0.00038211692777990065,0,1,3.29365796590875,M,311,0.007633587786259542
136,NH1120,0,0.0,0,0,2.7279106325754165,L,210,0.0
137,NH1121,1,0.00038211692777990065,0,1,3.2124454507579174,M,300,0.2
138,NH1122,2,0.0007642338555598013,0,1,2.3921322121216675,L,311,0.015267175572519083
139,NH1123,0,0.0,0,0,3.264484170454166,M,210,0.0
140,NH1124,1,0.00038211692777990065,0,1,2.7818008939391663,L,520,0.004424778761061947
141,NH1125,82,0.031333588077951856,0,4,3.2393273674245835,M,344,0.4755244755244755
142,NH1126,81,0.030951471150171952,0,4,2.618883136363333,L,344,0.4755244755244755
143,NH1127,80,0.030569354222392053,0,3,3.1488693787883326,M,344,0.4755244755244755
144,NH1128,2,0.0007642338555598013,0,2,2.5942918219704163,N,300,0.2
145,NH1130,0,0.0,0,0,2.7431731477270835,N,210,0.0
146,NH1132,1,0.00038211692777990065,0,1,3.1591416590908334,M,311,0.007633587786259542
147,NH1133,0,0.0,0,0,2.74665581060625,N,210,0.0
148,NH1134,4,0.0015284677111196026,0,2,2.6965673181816667,N,300,0.4
149,NH1135,10,0.0038211692777990066,0,1,2.9741608068174994,M,311,0.07633587786259542
150,NH1137,1,0.00038211692777990065,0,1,2.8555435560605003,M,311,0.007633587786259542
151,NH1138,1,0.00038211692777990065,0,1,2.5095889116158334,M,300,0.2
152,NH1138,1,0.00038211692777990065,0,1,2.5095889116158334,N,300,0.2
153,NH1139,1,0.00038211692777990065,0,1,2.617799515150833,L,300,0.2
154,NH1141,1,0.00038211692777990065,0,1,2.668283753787917,N,300,0.2
155,NH1142,1,0.00038211692777990065,0,1,2.627527598485417,L,311,0.007633587786259542
156,NH1143,1,0.00038211692777990065,0,1,2.8601576022733335,L,311,0.007633587786259542
157,NH1144,0,0.0,0,0,2.9515814280295825,M,210,0.0
158,NH1145,1,0.00038211692777990065,0,1,2.5928440404038886,M,300,0.2
159,NH1146,1,0.00038211692777990065,0,1,2.5724187297988883,M,300,0.2
160,NH1148,81,0.030951471150171952,0,2,2.865092530302916,N,344,0.4755244755244755
161,NH1149,79,0.030187237294612153,0,2,2.739402219697084,N,344,0.4755244755244755
162,NH1150,78,0.02980512036683225,0,1,2.634898049242916,N,344,0.4755244755244755
163,NH1151,78,0.02980512036683225,0,1,2.836436151515833,N,344,0.4755244755244755
164,NH1152,78,0.02980512036683225,0,1,2.9519707462124996,N,344,0.4755244755244755
165,NH1153,78,0.02980512036683225,0,1,2.7456383219699996,N,344,0.4755244755244755
166,NH1156,3,0.0011463507833397019,0,2,2.598219439394167,N,300,0.2
167,NH1157,2,0.0007642338555598013,0,2,2.775934757576249,N,300,0.2
168,NH1158,78,0.02980512036683225,0,1,2.71284021212125,N,344,0.4755244755244755
169,NH1159,3,0.0011463507833397019,0,1,2.3614148964647224,N,311,0.022900763358778626
170,NH1160,0,0.0,0,0,2.563641179292777,L,210,0.0
171,NH1161,1,0.00038211692777990065,0,1,3.0850511969702774,M,311,0.007633587786259542
172,NH1162,0,0.0,0,0,2.377519378788334,N,210,0.0
173,NH1163,0,0.0,0,0,2.9036894772724997,M,210,0.0
174,NH1164,1,0.00038211692777990065,0,1,2.7416257196975,M,300,0.2
175,NH1165,5,0.0019105846388995033,0,1,2.902701965909583,M,311,0.03816793893129771
176,NH1166,78,0.02980512036683225,0,1,2.8122027689391667,L,344,0.4755244755244755
177,NH1167,80,0.030569354222392053,0,3,2.7599964242424995,N,344,0.4755244755244755
178,NH1168,79,0.030187237294612153,0,2,2.6533689318191667,L,344,0.4755244755244755
179,NH1169,79,0.030187237294612153,0,2,3.2295151969700013,M,344,0.4755244755244755
180,NH1170,78,0.02980512036683225,0,1,2.942394416667917,L,344,0.4755244755244755
181,NH1171,79,0.030187237294612153,0,2,3.0900070151504173,L,344,0.4755244755244755
182,NH1172,79,0.030187237294612153,0,2,2.7757624659091675,L,344,0.4755244755244755
183,NH1173,79,0.030187237294612153,0,2,2.8191184810608334,L,344,0.4755244755244755
184,NH1174,80,0.030569354222392053,0,3,2.7429639583337497,L,344,0.4755244755244755
185,NH1176,1,0.00038211692777990065,0,1,2.963629511363333,L,311,0.007633587786259542
186,NH1177,3,0.0011463507833397019,0,2,3.127391098485834,M,300,0.2
187,NH1178,124,0.047382499044707684,0,3,2.9360859280312503,L,420,0.9516129032258065
188,NH1179,119,0.045471914405808174,0,2,2.7739959431808336,N,420,0.9516129032258065
189,NH1182,79,0.030187237294612153,0,2,2.8417227840908326,M,344,0.4755244755244755
190,NH1183,80,0.030569354222392053,0,2,3.3534207499999997,M,344,0.4755244755244755
191,NH1184,80,0.030569354222392053,0,3,3.0837863863637507,M,344,0.4755244755244755
192,NH1185,78,0.02980512036683225,0,1,3.0111420492420833,M,344,0.4755244755244755
193,NH1186,78,0.02980512036683225,0,1,3.1685883068179166,L,344,0.4755244755244755
194,NH1187,0,0.0,0,0,2.7213495416662496,N,210,0.0
195,NH1188,1,0.00038211692777990065,0,1,2.6928653446966666,N,300,0.2
196,NH1189,1,0.00038211692777990065,0,1,2.6151665757570832,N,311,0.007633587786259542
197,NH1190,1,0.00038211692777990065,0,1,2.93180026515125,M,311,0.007633587786259542
198,NH1193,79,0.030187237294612153,0,2,2.980213986741667,M,344,0.4755244755244755
199,NH1194,81,0.030951471150171952,0,3,2.8314966515154163,L,344,0.4755244755244755
200,NH1195,78,0.02980512036683225,0,1,2.7425498750008326,M,344,0.4755244755244755
201,NH1200,121,0.04623614826136798,0,1,2.57877350000125,L,311,0.9236641221374046
202,NH1201,121,0.04623614826136798,0,1,2.749707674242501,N,311,0.9236641221374046
203,NH1202,1,0.00038211692777990065,0,1,2.629675180343189,N,311,0.007633587786259542
204,NH1203,1,0.00038211692777990065,0,1,2.5988320479797227,M,311,0.007633587786259542
205,NH1204,1,0.00038211692777990065,0,1,2.3574198009824325,L,311,0.007633587786259542
206,NH1205,0,0.0,0,0,2.572338515151667,N,210,0.0
207,NH1206,1,0.00038211692777990065,0,1,2.687268465907917,L,311,0.007633587786259542
208,NH1207,0,0.0,0,0,2.6291659810591668,M,210,0.0
209,NH1219,122,0.04661826518914788,0,2,2.9587360151520823,M,311,0.9236641221374046
210,NH1220,1,0.00038211692777990065,0,1,2.9672830025250003,L,300,0.2
211,NH1221,2,0.0007642338555598013,0,1,2.643035222221944,N,311,0.015267175572519083
212,NH1222,0,0.0,0,0,3.0194293863636106,M,210,0.0
213,NH1223,0,0.0,0,0,3.0404031515145826,L,210,0.0
214,NH1225,2,0.0007642338555598013,0,2,2.8717347196962506,L,300,0.2
215,NH1226,0,0.0,0,0,2.5619430681829165,N,210,0.0
216,NH1227,1,0.00038211692777990065,0,1,2.976135439395,L,311,0.007633587786259542
217,NH1228,0,0.0,0,0,2.5142494621208336,N,210,0.0
218,NH1229,1,0.00038211692777990065,0,1,3.0191763598487498,N,311,0.007633587786259542
219,NH1231,1,0.00038211692777990065,0,1,2.6904530774407402,M,311,0.007633587786259542
220,NH1236,0,0.0,0,0,2.8226209318179167,N,210,0.0
221,NH1237,0,0.0,0,0,2.6849211477270836,M,210,0.0
222,NH1239,2,0.0007642338555598013,0,1,2.676292512626111,N,311,0.015267175572519083
223,NH1240,0,0.0,0,0,3.0709346388886116,M,210,0.0
224,NH1241,1,0.00038211692777990065,0,1,2.9817649848483327,N,300,0.2
225,NH1242,0,0.0,0,0,3.08223808712125,M,210,0.0
226,NH1243,2,0.0007642338555598013,0,1,2.6136988535347228,L,311,0.015267175572519083
227,NH1244,1,0.00038211692777990065,0,1,2.6863285833333332,L,311,0.007633587786259542
228,NH1245,0,0.0,0,0,2.769121068182084,M,210,0.0
229,NH1246,0,0.0,0,0,2.3859403901512497,N,210,0.0
230,NH1247,0,0.0,0,0,2.536356874999166,N,210,0.0
231,NH1248,0,0.0,0,0,2.837624732323611,L,210,0.0
232,NH1249,1,0.00038211692777990065,0,1,2.5249590732322225,N,311,0.007633587786259542
233,NH1250,5,0.0019105846388995033,0,1,2.5162415555561113,M,311,0.03816793893129771
234,NH1252,79,0.030187237294612153,0,2,3.126440696969666,L,344,0.4755244755244755
235,NH1253,297,0.1134887275506305,0,3,2.8340224621213883,N,520,0.9601769911504425
236,NH1254,3,0.0011463507833397019,0,2,3.004899825757777,M,311,0.015267175572519083
237,NH1255,1,0.00038211692777990065,0,1,2.7242681792936114,L,311,0.007633587786259542
238,NH1256,0,0.0,0,0,2.8328890353527774,M,210,0.0
239,NH1257,1,0.00038211692777990065,0,1,2.831951083332778,M,400,0.007692307692307693
240,NH1258,1,0.00038211692777990065,0,1,2.654602325757222,L,311,0.007633587786259542
241,NH1259,1,0.00038211692777990065,0,1,3.1357789444447226,N,311,0.007633587786259542
242,NH1260,1,0.00038211692777990065,0,1,2.6399200227275,N,440A,0.005025125628140704
243,NH1261,2,0.0007642338555598013,0,2,2.472241170454583,N,300,0.2
244,NH1262,2,0.0007642338555598013,0,2,2.4691630643929168,N,311,0.007633587786259542
245,NH1263,1,0.00038211692777990065,0,1,2.296183890152083,N,440A,0.005025125628140704
246,NH1264,3,0.0011463507833397019,0,3,2.4585983143933334,N,300,0.2
247,NH1265,5,0.0019105846388995033,0,2,2.7016733560620825,N,311,0.030534351145038167
248,NH1266,1,0.00038211692777990065,0,1,2.468450204545833,N,440A,0.005025125628140704
249,NH1267,1,0.00038211692777990065,0,1,2.5241426553024997,N,311,0.007633587786259542
250,NH1268,1,0.00038211692777990065,0,1,2.5759929696966672,N,311,0.007633587786259542
251,NH1269,0,0.0,0,0,2.5378497500000003,N,210,0.0
252,NH1271,0,0.0,0,0,2.506554670455417,N,210,0.0
253,NH1272,0,0.0,0,0,2.941386454545417,M,210,0.0
254,NH1273,0,0.0,0,0,2.850796257575001,M,210,0.0
255,NH1277,0,0.0,0,0,2.7712728068183337,M,210,0.0
256,NH1278,0,0.0,0,0,2.7603419734845835,N,210,0.0
257,NH1279,0,0.0,0,0,2.854402593433611,L,210,0.0
258,NH1280,6,0.0022927015666794038,0,1,2.643564111111388,N,311,0.04580152671755725
259,NH1281,1,0.00038211692777990065,0,1,2.4853121843427775,M,311,0.007633587786259542
260,NH1282,1,0.00038211692777990065,0,1,2.623553575758333,N,300,0.2
261,NH1283,0,0.0,0,0,2.453483984847917,N,210,0.0
262,NH1284,1,0.00038211692777990065,0,1,2.4937691704554164,N,300,0.2
263,NH1285,0,0.0,0,0,2.531765268939167,N,210,0.0
264,NH1286,1,0.00038211692777990065,0,1,2.569353840909167,N,311,0.007633587786259542
265,NH1287,1,0.00038211692777990065,0,1,2.4672966704549997,N,311,0.007633587786259542
266,NH1288,73,0.027894535727932747,0,2,2.745617397727917,M,312,0.16400911161731208
267,NH1289,73,0.027894535727932747,0,2,2.8609133787891667,L,312,0.16400911161731208
268,NH1290,73,0.027894535727932747,0,2,2.6928882613641667,L,312,0.16400911161731208
269,NH1291,76,0.02904088651127245,0,2,2.8228221780299996,M,312,0.16400911161731208
270,NH1292,1,0.00038211692777990065,0,1,2.6127516944444453,N,311,0.007633587786259542
271,NH1293,0,0.0,0,0,2.493363959596666,M,210,0.0
272,NH1294,0,0.0,0,0,2.7839180277775006,L,210,0.0
273,NH1295,1,0.00038211692777990065,0,1,2.5581307499999992,N,311,0.007633587786259542
274,NH1296,0,0.0,0,0,2.6449486590916664,N,210,0.0
275,NH1297,1,0.00038211692777990065,0,1,2.486670829545,M,400,0.007692307692307693
276,NH1298,6,0.0022927015666794038,0,1,2.6032306893933335,N,311,0.04580152671755725
277,NH1299,0,0.0,0,0,2.55315451894,M,210,0.0
278,NH1300,1,0.00038211692777990065,0,1,2.615341871212083,M,311,0.007633587786259542
279,NH1301,2,0.0007642338555598013,0,2,2.7468906780295828,L,300,0.2
280,NH1302,0,0.0,0,0,3.014583128788751,N,210,0.0
281,NH1303,73,0.027894535727932747,0,2,2.4516604166666665,N,312,0.16400911161731208
282,NH1306,0,0.0,0,0,2.5635624797980565,N,210,0.0
283,NH1309,0,0.0,0,0,2.57859885606,N,210,0.0
284,NH1310,1,0.00038211692777990065,0,1,2.8150244583333346,N,311,0.007633587786259542
285,NH1311,118,0.04508979747802828,0,1,2.6374902689395836,N,420,0.9516129032258065
286,NH1312,2,0.0007642338555598013,0,1,2.9368905568179167,N,311,0.015267175572519083
287,NH1314,121,0.04623614826136798,0,1,2.688623280302917,N,311,0.9236641221374046
288,NH1316,0,0.0,0,0,2.5534413068183337,M,210,0.0
289,NH1317,0,0.0,0,0,2.550327037878333,M,210,0.0
290,NH1318,0,0.0,0,0,2.7490894924241664,M,210,0.0
291,NH1319,1,0.00038211692777990065,0,1,2.64879105681875,N,311,0.007633587786259542
292,NH1321,0,0.0,0,0,2.472396916666667,M,210,0.0
293,NH1322,0,0.0,0,0,2.8165363030316675,L,210,0.0
294,NH1322,0,0.0,0,0,2.8165363030316675,L,210,0.0
295,NH1323,1,0.00038211692777990065,0,1,2.5266099848475,N,311,0.007633587786259542
296,NH1323,1,0.00038211692777990065,0,1,2.5266099848475,N,311,0.007633587786259542
297,NH1324,1,0.00038211692777990065,0,1,2.9338776060612504,M,400,0.007692307692307693
298,NH1324,2,0.0007642338555598013,0,2,2.9338776060612504,M,300,0.2
299,NH1325,0,0.0,0,0,2.6817118977270833,L,210,0.0
300,NH1326,0,0.0,0,0,2.5767791515150003,M,210,0.0
301,NH1327,1,0.00038211692777990065,0,1,2.477386280302916,L,400,0.007692307692307693
302,NH1328,4,0.0015284677111196026,0,2,2.4199650151525,M,300,0.4
303,NH1329,72,0.027512418800152847,0,1,2.662665681819167,L,312,0.16400911161731208
304,NH1330,74,0.028276652655712647,0,2,2.744171212121249,N,312,0.16400911161731208
305,NH1331,3,0.0011463507833397019,0,1,2.491312761364167,N,311,0.022900763358778626
306,NH1334,1,0.00038211692777990065,0,1,2.5767567424237505,N,311,0.007633587786259542
307,NH1335,6,0.0022927015666794038,0,2,3.0797070101005546,N,300,0.2
308,NH1336,0,0.0,0,0,2.6871744873736114,M,210,0.0
309,NH1337,0,0.0,0,0,2.9226101060613896,L,210,0.0
310,NH1338,119,0.045471914405808174,0,2,2.9221314431825003,M,420,0.9516129032258065
311,NH1339,5,0.0019105846388995033,0,1,2.6399382676763885,N,311,0.03816793893129771
312,NH1340,0,0.0,0,0,2.7187097020208335,M,210,0.0
313,NH1341,1,0.00038211692777990065,0,1,2.8546977247477785,L,311,0.007633587786259542
314,NH1342,72,0.027512418800152847,0,1,2.991576204545834,N,312,0.16400911161731208
315,NH1343,77,0.02942300343905235,0,3,2.693697265150833,M,300,0.2
316,NH1344,72,0.027512418800152847,0,1,2.6682699621208332,N,312,0.16400911161731208
317,NH1345,72,0.027512418800152847,0,1,2.617128162878333,M,312,0.16400911161731208
318,NH1346,73,0.027894535727932747,0,2,2.8472591401512504,M,312,0.16400911161731208
319,NH1347,73,0.027894535727932747,0,2,2.7911444242425,N,312,0.16400911161731208
320,NH1348,1,0.00038211692777990065,0,1,2.6559603181822227,N,311,0.007633587786259542
321,NH1349,1,0.00038211692777990065,0,1,2.7990816994947227,M,311,0.007633587786259542
322,NH1350,0,0.0,0,0,2.7984811085850003,L,210,0.0
323,NH1352,1,0.00038211692777990065,0,1,2.7900420984851406,N,311,0.007633587786259542
324,NH1353,1,0.00038211692777990065,0,1,2.6507707045455557,L,311,0.007633587786259542
325,NH1354,1,0.00038211692777990065,0,1,2.5145562550505547,N,311,0.007633587786259542
326,NH1356,72,0.027512418800152847,0,1,2.6516924090904164,N,312,0.16400911161731208
327,NH1357,75,0.02865876958349255,0,2,2.849412655302917,L,312,0.16400911161731208
328,NH1358,74,0.028276652655712647,0,2,2.738566556817916,N,312,0.16400911161731208
329,NH1359,72,0.027512418800152847,0,1,2.7056219431808333,L,312,0.16400911161731208
330,NH1360,0,0.0,0,0,2.920682946969167,L,210,0.0
331,NH1361,1,0.00038211692777990065,0,1,2.670264651515,N,220,0.011363636363636364
332,NH1362,1,0.00038211692777990065,0,1,2.5204641931825,M,311,0.007633587786259542
333,NH1363,3,0.0011463507833397019,0,2,2.8111716136362497,L,311,0.015267175572519083
334,NH1364,2,0.0007642338555598013,0,2,2.7324893257579177,N,311,0.007633587786259542
335,NH1365,1,0.00038211692777990065,0,1,2.4130399090912498,N,440A,0.005025125628140704
336,NH1366,5,0.0019105846388995033,0,2,2.8110285681816665,L,311,0.030534351145038167
337,NH1367,5,0.0019105846388995033,0,2,2.5282417234850003,L,311,0.030534351145038167
338,NH1368,1,0.00038211692777990065,0,1,2.9217660000004164,N,440A,0.005025125628140704
339,NH1371,3,0.0011463507833397019,0,1,2.6560071606063334,N,311,0.022900763358778626
340,NH1376,5,0.0019105846388995033,0,1,2.9502337462116666,N,311,0.03816793893129771
341,NH1377,6,0.0022927015666794038,0,2,3.017101999999166,N,311,0.03816793893129771
342,NH1378,0,0.0,0,0,2.6396423143937504,N,210,0.0
343,NH1379,2,0.0007642338555598013,0,1,2.427929627272333,L,311,0.015267175572519083
344,NH1380,1,0.00038211692777990065,0,1,2.5106332075753324,N,311,0.007633587786259542
345,NH1381,0,0.0,0,0,2.791738484848332,L,210,0.0
346,NH1382,2,0.0007642338555598013,0,1,2.5365751893945836,L,311,0.015267175572519083
347,NH1383,1,0.00038211692777990065,0,1,2.715058503788333,L,311,0.007633587786259542
348,NH1384,1,0.00038211692777990065,0,1,2.7460927310595826,L,311,0.007633587786259542
349,NH1385,0,0.0,0,0,2.677818651515833,N,210,0.0
350,NH1386,0,0.0,0,0,3.0376429507583333,L,210,0.0
351,NH1387,0,0.0,0,0,2.6446771856066666,N,210,0.0
352,NH1388,1,0.00038211692777990065,0,1,2.7922012689387503,M,400,0.007692307692307693
353,NH1389,0,0.0,0,0,2.744722598485416,L,210,0.0
354,NH1390,0,0.0,0,0,2.601928625,M,210,0.0
355,NH1391,0,0.0,0,0,3.0596034772720824,L,210,0.0
356,NH1392,1,0.00038211692777990065,0,1,2.6571546022733328,M,300,0.2
357,NH1393,1,0.00038211692777990065,0,1,2.7594724431812505,L,311,0.007633587786259542
358,NH1394,0,0.0,0,0,2.61070518939375,M,210,0.0
359,NH1396,289,0.11043179212839128,0,2,2.5963870378785012,N,520,0.9601769911504425
360,NH1397,292,0.11157814291173099,0,4,2.622993156565277,L,520,0.9601769911504425
361,NH1398,292,0.11157814291173099,0,3,2.8257200202024997,N,520,0.9601769911504425
362,NH1400,1,0.00038211692777990065,0,1,2.8297341931820834,N,311,0.007633587786259542
363,NH1401,2,0.0007642338555598013,0,1,2.51667469696875,M,311,0.015267175572519083
364,NH1402,0,0.0,0,0,2.7964503750012497,N,210,0.0
365,NH1403,0,0.0,0,0,2.6668114507575003,L,210,0.0
366,NH1404,0,0.0,0,0,2.76952707197,N,210,0.0
367,NH1405,1,0.00038211692777990065,0,1,2.5459914393941667,M,311,0.007633587786259542
368,NH1406,1,0.00038211692777990065,0,1,2.6985776186861115,N,311,0.007633587786259542
369,NH1407,0,0.0,0,0,2.3724959797983334,M,210,0.0
370,NH1408,2,0.0007642338555598013,0,2,2.9403473358586107,N,300,0.2
371,NH1409,1,0.00038211692777990065,0,1,2.9119232272733337,L,300,0.2
372,NH1410,3,0.0011463507833397019,0,1,2.5341386022729164,M,311,0.022900763358778626
373,NH1411,2,0.0007642338555598013,0,1,2.836565439392917,M,311,0.015267175572519083
374,NH1412,0,0.0,0,0,2.7662135151520832,L,210,0.0
375,NH1413,0,0.0,0,0,2.5141197272720834,M,210,0.0
376,NH1414,0,0.0,0,0,2.5805085795449996,M,210,0.0
377,NH1415,0,0.0,0,0,2.6120531174233337,M,210,0.0
378,NH1416,1,0.00038211692777990065,0,1,2.6666781780308337,M,311,0.007633587786259542
379,NH1420,0,0.0,0,0,2.88418860984875,N,210,0.0
380,NH1421,1,0.00038211692777990065,0,1,2.6350029640147916,M,311,0.007633587786259542
381,NH1422,0,0.0,0,0,2.732614287878125,M,210,0.0
382,NH1423,2,0.0007642338555598013,0,2,2.795841687499792,L,300,0.2
383,NH1424,2,0.0007642338555598013,0,2,2.603203013257291,M,300,0.2
384,NH1425,2,0.0007642338555598013,0,1,3.090623825757918,L,311,0.015267175572519083
385,NH1426,0,0.0,0,0,2.9159720511366674,L,210,0.0
386,NH1427,73,0.027894535727932747,0,2,2.572204270201666,L,312,0.16400911161731208
387,NH1428,73,0.027894535727932747,0,2,2.4962147626258337,L,312,0.16400911161731208
388,NH1429,72,0.027512418800152847,0,1,2.7701933131311107,L,312,0.16400911161731208
389,NH1430,0,0.0,0,0,2.598982184847709,N,210,0.0
390,NH1431,1,0.00038211692777990065,0,1,2.8693135707070834,L,300,0.2
391,NH1432,1,0.00038211692777990065,0,1,2.4809344823230552,M,311,0.007633587786259542
392,NH1433,0,0.0,0,0,2.8484010959591677,L,210,0.0
393,NH1434,1,0.00038211692777990065,0,1,2.8610414507566673,N,311,0.007633587786259542
394,NH1435,0,0.0,0,0,2.5875511931825,M,210,0.0
395,NH1436,0,0.0,0,0,2.9314942272737503,N,210,0.0
396,NH1437,0,0.0,0,0,2.4572546287883332,M,210,0.0
397,NH1438,3,0.0011463507833397019,0,2,2.8197956249991667,N,311,0.015267175572519083
398,NH1439,0,0.0,0,0,2.6040388181808334,M,210,0.0
399,NH1440,1,0.00038211692777990065,0,1,2.4855075101008333,M,311,0.007633587786259542
400,NH1441,0,0.0,0,0,2.6845978813138895,N,210,0.0
401,NH1442,1,0.00038211692777990065,0,1,2.690955692424499,M,311,0.007633587786259542
402,NH1443,0,0.0,0,0,2.6812744053033337,M,210,0.0
403,NH1444,1,0.00038211692777990065,0,1,2.7301533333329164,M,300,0.2
404,NH1445,0,0.0,0,0,2.918158560606666,L,210,0.0
405,NH1446,0,0.0,0,0,2.772907863636667,N,210,0.0
406,NH1447,1,0.00038211692777990065,0,1,2.79463993939375,M,300,0.2
407,NH1448,0,0.0,0,0,2.7518247045458337,N,210,0.0
408,NH1449,3,0.0011463507833397019,0,2,2.8542932992424994,L,300,0.2
409,NH1450,4,0.0015284677111196026,0,1,2.755381289925676,J,311,0.030534351145038167
410,NH1451,2,0.0007642338555598013,0,1,3.0433975808080547,J,311,0.015267175572519083
411,NH1452,0,0.0,0,0,3.246185393939722,J,210,0.0
412,NH1454,4,0.0015284677111196026,0,2,2.8213227462112505,L,311,0.022900763358778626
413,NH1455,5,0.0019105846388995033,0,2,2.7748878939404165,N,311,0.030534351145038167
414,NH1456,1,0.00038211692777990065,0,1,2.539858378787917,L,440A,0.005025125628140704
415,NH1457,2,0.0007642338555598013,0,2,2.965334935605833,N,400,0.007692307692307693
416,NH1458,2,0.0007642338555598013,0,2,2.8149711704537497,N,311,0.007633587786259542
417,NH1460,4,0.0015284677111196026,0,1,2.915021795454443,N,311,0.030534351145038167
418,NH1461,0,0.0,0,0,2.707362411616389,L,210,0.0
419,NH1462,0,0.0,0,0,2.6863496919191663,N,210,0.0
420,NH1463,343,0.13106610622850592,0,1,2.520522416666666,L,312,0.7813211845102506
421,NH1464,0,0.0,0,0,2.8710665303020826,N,210,0.0
422,NH1465,1,0.00038211692777990065,0,1,3.1901213409087497,N,400,0.007692307692307693
423,NH1466,2,0.0007642338555598013,0,1,2.797970242424584,N,311,0.015267175572519083
424,NH1467,2,0.0007642338555598013,0,2,2.779368295454374,N,311,0.007633587786259542
425,NH1468,1,0.00038211692777990065,0,1,2.851153931818126,L,440A,0.005025125628140704
426,NH1469,0,0.0,0,0,3.3536392916670836,N,210,0.0
427,NH1469,1,0.00038211692777990065,0,1,3.3536392916670836,N,440A,0.005025125628140704
428,NH1470,1,0.00038211692777990065,0,1,2.9344255719695838,L,311,0.007633587786259542
429,NH1470,2,0.0007642338555598013,0,2,2.9344255719695838,L,311,0.007633587786259542
430,NH1471,1,0.00038211692777990065,0,1,2.700038464015417,N,440A,0.005025125628140704
431,NH1472,1,0.00038211692777990065,0,1,2.871240454544792,L,440A,0.005025125628140704
432,NH1473,1,0.00038211692777990065,0,1,2.8334246988633334,N,440A,0.005025125628140704
433,NH1474,1,0.00038211692777990065,0,1,2.944900195834292,N,440A,0.005025125628140704
434,NH1475,3,0.0011463507833397019,0,3,2.9112718484852085,N,400,0.007692307692307693
435,NH1476,2,0.0007642338555598013,0,2,2.697709937500001,L,311,0.007633587786259542
436,NH1477,0,0.0,0,0,2.8579737840900004,N,210,0.0
437,NH1478,2,0.0007642338555598013,0,1,2.9087390106059994,N,311,0.015267175572519083
438,NH1479,0,0.0,0,0,2.7656549090905553,N,210,0.0
439,NH1480,2,0.0007642338555598013,0,1,2.856577093434167,N,400,0.015384615384615385
440,NH1481,2,0.0007642338555598013,0,1,2.5367798143945834,N,311,0.015267175572519083
441,NH1482,0,0.0,0,0,3.0714249128787503,N,210,0.0
442,NH1483,3,0.0011463507833397019,0,1,3.305119875,J,311,0.022900763358778626
443,NH1484,6,0.0022927015666794038,0,1,3.04554245454625,J,311,0.04580152671755725
444,NH1485,1,0.00038211692777990065,0,1,2.8668407803025,J,311,0.007633587786259542
445,NH1486,1,0.00038211692777990065,0,1,2.9221965719687497,J,311,0.007633587786259542
446,NH1487,0,0.0,0,0,2.7554371666662503,J,210,0.0
447,NH1488,0,0.0,0,0,3.213455666666251,J,210,0.0
448,NH1489,4,0.0015284677111196026,0,1,2.961716594697083,J,311,0.030534351145038167
449,NH1490,1,0.00038211692777990065,0,1,3.205263837121666,J,311,0.007633587786259542
450,NH1491,0,0.0,0,0,2.4046029571968743,N,210,0.0
451,NH1492,0,0.0,0,0,2.7699136931808335,N,210,0.0
452,NH1493,1,0.00038211692777990065,0,1,2.756723655304167,L,311,0.007633587786259542
453,NH1494,1,0.00038211692777990065,0,1,2.8766519621216666,N,400,0.007692307692307693
454,NH1495,1,0.00038211692777990065,0,1,2.5458145189391668,N,311,0.007633587786259542
455,NH1496,0,0.0,0,0,2.794155,N,210,0.0
456,NH1497,0,0.0,0,0,2.7536738371212492,N,210,0.0
457,NH1498,0,0.0,0,0,2.580586496212916,L,210,0.0
458,NH1499,1,0.00038211692777990065,0,1,3.0142012803036105,N,311,0.007633587786259542
459,NH1500,0,0.0,0,0,2.7833541388886114,L,210,0.0
460,NH1501,0,0.0,0,0,3.142547452020001,N,210,0.0
461,NH1502,1,0.00038211692777990065,0,1,2.919967611743666,N,311,0.007633587786259542
462,NH1503,1,0.00038211692777990065,0,1,2.989936401514583,N,311,0.007633587786259542
463,NH1504,1,0.00038211692777990065,0,1,2.7883351439399995,L,311,0.007633587786259542
464,NH1505,2,0.0007642338555598013,0,2,3.096972156565,J,300,0.2
465,NH1506,2,0.0007642338555598013,0,2,2.8570248535352776,J,300,0.2
466,NH1507,6,0.0022927015666794038,0,1,2.773399805556389,J,311,0.04580152671755725
467,NH1508,0,0.0,0,0,2.7506098939383334,N,210,0.0
468,NH1509,5,0.0019105846388995033,0,2,2.7863670681812502,L,311,0.030534351145038167
469,NH1510,1,0.00038211692777990065,0,1,2.82887276894,N,400,0.007692307692307693
470,NH1511,1,0.00038211692777990065,0,1,2.811349795454166,N,311,0.007633587786259542
471,NH1512,3,0.0011463507833397019,0,1,2.5712548257574994,L,311,0.022900763358778626
472,NH1513,2,0.0007642338555598013,0,2,2.8397837083341666,L,400,0.007692307692307693
473,NH1514,0,0.0,0,0,2.848514276515833,L,210,0.0
474,NH1515,0,0.0,0,0,2.855452022727083,L,210,0.0
475,NH1516,2,0.0007642338555598013,0,2,2.918081704544584,N,300,0.2
476,NH1517,0,0.0,0,0,2.7876860757570836,L,210,0.0
477,NH1518,4,0.0015284677111196026,0,1,2.7509270113641673,L,311,0.030534351145038167
478,NH1519,73,0.027894535727932747,0,2,2.9073547348479165,J,312,0.16400911161731208
479,NH1520,73,0.027894535727932747,0,2,2.7224765946977083,J,312,0.16400911161731208
480,NH1521,72,0.027512418800152847,0,1,2.683536670454166,J,312,0.16400911161731208
481,NH1522,78,0.02980512036683225,0,3,2.93052868939375,J,312,0.16400911161731208
482,NH1528,1,0.00038211692777990065,0,1,2.695868310606111,N,311,0.007633587786259542
483,NH1529,1,0.00038211692777990065,0,1,2.8512445277777783,L,311,0.007633587786259542
484,NH1530,0,0.0,0,0,3.0451293030302775,N,210,0.0
485,NH1543,2,0.0007642338555598013,0,1,2.9225200530312496,N,311,0.015267175572519083
486,NH1543,2,0.0007642338555598013,0,1,2.9225200530312496,N,311,0.015267175572519083
487,NH1544,5,0.0019105846388995033,0,1,2.946005458334166,N,311,0.03816793893129771
488,NH1544,6,0.0022927015666794038,0,2,2.946005458334166,N,300,0.2
489,NH1545,4,0.0015284677111196026,0,1,2.5472088636362504,N,311,0.030534351145038167
490,NH1545,4,0.0015284677111196026,0,1,2.5472088636362504,N,311,0.030534351145038167
491,NH1546,1,0.00038211692777990065,0,1,2.8856455378787507,N,400,0.007692307692307693
492,NH1546,1,0.00038211692777990065,0,1,2.8856455378787507,N,400,0.007692307692307693
493,NH1547,1,0.00038211692777990065,0,1,2.8696522222222227,N,311,0.007633587786259542
494,NH1548,1,0.00038211692777990065,0,1,2.752624828283055,L,300,0.2
495,NH1549,1,0.00038211692777990065,0,1,2.7769003611119447,N,311,0.007633587786259542
496,NH1550,1,0.00038211692777990065,0,1,3.04824503409125,J,300,0.2
497,NH1551,0,0.0,0,0,2.9346339166674995,J,210,0.0
498,NH1552,0,0.0,0,0,2.9805125303024997,J,210,0.0
499,NH1553,3,0.0011463507833397019,0,1,3.1458612083337503,J,311,0.022900763358778626
500,NH1554,1,0.00038211692777990065,0,1,3.266245939393751,J,300,0.2
501,NH1555,4,0.0015284677111196026,0,1,3.2611557727279177,J,311,0.030534351145038167
502,NH1556,1,0.00038211692777990065,0,1,3.185668829544583,J,311,0.007633587786259542
503,NH1557,4,0.0015284677111196026,0,1,3.2407133977274993,J,311,0.030534351145038167
504,NH1558,0,0.0,0,0,3.2605349431808333,J,210,0.0
505,NH1559,0,0.0,0,0,3.026218575757916,J,210,0.0
506,NH1560,1,0.00038211692777990065,0,1,2.8437803522733334,J,311,0.007633587786259542
507,NH1561,5,0.0019105846388995033,0,2,2.9154196856066665,J,311,0.030534351145038167
508,NH1562,7,0.0026748184944593045,0,2,2.9867449545445828,J,311,0.04580152671755725
509,NH1563,8,0.003056935422239205,0,2,3.209558715909166,J,311,0.05343511450381679
510,NH1564,1,0.00038211692777990065,0,1,3.3299264583341674,J,311,0.007633587786259542
511,NH1565,2,0.0007642338555598013,0,2,3.0193580075754163,J,400,0.007692307692307693
512,NH1566,1,0.00038211692777990065,0,1,2.8937555492425004,J,311,0.007633587786259542
513,NH1567,4,0.0015284677111196026,0,1,3.4054379431804156,J,311,0.030534351145038167
514,NH1568,1,0.00038211692777990065,0,1,2.873743284090417,J,311,0.007633587786259542
515,NH1569,1,0.00038211692777990065,0,1,3.258172492424584,J,311,0.007633587786259542
516,NH1570,1,0.00038211692777990065,0,1,2.5346034412883336,N,311,0.007633587786259542
517,NH1571,1,0.00038211692777990065,0,1,2.6675930037875,N,300,0.2
518,NH1572,3,0.0011463507833397019,0,1,2.8438639431825004,L,311,0.022900763358778626
519,NH1573,2,0.0007642338555598013,0,1,2.7471295151525,N,311,0.015267175572519083
520,NH1573,3,0.0011463507833397019,0,2,2.7471295151525,N,300,0.2
521,NH1574,0,0.0,0,0,2.7811293674241666,N,210,0.0
522,NH1574,0,0.0,0,0,2.7811293674241666,N,210,0.0
523,NH1575,1,0.00038211692777990065,0,1,2.53008267424125,N,311,0.007633587786259542
524,NH1576,0,0.0,0,0,2.7670094217169448,L,210,0.0
525,NH1577,3,0.0011463507833397019,0,2,2.7140443080811116,N,300,0.4
526,NH1578,0,0.0,0,0,2.928948969696666,L,210,0.0
527,NH1579,2,0.0007642338555598013,0,2,2.998226829545417,J,311,0.007633587786259542
528,NH1581,6,0.0022927015666794038,0,2,2.899883191288333,J,311,0.03816793893129771
529,NH1582,1,0.00038211692777990065,0,1,2.8859325037879158,J,440A,0.005025125628140704
530,NH1583,4,0.0015284677111196026,0,2,3.185311647726667,J,311,0.022900763358778626
531,NH1584,1,0.00038211692777990065,0,1,2.83940724242375,J,440A,0.005025125628140704
532,NH1585,3,0.0011463507833397019,0,2,3.1895223143949996,J,311,0.015267175572519083
533,NH1586,1,0.00038211692777990065,0,1,2.8946791931820837,J,440A,0.005025125628140704
534,NH1587,3,0.0011463507833397019,0,2,2.9320918768935416,J,311,0.015267175572519083
535,NH1588,2,0.0007642338555598013,0,2,3.229330869317708,J,311,0.007633587786259542
536,NH1589,3,0.0011463507833397019,0,2,3.1033055530299998,J,311,0.015267175572519083
537,NH1590,1,0.00038211692777990065,0,1,3.10421795833375,J,440A,0.005025125628140704
538,NH1591,1,0.00038211692777990065,0,1,3.243477958333125,J,440A,0.005025125628140704
539,NH1592,0,0.0,0,0,2.9873053598491666,J,210,0.0
540,NH1593,0,0.0,0,0,3.007452212120417,J,210,0.0
541,NH1594,0,0.0,0,0,2.8696292537883332,J,210,0.0
542,NH1595,1,0.00038211692777990065,0,1,2.847530583332917,J,311,0.007633587786259542
543,NH1596,3,0.0011463507833397019,0,1,2.9677918446975,J,311,0.022900763358778626
544,NH1597,2,0.0007642338555598013,0,1,3.32966174242375,J,311,0.015267175572519083
545,NH1598,0,0.0,0,0,2.583565361110278,L,210,0.0
546,NH1599,1,0.00038211692777990065,0,1,2.7516804595958333,L,311,0.007633587786259542
547,NH1600,1,0.00038211692777990065,0,1,2.8901921085852775,L,311,0.007633587786259542
548,NH1601,1,0.00038211692777990065,0,1,2.679304651514722,L,311,0.007633587786259542
549,NH1602,0,0.0,0,0,2.6095519949491663,N,210,0.0
550,NH1603,0,0.0,0,0,2.4643921868686105,L,210,0.0
551,NH1604,78,0.02980512036683225,0,3,2.894043181817917,L,312,0.16400911161731208
552,NH1605,73,0.027894535727932747,0,2,2.539839329545001,N,312,0.16400911161731208
553,NH1606,73,0.027894535727932747,0,2,2.7267650037887496,N,312,0.16400911161731208
554,NH1607,73,0.027894535727932747,0,2,2.794889651515416,L,312,0.16400911161731208
555,NH1608,77,0.02942300343905235,0,3,2.7100046969695835,N,312,0.16400911161731208
556,NH1609,75,0.02865876958349255,0,3,2.808178026515416,N,312,0.16400911161731208
557,NH1610,2,0.0007642338555598013,0,1,2.4609179873736116,J,311,0.015267175572519083
558,NH1611,0,0.0,0,0,2.5755620909088894,J,210,0.0
559,NH1612,0,0.0,0,0,2.621274502524444,J,210,0.0
560,NH1613,0,0.0,0,0,3.1174297348480544,N,210,0.0
561,NH1614,1,0.00038211692777990065,0,1,2.909926568181389,N,300,0.2
562,NH1615,0,0.0,0,0,2.9249686262625003,N,210,0.0
563,NH1616,1,0.00038211692777990065,0,1,3.038251255681042,N,300,0.2
564,NH1617,4,0.0015284677111196026,0,1,2.737297123106042,N,311,0.030534351145038167
565,NH1619,2,0.0007642338555598013,0,1,2.9540384015145826,N,311,0.015267175572519083
566,NH1620,1,0.00038211692777990065,0,1,2.893701810606112,J,311,0.007633587786259542
567,NH1621,0,0.0,0,0,2.6374142760940753,J,210,0.0
568,NH1622,0,0.0,0,0,2.78111150505,J,210,0.0
569,NH1623,0,0.0,0,0,2.941981262625833,J,210,0.0
570,NH1624,5,0.0019105846388995033,0,1,3.112737872727167,J,311,0.03816793893129771
571,NH1625,0,0.0,0,0,3.022505628787084,J,210,0.0
572,NH1626,1,0.00038211692777990065,0,1,2.6289725101013888,J,440A,0.005025125628140704
573,NH1627,3,0.0011463507833397019,0,2,2.64773330808,J,311,0.015267175572519083
574,NH1628,3,0.0011463507833397019,0,2,2.765108738181733,J,311,0.015267175572519083
575,NH1629,1,0.00038211692777990065,0,1,2.7709344015144453,J,440A,0.005025125628140704
576,NH1630,2,0.0007642338555598013,0,2,2.9784578535355566,J,311,0.007633587786259542
577,NH1631,74,0.028276652655712647,0,2,2.9908430984849996,L,312,0.16400911161731208
578,NH1632,72,0.027512418800152847,0,1,2.9853468585863894,N,312,0.16400911161731208
579,NH1633,75,0.02865876958349255,0,2,3.001783654545001,N,312,0.16400911161731208
580,NH1634,76,0.02904088651127245,0,2,3.1808558661602775,N,312,0.16400911161731208
581,NH1635,72,0.027512418800152847,0,1,2.9771905227274993,L,312,0.16400911161731208
582,NH1636,74,0.028276652655712647,0,2,2.9940467095961107,N,312,0.16400911161731208
583,NH1663,1,0.00038211692777990065,0,1,2.9450829810606245,N,300,0.2
584,NH1664,97,0.037065341994650364,0,1,2.5381910833333334,M,520,0.42920353982300885
585,NH1665,103,0.03935804356132977,0,2,2.4984651515149996,L,520,0.42920353982300885
586,NH1666,218,0.08330149025601834,0,2,3.0737420606058334,M,520,0.9601769911504425
587,NH1667,0,0.0,0,0,2.7702204938575674,J,210,0.0
588,NH1668,0,0.0,0,0,2.9043724090908336,J,210,0.0
589,NH1669,1,0.00038211692777990065,0,1,2.9228999570700003,J,300,0.2
590,NH1671,2,0.0007642338555598013,0,1,2.7723035265154166,L,311,0.015267175572519083
591,NH1672,2,0.0007642338555598013,0,1,2.7109870606066666,L,311,0.015267175572519083
592,NH1682,0,0.0,0,0,2.9118870189395833,O,210,0.0
593,NH1683,1,0.00038211692777990065,0,1,2.8445862613637503,N,311,0.007633587786259542
594,NH1684,2,0.0007642338555598013,0,1,2.8141230492429163,O,311,0.015267175572519083
595,NH1685,3,0.0011463507833397019,0,2,2.9339350757569456,N,311,0.015267175572519083
596,NH1686,2,0.0007642338555598013,0,2,3.1082548999995008,N,311,0.007633587786259542
597,NH1688,1,0.00038211692777990065,0,1,2.848719204545,N,440A,0.005025125628140704
598,NH1689,7,0.0026748184944593045,0,2,3.006316,N,311,0.04580152671755725
599,NH1702,1,0.00038211692777990065,0,1,3.0610138762624994,L,311,0.007633587786259542
600,NH1703,1,0.00038211692777990065,0,1,2.8691397777783334,N,311,0.007633587786259542
601,NH1704,1,0.00038211692777990065,0,1,3.0184068282827776,L,311,0.007633587786259542
602,NH1705,0,0.0,0,0,2.8160141338380558,N,210,0.0
603,NH1706,0,0.0,0,0,2.9392557462116664,N,210,0.0
604,NH1707,0,0.0,0,0,2.8687946666664588,L,210,0.0
605,NH1709,0,0.0,0,0,2.7457053522729167,N,210,0.0
606,NH1710,1,0.00038211692777990065,0,1,2.9376880075758334,N,311,0.007633587786259542
607,NH1711,0,0.0,0,0,3.096050136364167,N,210,0.0
608,NH1712,1,0.00038211692777990065,0,1,2.877750958333749,L,311,0.007633587786259542
609,NH1714,0,0.0,0,0,2.8468540606070833,N,210,0.0
610,NH1716,2,0.0007642338555598013,0,2,2.9423472500008336,N,300,0.2
611,NH1717,1,0.00038211692777990065,0,1,2.772616829545833,L,300,0.2
612,NH1718,4,0.0015284677111196026,0,1,2.5934370416666668,M,311,0.030534351145038167
613,NH1719,4,0.0015284677111196026,0,1,2.8422278863641672,M,311,0.030534351145038167
614,NH1721,2,0.0007642338555598013,0,2,2.8604159356050007,L,300,0.2
615,NH1722,1,0.00038211692777990065,0,1,2.86136358712125,N,311,0.007633587786259542
616,NH1724,5,0.0019105846388995033,0,1,2.983917755049999,O,311,0.03816793893129771
617,NH1725,4,0.0015284677111196026,0,1,3.005704808080278,N,311,0.030534351145038167
618,NH1726,0,0.0,0,0,2.7433783434338888,L,210,0.0
619,NH1727,6,0.0022927015666794038,0,1,3.033899217172222,O,311,0.04580152671755725
620,NH1728,2,0.0007642338555598013,0,1,3.1653335303028323,N,311,0.015267175572519083
621,NH1729,1,0.00038211692777990065,0,1,2.909598431818333,L,311,0.007633587786259542
622,NH1730,1,0.00038211692777990065,0,1,3.09583614015125,O,311,0.007633587786259542
623,NH1731,1,0.00038211692777990065,0,1,2.957467170454167,N,311,0.007633587786259542
624,NH1732,0,0.0,0,0,2.9242628580675003,N,210,0.0
625,NH1733,218,0.08330149025601834,0,2,2.632047236741875,L,520,0.9601769911504425
626,NH1734,101,0.03859380970576996,0,2,3.0625282613649993,N,520,0.42920353982300885
627,NH1744,0,0.0,0,0,2.7187532601002786,N,210,0.0
628,NH1745,0,0.0,0,0,2.559162946969445,L,210,0.0
629,NH1746,0,0.0,0,0,2.9451490631305544,N,210,0.0
630,NH1750,77,0.02942300343905235,0,3,2.993140595959167,N,312,0.16400911161731208
631,NH1752,79,0.030187237294612153,0,2,3.0762563636374995,N,312,0.16400911161731208
632,NH1754,0,0.0,0,0,2.7977523131311104,N,210,0.0
633,NH1755,0,0.0,0,0,2.868438573232777,N,210,0.0
634,NH1757,1,0.00038211692777990065,0,1,2.8736678383836107,N,311,0.007633587786259542
635,NH1758,6,0.0022927015666794038,0,2,2.7538293484841665,N,311,0.03816793893129771
636,NH1765,0,0.0,0,0,3.146891314395417,J,210,0.0
637,NH1766,2,0.0007642338555598013,0,1,2.774261397727083,J,311,0.015267175572519083
638,NH1767,0,0.0,0,0,2.9929210568175,J,210,0.0
639,NH1768,1,0.00038211692777990065,0,1,2.818932253787083,J,311,0.007633587786259542
640,NH1769,1,0.00038211692777990065,0,1,2.9994482575762498,O,311,0.007633587786259542
641,NH1770,0,0.0,0,0,3.0840344545449994,O,210,0.0
642,NH1771,1,0.00038211692777990065,0,1,3.0430837992420834,O,311,0.007633587786259542
643,NH1772,1,0.00038211692777990065,0,1,3.204778238636667,O,311,0.007633587786259542
644,NH1773,0,0.0,0,0,3.0746478371216663,O,210,0.0
645,NH1774,1,0.00038211692777990065,0,1,3.007947106060417,O,311,0.007633587786259542
646,NH1776,76,0.02904088651127245,0,2,2.980085080807223,J,312,0.16400911161731208
647,NH1777,73,0.027894535727932747,0,2,3.01455415909125,J,312,0.16400911161731208
648,NH1778,72,0.027512418800152847,0,1,2.758398689393333,J,312,0.16400911161731208
649,NH1779,74,0.028276652655712647,0,3,2.7614538989908333,J,300,0.2
650,NH1780,72,0.027512418800152847,0,1,2.6930897878783333,J,312,0.16400911161731208
651,NH1781,73,0.027894535727932747,0,2,3.201655295454167,J,300,0.2
652,NH1782,72,0.027512418800152847,0,1,3.008942829544999,J,312,0.16400911161731208
653,NH1783,74,0.028276652655712647,0,2,3.2464855959600003,J,312,0.16400911161731208
654,NH1784,1,0.00038211692777990065,0,1,3.1749845909087493,N,311,0.007633587786259542
655,NH1785,6,0.0022927015666794038,0,1,3.0303871742425006,N,311,0.04580152671755725
656,NH1787,1,0.00038211692777990065,0,1,3.123567117424167,O,311,0.007633587786259542
657,NH1788,2,0.0007642338555598013,0,1,3.068357560605417,O,311,0.015267175572519083
658,NH1789,1,0.00038211692777990065,0,1,2.9286468459597224,J,311,0.007633587786259542
659,NH1790,1,0.00038211692777990065,0,1,2.8337587954544445,J,311,0.007633587786259542
660,NH1791,0,0.0,0,0,3.113605141414166,J,210,0.0
661,NH1792,5,0.0019105846388995033,0,1,2.9300635050505566,J,311,0.03816793893129771
662,NH1793,4,0.0015284677111196026,0,1,2.960229969697221,J,311,0.030534351145038167
663,NH1794,1,0.00038211692777990065,0,1,2.8837655101011124,J,311,0.007633587786259542
664,NH1795,1,0.00038211692777990065,0,1,2.9566671212122224,J,311,0.007633587786259542
665,NH1796,2,0.0007642338555598013,0,1,3.072160527777222,J,311,0.015267175572519083
666,NH1797,5,0.0019105846388995033,0,1,2.849835247475,J,311,0.03816793893129771
667,NH1799,75,0.02865876958349255,0,3,2.8961089031301643,O,300,0.2
668,NH1800,72,0.027512418800152847,0,1,2.9398054747483333,N,312,0.16400911161731208
669,NH1801,73,0.027894535727932747,0,2,2.7769959646461113,M,312,0.16400911161731208
670,NH1802,290,0.1108139090561712,0,3,2.79249957954625,M,520,0.9601769911504425
671,NH1803,290,0.1108139090561712,0,3,2.9375010151520837,N,520,0.9601769911504425
672,NH1804,289,0.11043179212839128,0,2,2.8409999696970827,N,520,0.9601769911504425
673,NH1805,4,0.0015284677111196026,0,1,2.8744327196983335,M,311,0.030534351145038167
674,NH1806,0,0.0,0,0,2.9500520265145838,L,210,0.0
675,NH1807,4,0.0015284677111196026,0,1,2.917260655304167,M,311,0.030534351145038167
676,NH1808,1,0.00038211692777990065,0,1,3.069874257576251,L,311,0.007633587786259542
677,NH1809,1,0.00038211692777990065,0,1,2.9861731515158336,N,300,0.2
678,NH1810,1,0.00038211692777990065,0,1,3.153575530303333,O,311,0.007633587786259542
679,NH1811,0,0.0,0,0,2.871042633838056,J,210,0.0
680,NH1812,1,0.00038211692777990065,0,1,2.8218975429294444,J,311,0.007633587786259542
681,NH1814,2,0.0007642338555598013,0,2,3.083927734847778,N,300,0.2
682,NH1815,0,0.0,0,0,2.989412714646667,M,210,0.0
683,NH1816,4,0.0015284677111196026,0,1,2.8569499621211114,O,311,0.030534351145038167
684,NH1817,5,0.0019105846388995033,0,1,3.2316994898988884,N,311,0.03816793893129771
685,NH1818,4,0.0015284677111196026,0,1,2.880580770201944,O,311,0.030534351145038167
686,NH1819,4,0.0015284677111196026,0,1,2.922420189394166,N,311,0.030534351145038167
687,NH1820,74,0.028276652655712647,0,3,3.049317465908335,N,300,0.2
688,NH1821,73,0.027894535727932747,0,2,2.910305911616388,N,312,0.16400911161731208
689,NH1822,73,0.027894535727932747,0,2,2.9383589368683327,O,312,0.16400911161731208
690,NH1823,77,0.02942300343905235,0,2,3.1580758712116666,O,312,0.16400911161731208
691,NH1824,72,0.027512418800152847,0,1,2.831751537879583,N,312,0.16400911161731208
692,NH1825,72,0.027512418800152847,0,1,2.9999524747463884,J,312,0.16400911161731208
693,NH1826,72,0.027512418800152847,0,1,2.7532827399000004,J,312,0.16400911161731208
694,NH1827,73,0.027894535727932747,0,2,2.753110962121389,J,312,0.16400911161731208
695,NH1828,1,0.00038211692777990065,0,1,2.8586238282833327,O,311,0.007633587786259542
696,NH1829,2,0.0007642338555598013,0,1,2.8647285833333336,O,311,0.015267175572519083
697,NH1830,1,0.00038211692777990065,0,1,3.099469366161389,O,311,0.007633587786259542
698,NH1831,1,0.00038211692777990065,0,1,2.923653117424166,L,311,0.007633587786259542
699,NH1832,2,0.0007642338555598013,0,2,2.6255228674241664,L,300,0.2
700,NH1833,0,0.0,0,0,2.8878988219712505,L,210,0.0
701,NH1834,2,0.0007642338555598013,0,1,2.9990765151516663,L,311,0.015267175572519083
702,NH1835,2,0.0007642338555598013,0,2,1.6142395746208331,O,300,0.2
703,NH1836,0,0.0,0,0,2.9368110719699994,L,210,0.0
704,NH1837,5,0.0019105846388995033,0,1,2.8521571136358332,M,311,0.03816793893129771
705,NH1838,0,0.0,0,0,2.8414712916666662,O,210,0.0
706,NH1839,0,0.0,0,0,2.7466042613633332,N,210,0.0
707,NH1840,72,0.027512418800152847,0,1,2.874379613635833,J,312,0.16400911161731208
708,NH1841,73,0.027894535727932747,0,2,2.8665584999991673,J,312,0.16400911161731208
709,NH1842,75,0.02865876958349255,0,2,2.87035814015125,J,312,0.16400911161731208
710,NH1843,76,0.02904088651127245,0,2,2.7602009621225,N,312,0.16400911161731208
711,NH1844,73,0.027894535727932747,0,2,2.8990067462116658,O,312,0.16400911161731208
712,NH1845,73,0.027894535727932747,0,2,2.8713014015145832,O,312,0.16400911161731208
713,NH1846,1,0.00038211692777990065,0,1,2.6601665732322215,O,311,0.007633587786259542
714,NH1847,1,0.00038211692777990065,0,1,2.6349156792933326,O,311,0.007633587786259542
715,NH1848,3,0.0011463507833397019,0,1,2.5659426136366656,O,311,0.022900763358778626
716,NH1851,2,0.0007642338555598013,0,1,2.747714659090833,O,311,0.015267175572519083
717,NH1852,3,0.0011463507833397019,0,2,2.7962288712124996,O,311,0.015267175572519083
718,NH1853,4,0.0015284677111196026,0,1,2.638273719695417,O,311,0.030534351145038167
719,NH1854,0,0.0,0,0,3.230940229798056,J,210,0.0
720,NH1855,2,0.0007642338555598013,0,1,3.0071051666666664,J,311,0.015267175572519083
721,NH1856,5,0.0019105846388995033,0,1,2.6143279836063944,J,311,0.03816793893129771
722,NH1857,1,0.00038211692777990065,0,1,2.542369007576389,J,311,0.007633587786259542
723,NH1858,2,0.0007642338555598013,0,1,2.962446318182917,J,311,0.015267175572519083
724,NH1859,1,0.00038211692777990065,0,1,2.93402264015125,J,311,0.007633587786259542
725,NH1860,2,0.0007642338555598013,0,1,3.2950815606061115,J,311,0.015267175572519083
726,NH1861,1,0.00038211692777990065,0,1,2.9741623308077783,J,311,0.007633587786259542
727,NH1862,4,0.0015284677111196026,0,2,3.2410290732322222,O,311,0.022900763358778626
728,NH1863,0,0.0,0,0,2.8970417272727773,N,210,0.0
729,NH1864,4,0.0015284677111196026,0,1,2.9720060656563896,O,311,0.030534351145038167
730,NH1865,87,0.03324417271685136,0,3,2.960540078282778,O,312,0.16400911161731208
731,NH1866,83,0.03171570500573175,0,3,2.380365381313055,N,312,0.16400911161731208
732,NH1867,83,0.03171570500573175,0,3,2.8067165050500003,O,312,0.16400911161731208
733,NH1868,0,0.0,0,0,3.0244165656569444,J,210,0.0
734,NH1869,1,0.00038211692777990065,0,1,3.088743020202778,J,311,0.007633587786259542
735,NH1870,0,0.0,0,0,2.7013262929288895,J,210,0.0
736,NH1871,0,0.0,0,0,2.854200143939445,J,210,0.0
737,NH1872,0,0.0,0,0,2.942174520202223,J,210,0.0
738,NH1873,1,0.00038211692777990065,0,1,3.0056338358586103,J,311,0.007633587786259542
739,NH1874,5,0.0019105846388995033,0,1,2.994959267676389,M,311,0.03816793893129771
740,NH1875,2,0.0007642338555598013,0,2,2.9547060252525004,O,300,0.2
741,NH1876,2,0.0007642338555598013,0,2,2.9141102474752776,N,300,0.2
742,NH1877,2,0.0007642338555598013,0,2,2.7871418661619445,M,300,0.2
743,NH1878,2,0.0007642338555598013,0,1,2.881115969696111,N,311,0.015267175572519083
744,NH1879,0,0.0,0,0,2.7095501969699995,M,210,0.0
745,NH1880,73,0.027894535727932747,0,2,2.8977145909094437,L,312,0.16400911161731208
746,NH1881,77,0.02942300343905235,0,3,3.0694516515147225,O,312,0.16400911161731208
747,NH1882,74,0.028276652655712647,0,3,3.1094892235862153,L,300,0.2
748,NH1883,74,0.028276652655712647,0,3,3.145264628787778,O,312,0.16400911161731208
749,NH1884,74,0.028276652655712647,0,3,3.180182585858889,L,312,0.16400911161731208
750,NH1885,73,0.027894535727932747,0,2,3.093912742424167,O,312,0.16400911161731208
751,NH1886,3,0.0011463507833397019,0,2,2.939886005050278,M,311,0.015267175572519083
752,NH1887,2,0.0007642338555598013,0,1,2.731580166666667,O,311,0.015267175572519083
753,NH1888,2,0.0007642338555598013,0,1,2.8290362626252783,L,311,0.015267175572519083
754,NH1889,0,0.0,0,0,2.7347963308080554,J,210,0.0
755,NH1890,3,0.0011463507833397019,0,1,2.724288702020557,J,311,0.022900763358778626
756,NH1891,1,0.00038211692777990065,0,1,2.8633116767680553,J,300,0.2
757,NH1892,4,0.0015284677111196026,0,3,2.857573138888055,N,300,0.2
758,NH1893,2,0.0007642338555598013,0,2,2.7234406489902776,M,300,0.2
759,NH1894,2,0.0007642338555598013,0,2,3.029373813131944,O,311,0.007633587786259542
760,NH1895,73,0.027894535727932747,0,2,2.993994939392917,M,312,0.16400911161731208
761,NH1896,76,0.02904088651127245,0,2,3.098168814394583,L,312,0.16400911161731208
762,NH1897,72,0.027512418800152847,0,1,3.4524270227275,O,312,0.16400911161731208
763,NH1898,72,0.027512418800152847,0,1,2.9688397462108327,M,312,0.16400911161731208
764,NH1899,72,0.027512418800152847,0,1,3.144453011363333,O,312,0.16400911161731208
765,NH1900,73,0.027894535727932747,0,2,2.9686246174241666,M,312,0.16400911161731208
766,NH1901,75,0.02865876958349255,0,3,3.157630246211667,O,312,0.16400911161731208
767,NH1902,74,0.028276652655712647,0,3,3.051669253787917,L,312,0.16400911161731208
768,NH1903,77,0.02942300343905235,0,2,3.0322009696975005,L,312,0.16400911161731208
769,NH1904,1,0.00038211692777990065,0,1,2.7241102272730555,M,440A,0.005025125628140704
770,NH1905,2,0.0007642338555598013,0,2,2.746016212121389,L,300,0.2
771,NH1906,74,0.028276652655712647,0,3,2.7964260378791668,J,312,0.16400911161731208
772,NH1912,0,0.0,0,0,2.5437110277763884,N,210,0.0
773,NH1913,1,0.00038211692777990065,0,1,2.746056801515166,L,311,0.007633587786259542
774,NH1914,0,0.0,0,0,2.5260578863641667,O,210,0.0
775,NH1915,2,0.0007642338555598013,0,1,2.79499519318125,L,311,0.015267175572519083
776,NH1915,2,0.0007642338555598013,0,1,2.79499519318125,N,311,0.015267175572519083
777,NH1916,0,0.0,0,0,2.4743899356062498,L,210,0.0
778,NH1918,73,0.027894535727932747,0,2,3.1180686818183343,J,312,0.16400911161731208
779,NH1919,73,0.027894535727932747,0,2,3.080316560607499,J,312,0.16400911161731208
780,NH1920,74,0.028276652655712647,0,3,3.074781935605833,J,312,0.16400911161731208
781,NH1921,73,0.027894535727932747,0,2,3.0350634280308326,J,312,0.16400911161731208
782,NH1922,73,0.027894535727932747,0,2,3.0634608787883337,J,312,0.16400911161731208
783,NH1923,73,0.027894535727932747,0,2,3.1264781780304163,J,312,0.16400911161731208
784,NH1924,73,0.027894535727932747,0,2,3.056521689394167,J,312,0.16400911161731208
785,NH1925,74,0.028276652655712647,0,3,3.265213636364166,J,312,0.16400911161731208
786,NH1926,74,0.028276652655712647,0,3,3.3058413598475007,J,300,0.2
787,NH1927,2,0.0007642338555598013,0,2,2.8397461098491656,J,311,0.007633587786259542
788,NH1928,3,0.0011463507833397019,0,2,2.5245502537879165,J,300,0.4
789,NH1929,1,0.00038211692777990065,0,1,2.7255756818183334,J,440A,0.005025125628140704
790,NH1930,2,0.0007642338555598013,0,2,2.7980310681816665,J,300,0.2
791,NH1934,74,0.028276652655712647,0,3,2.8276744242425,L,312,0.16400911161731208
792,NH1935,79,0.030187237294612153,0,3,2.9520165227275004,O,312,0.16400911161731208
793,NH1936,74,0.028276652655712647,0,3,2.8923221287880567,L,312,0.16400911161731208
794,NH1937,3,0.0011463507833397019,0,2,2.6368848844695836,L,311,0.015267175572519083
795,NH1938,2,0.0007642338555598013,0,2,2.5318498636364577,N,311,0.007633587786259542
796,NH1939,2,0.0007642338555598013,0,2,2.74553563447,L,311,0.007633587786259542
797,NH1940,2,0.0007642338555598013,0,2,2.7288744848485424,N,311,0.007633587786259542
798,NH1941,1,0.00038211692777990065,0,1,2.890727479167292,L,440A,0.005025125628140704
799,NH1942,3,0.0011463507833397019,0,2,2.826486689394166,N,311,0.015267175572519083
